# Blender 4.4.3
# www.blender.org
G NewironFenceSectionNEW
mtllib ironFenceSectionNEW.mtl
o mesh82
v -0.485507 0.012700 0.560842
v -0.510907 0.012700 0.560842
v -0.510907 0.012700 0.623032
v -0.485507 0.012700 0.623032
v 0.893459 -0.191474 -0.638808
v -0.681341 -0.191474 -0.638808
v -0.681341 0.191474 -0.638808
v 0.893459 0.191474 -0.638808
v -0.681341 0.191474 -0.638808
v 0.893459 0.191474 -0.638808
v -0.681341 0.191474 -0.531627
v 0.893459 0.191474 -0.531627
v -0.681341 0.038100 0.758122
v -0.681341 -0.038100 0.758122
v -0.605141 0.038100 0.758122
v -0.605141 -0.038100 0.758122
v -0.296785 -0.012700 0.560842
v -0.271385 -0.012700 0.560842
v -0.296785 -0.012700 0.623032
v -0.271385 -0.012700 0.623032
v -0.271385 0.012700 0.560842
v -0.296785 0.012700 0.560842
v -0.296785 0.012700 0.623032
v -0.271385 0.012700 0.623032
v -0.271385 0.012700 0.560842
v -0.271385 -0.012700 0.560842
v -0.271385 -0.012700 0.623032
v -0.271385 0.012700 0.623032
v -0.271385 -0.012700 0.623032
v -0.271385 0.012700 0.623032
v -0.164451 0.012700 0.560842
v -0.164451 -0.012700 0.560842
v -0.164451 0.012700 0.673832
v -0.164451 -0.012700 0.673832
v -0.164451 0.012700 0.673832
v -0.164451 -0.012700 0.673832
v -0.605141 -0.038100 -0.461078
v -0.605141 0.038100 -0.461078
v -0.605141 0.038100 0.758122
v -0.605141 -0.038100 0.758122
v -0.605141 0.025400 0.287360
v -0.605141 -0.019050 0.287360
v -0.605141 -0.019050 -0.212997
v -0.605141 0.025400 -0.212997
v -0.605141 -0.025400 -0.212997
v -0.605141 0.025400 0.338160
v -0.605141 0.025400 0.510042
v -0.605141 -0.025400 0.338160
v -0.605141 -0.019050 0.338160
v -0.605141 0.025400 0.560842
v -0.605141 -0.019050 0.560842
v -0.605141 -0.025400 0.560842
v -0.605141 -0.025400 0.510042
v -0.605141 -0.025400 0.287360
v -0.605141 -0.019050 0.510042
v -0.605141 0.025400 -0.263797
v -0.605141 -0.025400 -0.263797
v -0.605141 -0.019050 -0.263797
v -0.189851 -0.012700 0.560842
v -0.164451 -0.012700 0.560842
v -0.164451 -0.012700 0.673832
v -0.189851 -0.012700 0.673832
v -0.164451 0.012700 0.560842
v -0.189851 0.012700 0.560842
v -0.164451 0.012700 0.673832
v -0.189851 0.012700 0.673832
v -0.189851 -0.012700 0.673832
v -0.189851 0.012700 0.673832
v -0.189851 0.012700 0.560842
v -0.189851 -0.012700 0.560842
v -0.189851 -0.012700 0.673832
v -0.189851 0.012700 0.673832
v -0.082663 0.012700 0.560842
v -0.082663 -0.012700 0.560842
v -0.082663 0.012700 0.623032
v -0.082663 -0.012700 0.623032
v -0.082663 0.012700 0.623032
v -0.082663 -0.012700 0.623032
v -0.605141 0.025400 0.510042
v -0.605141 0.025400 0.560842
v 0.893459 0.025400 0.510042
v 0.732929 0.025400 0.510042
v 0.732929 0.025400 0.560842
v 0.625869 0.025400 0.560842
v 0.625869 0.025400 0.510042
v 0.518809 0.025400 0.510042
v 0.518809 0.025400 0.560842
v 0.411749 0.025400 0.560842
v 0.411749 0.025400 0.510042
v 0.304687 0.025400 0.510042
v 0.304687 0.025400 0.560842
v 0.197626 0.025400 0.560842
v 0.197626 0.025400 0.510042
v 0.090565 0.025400 0.510042
v 0.090565 0.025400 0.560842
v -0.123557 0.025400 0.560842
v -0.123557 0.025400 0.510042
v -0.230618 0.025400 0.560842
v -0.230618 0.025400 0.510042
v -0.337679 0.025400 0.510042
v -0.337679 0.025400 0.560842
v -0.444740 0.025400 0.560842
v -0.444740 0.025400 0.510042
v -0.558024 0.025400 0.560842
v -0.558024 0.025400 0.510042
v 0.893459 0.025400 0.560842
v -0.057263 -0.012700 0.560842
v -0.082663 -0.012700 0.560842
v -0.082663 -0.012700 0.623032
v -0.057263 -0.012700 0.623032
v -0.057263 0.012700 0.560842
v -0.082663 0.012700 0.560842
v -0.082663 0.012700 0.623032
v -0.057263 0.012700 0.623032
v -0.057263 0.012700 0.560842
v -0.057263 -0.012700 0.560842
v -0.057263 -0.012700 0.623032
v -0.057263 0.012700 0.623032
v -0.057263 -0.012700 0.623032
v -0.057263 0.012700 0.623032
v 0.049671 0.012700 0.560842
v 0.049671 -0.012700 0.560842
v 0.049671 0.012700 0.673832
v 0.049671 -0.012700 0.673832
v 0.049671 0.012700 0.673832
v 0.049671 -0.012700 0.673832
v 0.893459 0.025400 0.510042
v 0.893459 0.025400 0.560842
v 0.893459 -0.019050 0.560842
v 0.893459 -0.019050 0.510042
v 0.893459 -0.025400 0.510042
v 0.893459 -0.025400 0.560842
v 0.024271 -0.012700 0.560842
v 0.049671 -0.012700 0.560842
v 0.049671 -0.012700 0.673832
v 0.024271 -0.012700 0.673832
v 0.049671 0.012700 0.560842
v 0.024271 0.012700 0.560842
v 0.049671 0.012700 0.673832
v 0.024271 0.012700 0.673832
v 0.024271 -0.012700 0.673832
v 0.024271 0.012700 0.673832
v 0.024271 0.012700 0.560842
v 0.024271 -0.012700 0.560842
v 0.024271 -0.012700 0.673832
v 0.024271 0.012700 0.673832
v 0.131459 0.012700 0.560842
v 0.131459 -0.012700 0.560842
v 0.131459 0.012700 0.623032
v 0.131459 -0.012700 0.623032
v 0.131459 0.012700 0.623032
v 0.131459 -0.012700 0.623032
v -0.605141 -0.025400 0.560842
v -0.605141 -0.025400 0.510042
v 0.893459 -0.025400 0.510042
v 0.893459 -0.025400 0.560842
v -0.558024 -0.025400 0.510042
v -0.558024 -0.025400 0.560842
v -0.444740 -0.025400 0.560842
v -0.444740 -0.025400 0.510042
v -0.337679 -0.025400 0.510042
v -0.337679 -0.025400 0.560842
v -0.230618 -0.025400 0.510042
v -0.230618 -0.025400 0.560842
v -0.123557 -0.025400 0.510042
v -0.123557 -0.025400 0.560842
v 0.090565 -0.025400 0.510042
v 0.090565 -0.025400 0.560842
v 0.197626 -0.025400 0.510042
v 0.197626 -0.025400 0.560842
v 0.304687 -0.025400 0.510042
v 0.304687 -0.025400 0.560842
v 0.411749 -0.025400 0.510042
v 0.411749 -0.025400 0.560842
v 0.518809 -0.025400 0.510042
v 0.518809 -0.025400 0.560842
v 0.625869 -0.025400 0.510042
v 0.625869 -0.025400 0.560842
v 0.732929 -0.025400 0.510042
v 0.732929 -0.025400 0.560842
v 0.131459 -0.012700 0.560842
v 0.156859 -0.012700 0.560842
v 0.131459 -0.012700 0.623032
v 0.156859 -0.012700 0.623032
v 0.156859 0.012700 0.560842
v 0.131459 0.012700 0.560842
v 0.131459 0.012700 0.623032
v 0.156859 0.012700 0.623032
v 0.156859 0.012700 0.560842
v 0.156859 -0.012700 0.560842
v 0.156859 -0.012700 0.623032
v 0.156859 0.012700 0.623032
v 0.156859 -0.012700 0.623032
v 0.156859 0.012700 0.623032
v 0.263793 0.012700 0.560842
v 0.263793 -0.012700 0.560842
v 0.263793 0.012700 0.673832
v 0.263793 -0.012700 0.673832
v 0.263793 0.012700 0.673832
v 0.263793 -0.012700 0.673832
v -0.605141 -0.025400 0.338160
v -0.605141 -0.025400 0.287360
v -0.558024 -0.025400 0.287360
v -0.558024 -0.025400 0.338160
v -0.444740 -0.025400 0.338160
v -0.444740 -0.025400 0.287360
v -0.337679 -0.025400 0.287360
v -0.337679 -0.025400 0.338160
v -0.230618 -0.025400 0.287360
v -0.230618 -0.025400 0.338160
v -0.123557 -0.025400 0.287360
v -0.123557 -0.025400 0.338160
v 0.090565 -0.025400 0.287360
v 0.090565 -0.025400 0.338160
v 0.197626 -0.025400 0.287360
v 0.197626 -0.025400 0.338160
v 0.304687 -0.025400 0.287360
v 0.304687 -0.025400 0.338160
v 0.411749 -0.025400 0.287360
v 0.411749 -0.025400 0.338160
v 0.518809 -0.025400 0.287360
v 0.518809 -0.025400 0.338160
v 0.625869 -0.025400 0.287360
v 0.625869 -0.025400 0.338160
v 0.732929 -0.025400 0.287360
v 0.732929 -0.025400 0.338160
v 0.893459 -0.025400 0.287360
v 0.893459 -0.025400 0.338160
v 0.238393 -0.012700 0.560842
v 0.263793 -0.012700 0.560842
v 0.263793 -0.012700 0.673832
v 0.238393 -0.012700 0.673832
v 0.263793 0.012700 0.560842
v 0.238393 0.012700 0.560842
v 0.263793 0.012700 0.673832
v 0.238393 0.012700 0.673832
v 0.238393 -0.012700 0.673832
v 0.238393 0.012700 0.673832
v 0.238393 0.012700 0.560842
v 0.238393 -0.012700 0.560842
v 0.238393 -0.012700 0.673832
v 0.238393 0.012700 0.673832
v 0.345579 0.012700 0.560842
v 0.345579 -0.012700 0.560842
v 0.345579 0.012700 0.623032
v 0.345579 -0.012700 0.623032
v 0.345579 0.012700 0.623032
v 0.345579 -0.012700 0.623032
v 0.893459 -0.025400 0.287360
v 0.893459 -0.025400 0.338160
v 0.893459 -0.019050 0.287360
v 0.893459 -0.019050 0.338160
v 0.893459 0.025400 0.338160
v 0.893459 0.025400 0.287360
v 0.345579 -0.012700 0.560842
v 0.370979 -0.012700 0.560842
v 0.345579 -0.012700 0.623032
v 0.370979 -0.012700 0.623032
v 0.370979 0.012700 0.560842
v 0.345579 0.012700 0.560842
v 0.345579 0.012700 0.623032
v 0.370979 0.012700 0.623032
v 0.370979 0.012700 0.560842
v 0.370979 -0.012700 0.560842
v 0.370979 -0.012700 0.623032
v 0.370979 0.012700 0.623032
v 0.370979 -0.012700 0.623032
v 0.370979 0.012700 0.623032
v 0.477919 0.012700 0.560842
v 0.477919 -0.012700 0.560842
v 0.477919 0.012700 0.673832
v 0.477919 -0.012700 0.673832
v 0.477919 0.012700 0.673832
v 0.477919 -0.012700 0.673832
v -0.605141 0.025400 0.287360
v -0.605141 0.025400 0.338160
v 0.893459 0.025400 0.338160
v 0.893459 0.025400 0.287360
v 0.732929 0.025400 0.287360
v 0.732929 0.025400 0.338160
v 0.625869 0.025400 0.338160
v 0.625869 0.025400 0.287360
v 0.518809 0.025400 0.287360
v 0.518809 0.025400 0.338160
v 0.411749 0.025400 0.338160
v 0.411749 0.025400 0.287360
v 0.304687 0.025400 0.287360
v 0.304687 0.025400 0.338160
v 0.197626 0.025400 0.338160
v 0.197626 0.025400 0.287360
v 0.090565 0.025400 0.287360
v 0.090565 0.025400 0.338160
v -0.123557 0.025400 0.338160
v -0.123557 0.025400 0.287360
v -0.230618 0.025400 0.338160
v -0.230618 0.025400 0.287360
v -0.337679 0.025400 0.287360
v -0.337679 0.025400 0.338160
v -0.444740 0.025400 0.338160
v -0.444740 0.025400 0.287360
v -0.558024 0.025400 0.338160
v -0.558024 0.025400 0.287360
v 0.452519 -0.012700 0.560842
v 0.477919 -0.012700 0.560842
v 0.477919 -0.012700 0.673832
v 0.452519 -0.012700 0.673832
v 0.477919 0.012700 0.560842
v 0.452519 0.012700 0.560842
v 0.477919 0.012700 0.673832
v 0.452519 0.012700 0.673832
v 0.452519 -0.012700 0.673832
v 0.452519 0.012700 0.673832
v 0.452519 0.012700 0.560842
v 0.452519 -0.012700 0.560842
v 0.452519 -0.012700 0.673832
v 0.452519 0.012700 0.673832
v 0.559699 0.012700 0.560842
v 0.559699 -0.012700 0.560842
v 0.559699 0.012700 0.623032
v 0.559699 -0.012700 0.623032
v 0.559699 0.012700 0.623032
v 0.559699 -0.012700 0.623032
v -0.605141 0.025400 -0.212997
v -0.605141 0.025400 -0.263797
v 0.893459 0.025400 -0.263797
v 0.732929 0.025400 -0.263797
v 0.732929 0.025400 -0.212997
v 0.625869 0.025400 -0.212997
v 0.625869 0.025400 -0.263797
v 0.518809 0.025400 -0.263797
v 0.518809 0.025400 -0.212997
v 0.411749 0.025400 -0.212997
v 0.411749 0.025400 -0.263797
v 0.304687 0.025400 -0.263797
v 0.304687 0.025400 -0.212997
v 0.197626 0.025400 -0.212997
v 0.197626 0.025400 -0.263797
v 0.090565 0.025400 -0.263797
v 0.090565 0.025400 -0.212997
v -0.123557 0.025400 -0.212997
v -0.123557 0.025400 -0.263797
v -0.230618 0.025400 -0.212997
v -0.230618 0.025400 -0.263797
v -0.337679 0.025400 -0.263797
v -0.337679 0.025400 -0.212997
v -0.444740 0.025400 -0.212997
v -0.444740 0.025400 -0.263797
v -0.558024 0.025400 -0.212997
v -0.558024 0.025400 -0.263797
v 0.893459 0.025400 -0.212997
v 0.559699 -0.012700 0.560842
v 0.585099 -0.012700 0.560842
v 0.559699 -0.012700 0.623032
v 0.585099 -0.012700 0.623032
v 0.585099 0.012700 0.560842
v 0.559699 0.012700 0.560842
v 0.559699 0.012700 0.623032
v 0.585099 0.012700 0.623032
v 0.585099 0.012700 0.560842
v 0.585099 -0.012700 0.560842
v 0.585099 -0.012700 0.623032
v 0.585099 0.012700 0.623032
v 0.585099 -0.012700 0.623032
v 0.585099 0.012700 0.623032
v 0.692039 0.012700 0.560842
v 0.692039 -0.012700 0.560842
v 0.692039 0.012700 0.673832
v 0.692039 -0.012700 0.673832
v 0.692039 0.012700 0.673832
v 0.692039 -0.012700 0.673832
v 0.893459 0.025400 -0.263797
v 0.893459 0.025400 -0.212997
v 0.893459 -0.019050 -0.212997
v 0.893459 -0.019050 -0.263797
v 0.893459 -0.025400 -0.263797
v 0.893459 -0.025400 -0.212997
v 0.666639 -0.012700 0.560842
v 0.692039 -0.012700 0.560842
v 0.692039 -0.012700 0.673832
v 0.666639 -0.012700 0.673832
v 0.692039 0.012700 0.560842
v 0.666639 0.012700 0.560842
v 0.692039 0.012700 0.673832
v 0.666639 0.012700 0.673832
v 0.666639 -0.012700 0.673832
v 0.666639 0.012700 0.673832
v 0.666639 0.012700 0.560842
v 0.666639 -0.012700 0.560842
v 0.666639 -0.012700 0.673832
v 0.666639 0.012700 0.673832
v 0.773829 0.012700 0.560842
v 0.773829 -0.012700 0.560842
v 0.773829 0.012700 0.623032
v 0.773829 -0.012700 0.623032
v 0.773829 0.012700 0.623032
v 0.773829 -0.012700 0.623032
v 0.773829 0.012700 0.623032
v 0.773829 -0.012700 0.623032
v -0.681341 0.191474 -0.531627
v 0.893459 0.191474 -0.531627
v -0.681341 0.115473 -0.461078
v 0.893459 0.115473 -0.461078
v -0.605141 -0.025400 -0.212997
v -0.605141 -0.025400 -0.263797
v 0.893459 -0.025400 -0.263797
v 0.893459 -0.025400 -0.212997
v -0.558024 -0.025400 -0.263797
v -0.558024 -0.025400 -0.212997
v -0.444740 -0.025400 -0.212997
v -0.444740 -0.025400 -0.263797
v -0.337679 -0.025400 -0.263797
v -0.337679 -0.025400 -0.212997
v -0.230618 -0.025400 -0.263797
v -0.230618 -0.025400 -0.212997
v -0.123557 -0.025400 -0.263797
v -0.123557 -0.025400 -0.212997
v 0.090565 -0.025400 -0.263797
v 0.090565 -0.025400 -0.212997
v 0.197626 -0.025400 -0.263797
v 0.197626 -0.025400 -0.212997
v 0.304687 -0.025400 -0.263797
v 0.304687 -0.025400 -0.212997
v 0.411749 -0.025400 -0.263797
v 0.411749 -0.025400 -0.212997
v 0.518809 -0.025400 -0.263797
v 0.518809 -0.025400 -0.212997
v 0.625869 -0.025400 -0.263797
v 0.625869 -0.025400 -0.212997
v 0.732929 -0.025400 -0.263797
v 0.732929 -0.025400 -0.212997
v 0.799229 0.012700 0.560842
v 0.799229 -0.012700 0.560842
v 0.799229 0.012700 0.623032
v 0.799229 -0.012700 0.623032
v 0.799229 0.012700 0.623032
v 0.799229 -0.012700 0.623032
v 0.773829 -0.012700 0.560842
v 0.799229 -0.012700 0.560842
v 0.773829 -0.012700 0.623032
v 0.799229 -0.012700 0.623032
v 0.799229 0.012700 0.560842
v 0.773829 0.012700 0.560842
v 0.773829 0.012700 0.623032
v 0.799229 0.012700 0.623032
v 0.799229 0.012700 0.623032
v 0.799229 -0.012700 0.623032
v -0.605141 0.025400 0.287360
v -0.605141 -0.019050 0.287360
v -0.605141 -0.025400 0.287360
v -0.558024 -0.025400 0.287360
v -0.444740 -0.025400 0.287360
v -0.337679 -0.025400 0.287360
v -0.230618 -0.025400 0.287360
v -0.123557 -0.025400 0.287360
v 0.090565 -0.025400 0.287360
v 0.197626 -0.025400 0.287360
v 0.304687 -0.025400 0.287360
v 0.411749 -0.025400 0.287360
v 0.518809 -0.025400 0.287360
v 0.625869 -0.025400 0.287360
v 0.732929 -0.025400 0.287360
v 0.893459 -0.025400 0.287360
v 0.893459 -0.019050 0.287360
v 0.893459 0.025400 0.287360
v 0.732929 0.025400 0.287360
v 0.625869 0.025400 0.287360
v 0.518809 0.025400 0.287360
v 0.411749 0.025400 0.287360
v 0.304687 0.025400 0.287360
v 0.197626 0.025400 0.287360
v 0.090565 0.025400 0.287360
v -0.123557 0.025400 0.287360
v -0.230618 0.025400 0.287360
v -0.337679 0.025400 0.287360
v -0.444740 0.025400 0.287360
v -0.558024 0.025400 0.287360
v -0.485507 0.012700 0.287360
v -0.510907 0.012700 0.287360
v -0.485507 -0.012700 0.287360
v -0.510907 -0.012700 0.287360
v -0.378573 0.012700 0.287360
v -0.378573 -0.012700 0.287360
v -0.403973 -0.012700 0.287360
v -0.403973 0.012700 0.287360
v -0.271385 0.012700 0.287360
v -0.296785 0.012700 0.287360
v -0.271385 -0.012700 0.287360
v -0.296785 -0.012700 0.287360
v -0.164451 0.012700 0.287360
v -0.164451 -0.012700 0.287360
v -0.189851 -0.012700 0.287360
v -0.189851 0.012700 0.287360
v 0.049671 0.012700 0.287360
v 0.024271 0.012700 0.287360
v -0.057263 0.012700 0.287360
v -0.057263 -0.012700 0.287360
v 0.049671 -0.012700 0.287360
v -0.082663 -0.012700 0.287360
v 0.024271 -0.012700 0.287360
v -0.082663 0.012700 0.287360
v 0.156859 0.012700 0.287360
v 0.131459 0.012700 0.287360
v 0.156859 -0.012700 0.287360
v 0.131459 -0.012700 0.287360
v 0.263793 0.012700 0.287360
v 0.263793 -0.012700 0.287360
v 0.238393 -0.012700 0.287360
v 0.238393 0.012700 0.287360
v 0.370979 0.012700 0.287360
v 0.345579 0.012700 0.287360
v 0.370979 -0.012700 0.287360
v 0.345579 -0.012700 0.287360
v 0.477919 0.012700 0.287360
v 0.477919 -0.012700 0.287360
v 0.452519 -0.012700 0.287360
v 0.452519 0.012700 0.287360
v 0.585099 0.012700 0.287360
v 0.559699 0.012700 0.287360
v 0.585099 -0.012700 0.287360
v 0.559699 -0.012700 0.287360
v 0.692039 0.012700 0.287360
v 0.692039 -0.012700 0.287360
v 0.666639 -0.012700 0.287360
v 0.666639 0.012700 0.287360
v 0.799229 0.012700 0.287360
v 0.799229 -0.012700 0.287360
v 0.773829 -0.012700 0.287360
v 0.773829 0.012700 0.287360
v -0.558024 -0.019050 0.287360
v -0.444740 -0.019050 0.287360
v -0.337679 -0.019050 0.287360
v -0.230618 -0.019050 0.287360
v -0.123557 -0.019050 0.287360
v 0.090565 -0.019050 0.287360
v 0.197626 -0.019050 0.287360
v 0.304687 -0.019050 0.287360
v 0.411749 -0.019050 0.287360
v 0.518809 -0.019050 0.287360
v 0.625869 -0.019050 0.287360
v 0.732929 -0.019050 0.287360
v -0.605141 -0.019050 -0.212997
v -0.605141 0.025400 -0.212997
v -0.605141 -0.025400 -0.212997
v 0.732929 0.025400 -0.212997
v 0.625869 0.025400 -0.212997
v 0.518809 0.025400 -0.212997
v 0.411749 0.025400 -0.212997
v 0.304687 0.025400 -0.212997
v 0.197626 0.025400 -0.212997
v 0.090565 0.025400 -0.212997
v -0.123557 0.025400 -0.212997
v -0.230618 0.025400 -0.212997
v -0.337679 0.025400 -0.212997
v -0.444740 0.025400 -0.212997
v -0.558024 0.025400 -0.212997
v 0.893459 0.025400 -0.212997
v 0.893459 -0.019050 -0.212997
v 0.893459 -0.025400 -0.212997
v -0.558024 -0.025400 -0.212997
v -0.444740 -0.025400 -0.212997
v -0.337679 -0.025400 -0.212997
v -0.230618 -0.025400 -0.212997
v -0.123557 -0.025400 -0.212997
v 0.090565 -0.025400 -0.212997
v 0.197626 -0.025400 -0.212997
v 0.304687 -0.025400 -0.212997
v 0.411749 -0.025400 -0.212997
v 0.518809 -0.025400 -0.212997
v 0.625869 -0.025400 -0.212997
v 0.732929 -0.025400 -0.212997
v -0.485507 0.012700 -0.212997
v -0.510907 0.012700 -0.212997
v -0.510907 -0.012700 -0.212997
v -0.485507 -0.012700 -0.212997
v -0.378573 0.012700 -0.212997
v -0.403973 0.012700 -0.212997
v -0.403973 -0.012700 -0.212997
v -0.378573 -0.012700 -0.212997
v -0.271385 0.012700 -0.212997
v -0.296785 0.012700 -0.212997
v -0.296785 -0.012700 -0.212997
v -0.271385 -0.012700 -0.212997
v -0.164451 0.012700 -0.212997
v -0.189851 0.012700 -0.212997
v -0.189851 -0.012700 -0.212997
v -0.164451 -0.012700 -0.212997
v 0.049671 0.012700 -0.212997
v -0.057263 0.012700 -0.212997
v 0.024271 0.012700 -0.212997
v 0.024271 -0.012700 -0.212997
v -0.057263 -0.012700 -0.212997
v 0.049671 -0.012700 -0.212997
v -0.082663 0.012700 -0.212997
v -0.082663 -0.012700 -0.212997
v 0.156859 0.012700 -0.212997
v 0.131459 0.012700 -0.212997
v 0.131459 -0.012700 -0.212997
v 0.156859 -0.012700 -0.212997
v 0.263793 0.012700 -0.212997
v 0.238393 0.012700 -0.212997
v 0.238393 -0.012700 -0.212997
v 0.263793 -0.012700 -0.212997
v 0.370979 0.012700 -0.212997
v 0.345579 0.012700 -0.212997
v 0.345579 -0.012700 -0.212997
v 0.370979 -0.012700 -0.212997
v 0.477919 0.012700 -0.212997
v 0.452519 0.012700 -0.212997
v 0.452519 -0.012700 -0.212997
v 0.477919 -0.012700 -0.212997
v 0.585099 0.012700 -0.212997
v 0.559699 0.012700 -0.212997
v 0.559699 -0.012700 -0.212997
v 0.585099 -0.012700 -0.212997
v 0.692039 0.012700 -0.212997
v 0.666639 0.012700 -0.212997
v 0.666639 -0.012700 -0.212997
v 0.692039 -0.012700 -0.212997
v 0.799229 0.012700 -0.212997
v 0.773829 0.012700 -0.212997
v 0.773829 -0.012700 -0.212997
v 0.799229 -0.012700 -0.212997
v -0.558024 -0.019050 -0.212997
v -0.444740 -0.019050 -0.212997
v -0.337679 -0.019050 -0.212997
v -0.230618 -0.019050 -0.212997
v -0.123557 -0.019050 -0.212997
v 0.090565 -0.019050 -0.212997
v 0.197626 -0.019050 -0.212997
v 0.304687 -0.019050 -0.212997
v 0.411749 -0.019050 -0.212997
v 0.518809 -0.019050 -0.212997
v 0.625869 -0.019050 -0.212997
v 0.732929 -0.019050 -0.212997
v -0.485507 0.012700 0.287360
v -0.510907 0.012700 0.287360
v -0.485507 0.012700 -0.212997
v -0.510907 0.012700 -0.212997
v -0.485507 -0.012700 0.287360
v -0.510907 -0.012700 0.287360
v -0.510907 -0.012700 -0.212997
v -0.485507 -0.012700 -0.212997
v -0.605141 0.025400 0.510042
v -0.605141 -0.025400 0.510042
v -0.605141 -0.019050 0.510042
v 0.893459 0.025400 0.510042
v 0.732929 0.025400 0.510042
v 0.625869 0.025400 0.510042
v 0.518809 0.025400 0.510042
v 0.411749 0.025400 0.510042
v 0.304687 0.025400 0.510042
v 0.197626 0.025400 0.510042
v 0.090565 0.025400 0.510042
v -0.123557 0.025400 0.510042
v -0.230618 0.025400 0.510042
v -0.337679 0.025400 0.510042
v -0.444740 0.025400 0.510042
v -0.558024 0.025400 0.510042
v 0.893459 -0.019050 0.510042
v 0.893459 -0.025400 0.510042
v -0.558024 -0.025400 0.510042
v -0.444740 -0.025400 0.510042
v -0.337679 -0.025400 0.510042
v -0.230618 -0.025400 0.510042
v -0.123557 -0.025400 0.510042
v 0.090565 -0.025400 0.510042
v 0.197626 -0.025400 0.510042
v 0.304687 -0.025400 0.510042
v 0.411749 -0.025400 0.510042
v 0.518809 -0.025400 0.510042
v 0.625869 -0.025400 0.510042
v 0.732929 -0.025400 0.510042
v -0.485507 0.012700 0.510042
v -0.510907 0.012700 0.510042
v -0.485507 -0.012700 0.510042
v -0.510907 -0.012700 0.510042
v -0.378573 0.012700 0.510042
v -0.378573 -0.012700 0.510042
v -0.403973 -0.012700 0.510042
v -0.403973 0.012700 0.510042
v -0.271385 0.012700 0.510042
v -0.296785 0.012700 0.510042
v -0.271385 -0.012700 0.510042
v -0.296785 -0.012700 0.510042
v -0.164451 0.012700 0.510042
v -0.164451 -0.012700 0.510042
v -0.189851 -0.012700 0.510042
v -0.189851 0.012700 0.510042
v 0.049671 0.012700 0.510042
v 0.024271 0.012700 0.510042
v -0.057263 0.012700 0.510042
v -0.057263 -0.012700 0.510042
v 0.049671 -0.012700 0.510042
v -0.082663 -0.012700 0.510042
v 0.024271 -0.012700 0.510042
v -0.082663 0.012700 0.510042
v 0.156859 0.012700 0.510042
v 0.131459 0.012700 0.510042
v 0.156859 -0.012700 0.510042
v 0.131459 -0.012700 0.510042
v 0.263793 0.012700 0.510042
v 0.263793 -0.012700 0.510042
v 0.238393 -0.012700 0.510042
v 0.238393 0.012700 0.510042
v 0.370979 0.012700 0.510042
v 0.345579 0.012700 0.510042
v 0.370979 -0.012700 0.510042
v 0.345579 -0.012700 0.510042
v 0.477919 0.012700 0.510042
v 0.477919 -0.012700 0.510042
v 0.452519 -0.012700 0.510042
v 0.452519 0.012700 0.510042
v 0.585099 0.012700 0.510042
v 0.559699 0.012700 0.510042
v 0.585099 -0.012700 0.510042
v 0.559699 -0.012700 0.510042
v 0.692039 0.012700 0.510042
v 0.692039 -0.012700 0.510042
v 0.666639 -0.012700 0.510042
v 0.666639 0.012700 0.510042
v 0.799229 0.012700 0.510042
v 0.799229 -0.012700 0.510042
v 0.773829 -0.012700 0.510042
v 0.773829 0.012700 0.510042
v -0.558024 -0.019050 0.510042
v -0.444740 -0.019050 0.510042
v -0.337679 -0.019050 0.510042
v -0.230618 -0.019050 0.510042
v -0.123557 -0.019050 0.510042
v 0.090565 -0.019050 0.510042
v 0.197626 -0.019050 0.510042
v 0.304687 -0.019050 0.510042
v 0.411749 -0.019050 0.510042
v 0.518809 -0.019050 0.510042
v 0.625869 -0.019050 0.510042
v 0.732929 -0.019050 0.510042
v -0.485507 0.012700 0.287360
v -0.485507 -0.012700 0.287360
v -0.485507 0.012700 -0.212997
v -0.485507 -0.012700 -0.212997
v -0.510907 0.012700 0.287360
v -0.510907 -0.012700 0.287360
v -0.510907 0.012700 -0.212997
v -0.510907 -0.012700 -0.212997
v -0.378573 0.012700 0.287360
v -0.403973 0.012700 0.287360
v -0.378573 0.012700 -0.212997
v -0.403973 0.012700 -0.212997
v -0.378573 -0.012700 0.287360
v -0.403973 -0.012700 0.287360
v -0.403973 -0.012700 -0.212997
v -0.378573 -0.012700 -0.212997
v -0.403973 -0.012700 0.287360
v -0.403973 0.012700 0.287360
v -0.403973 0.012700 -0.212997
v -0.403973 -0.012700 -0.212997
v -0.378573 0.012700 0.287360
v -0.378573 -0.012700 0.287360
v -0.378573 0.012700 -0.212997
v -0.378573 -0.012700 -0.212997
v -0.271385 0.012700 0.287360
v -0.296785 0.012700 0.287360
v -0.271385 0.012700 -0.212997
v -0.296785 0.012700 -0.212997
v -0.271385 -0.012700 0.287360
v -0.296785 -0.012700 0.287360
v -0.296785 -0.012700 -0.212997
v -0.271385 -0.012700 -0.212997
v -0.271385 0.012700 0.287360
v -0.271385 -0.012700 0.287360
v -0.271385 0.012700 -0.212997
v -0.271385 -0.012700 -0.212997
v -0.296785 0.012700 0.287360
v -0.296785 -0.012700 0.287360
v -0.296785 0.012700 -0.212997
v -0.296785 -0.012700 -0.212997
v -0.605141 0.025400 0.338160
v -0.605141 -0.025400 0.338160
v -0.605141 -0.019050 0.338160
v -0.558024 -0.025400 0.338160
v -0.444740 -0.025400 0.338160
v -0.337679 -0.025400 0.338160
v -0.230618 -0.025400 0.338160
v -0.123557 -0.025400 0.338160
v 0.090565 -0.025400 0.338160
v 0.197626 -0.025400 0.338160
v 0.304687 -0.025400 0.338160
v 0.411749 -0.025400 0.338160
v 0.518809 -0.025400 0.338160
v 0.625869 -0.025400 0.338160
v 0.732929 -0.025400 0.338160
v 0.893459 -0.025400 0.338160
v 0.893459 -0.019050 0.338160
v 0.893459 0.025400 0.338160
v 0.732929 0.025400 0.338160
v 0.625869 0.025400 0.338160
v 0.518809 0.025400 0.338160
v 0.411749 0.025400 0.338160
v 0.304687 0.025400 0.338160
v 0.197626 0.025400 0.338160
v 0.090565 0.025400 0.338160
v -0.123557 0.025400 0.338160
v -0.230618 0.025400 0.338160
v -0.337679 0.025400 0.338160
v -0.444740 0.025400 0.338160
v -0.558024 0.025400 0.338160
v -0.485507 0.012700 0.338160
v -0.510907 0.012700 0.338160
v -0.510907 -0.012700 0.338160
v -0.485507 -0.012700 0.338160
v -0.378573 0.012700 0.338160
v -0.403973 0.012700 0.338160
v -0.403973 -0.012700 0.338160
v -0.378573 -0.012700 0.338160
v -0.271385 0.012700 0.338160
v -0.296785 0.012700 0.338160
v -0.296785 -0.012700 0.338160
v -0.271385 -0.012700 0.338160
v -0.164451 0.012700 0.338160
v -0.189851 0.012700 0.338160
v -0.189851 -0.012700 0.338160
v -0.164451 -0.012700 0.338160
v 0.049671 0.012700 0.338160
v -0.057263 0.012700 0.338160
v 0.024271 0.012700 0.338160
v 0.024271 -0.012700 0.338160
v -0.057263 -0.012700 0.338160
v 0.049671 -0.012700 0.338160
v -0.082663 0.012700 0.338160
v -0.082663 -0.012700 0.338160
v 0.156859 0.012700 0.338160
v 0.131459 0.012700 0.338160
v 0.131459 -0.012700 0.338160
v 0.156859 -0.012700 0.338160
v 0.263793 0.012700 0.338160
v 0.238393 0.012700 0.338160
v 0.238393 -0.012700 0.338160
v 0.263793 -0.012700 0.338160
v 0.370979 0.012700 0.338160
v 0.345579 0.012700 0.338160
v 0.345579 -0.012700 0.338160
v 0.370979 -0.012700 0.338160
v 0.477919 0.012700 0.338160
v 0.452519 0.012700 0.338160
v 0.452519 -0.012700 0.338160
v 0.477919 -0.012700 0.338160
v 0.585099 0.012700 0.338160
v 0.559699 0.012700 0.338160
v 0.559699 -0.012700 0.338160
v 0.585099 -0.012700 0.338160
v 0.692039 0.012700 0.338160
v 0.666639 0.012700 0.338160
v 0.666639 -0.012700 0.338160
v 0.692039 -0.012700 0.338160
v 0.799229 0.012700 0.338160
v 0.773829 0.012700 0.338160
v 0.773829 -0.012700 0.338160
v 0.799229 -0.012700 0.338160
v -0.558024 -0.019050 0.338160
v -0.444740 -0.019050 0.338160
v -0.337679 -0.019050 0.338160
v -0.230618 -0.019050 0.338160
v -0.123557 -0.019050 0.338160
v 0.090565 -0.019050 0.338160
v 0.197626 -0.019050 0.338160
v 0.304687 -0.019050 0.338160
v 0.411749 -0.019050 0.338160
v 0.518809 -0.019050 0.338160
v 0.625869 -0.019050 0.338160
v 0.732929 -0.019050 0.338160
v -0.164451 0.012700 0.287360
v -0.189851 0.012700 0.287360
v -0.164451 0.012700 -0.212997
v -0.189851 0.012700 -0.212997
v -0.164451 -0.012700 0.287360
v -0.189851 -0.012700 0.287360
v -0.189851 -0.012700 -0.212997
v -0.164451 -0.012700 -0.212997
v -0.189851 -0.012700 0.287360
v -0.189851 0.012700 0.287360
v -0.189851 0.012700 -0.212997
v -0.189851 -0.012700 -0.212997
v -0.164451 0.012700 0.287360
v -0.164451 -0.012700 0.287360
v -0.164451 0.012700 -0.212997
v -0.164451 -0.012700 -0.212997
v -0.057263 0.012700 0.287360
v -0.082663 0.012700 0.287360
v -0.057263 0.012700 -0.212997
v -0.082663 0.012700 -0.212997
v -0.057263 -0.012700 0.287360
v -0.082663 -0.012700 0.287360
v -0.057263 -0.012700 -0.212997
v -0.082663 -0.012700 -0.212997
v -0.057263 0.012700 0.287360
v -0.057263 -0.012700 0.287360
v -0.057263 0.012700 -0.212997
v -0.057263 -0.012700 -0.212997
v -0.082663 -0.012700 0.287360
v -0.082663 0.012700 0.287360
v -0.082663 0.012700 -0.212997
v -0.082663 -0.012700 -0.212997
v 0.049671 0.012700 0.287360
v 0.024271 0.012700 0.287360
v 0.049671 0.012700 -0.212997
v 0.024271 0.012700 -0.212997
v 0.049671 -0.012700 0.287360
v 0.024271 -0.012700 0.287360
v 0.024271 -0.012700 -0.212997
v 0.049671 -0.012700 -0.212997
v -0.485507 0.012700 0.510042
v -0.510907 0.012700 0.510042
v -0.485507 0.012700 0.338160
v -0.510907 0.012700 0.338160
v 0.024271 0.012700 0.287360
v 0.024271 -0.012700 0.287360
v 0.024271 0.012700 -0.212997
v 0.024271 -0.012700 -0.212997
v 0.049671 0.012700 0.287360
v 0.049671 -0.012700 0.287360
v 0.049671 0.012700 -0.212997
v 0.049671 -0.012700 -0.212997
v 0.156859 0.012700 0.287360
v 0.131459 0.012700 0.287360
v 0.156859 0.012700 -0.212997
v 0.131459 0.012700 -0.212997
v 0.156859 -0.012700 0.287360
v 0.131459 -0.012700 0.287360
v 0.131459 -0.012700 -0.212997
v 0.156859 -0.012700 -0.212997
v 0.156859 0.012700 0.287360
v 0.156859 -0.012700 0.287360
v 0.156859 0.012700 -0.212997
v 0.156859 -0.012700 -0.212997
v 0.131459 0.012700 0.287360
v 0.131459 -0.012700 0.287360
v 0.131459 0.012700 -0.212997
v 0.131459 -0.012700 -0.212997
v 0.263793 0.012700 0.287360
v 0.238393 0.012700 0.287360
v 0.263793 0.012700 -0.212997
v 0.238393 0.012700 -0.212997
v 0.263793 -0.012700 0.287360
v 0.238393 -0.012700 0.287360
v 0.238393 -0.012700 -0.212997
v 0.263793 -0.012700 -0.212997
v 0.238393 -0.012700 0.287360
v 0.238393 0.012700 0.287360
v 0.238393 0.012700 -0.212997
v 0.238393 -0.012700 -0.212997
v 0.263793 0.012700 0.287360
v 0.263793 -0.012700 0.287360
v 0.263793 0.012700 -0.212997
v 0.263793 -0.012700 -0.212997
v -0.485507 -0.012700 0.510042
v -0.510907 -0.012700 0.510042
v -0.510907 -0.012700 0.338160
v -0.485507 -0.012700 0.338160
v 0.370979 0.012700 0.287360
v 0.345579 0.012700 0.287360
v 0.370979 0.012700 -0.212997
v 0.345579 0.012700 -0.212997
v 0.370979 -0.012700 0.287360
v 0.345579 -0.012700 0.287360
v 0.345579 -0.012700 -0.212997
v 0.370979 -0.012700 -0.212997
v 0.370979 0.012700 0.287360
v 0.370979 -0.012700 0.287360
v 0.370979 0.012700 -0.212997
v 0.370979 -0.012700 -0.212997
v 0.345579 0.012700 0.287360
v 0.345579 -0.012700 0.287360
v 0.345579 0.012700 -0.212997
v 0.345579 -0.012700 -0.212997
v 0.477919 0.012700 0.287360
v 0.452519 0.012700 0.287360
v 0.477919 0.012700 -0.212997
v 0.452519 0.012700 -0.212997
v 0.477919 -0.012700 0.287360
v 0.452519 -0.012700 0.287360
v 0.452519 -0.012700 -0.212997
v 0.477919 -0.012700 -0.212997
v 0.452519 -0.012700 0.287360
v 0.452519 0.012700 0.287360
v 0.452519 0.012700 -0.212997
v 0.452519 -0.012700 -0.212997
v 0.477919 0.012700 0.287360
v 0.477919 -0.012700 0.287360
v 0.477919 0.012700 -0.212997
v 0.477919 -0.012700 -0.212997
v 0.585099 0.012700 0.287360
v 0.559699 0.012700 0.287360
v 0.585099 0.012700 -0.212997
v 0.559699 0.012700 -0.212997
v 0.585099 -0.012700 0.287360
v 0.559699 -0.012700 0.287360
v 0.559699 -0.012700 -0.212997
v 0.585099 -0.012700 -0.212997
v -0.485507 0.012700 0.510042
v -0.485507 -0.012700 0.510042
v -0.485507 0.012700 0.338160
v -0.485507 -0.012700 0.338160
v 0.585099 0.012700 0.287360
v 0.585099 -0.012700 0.287360
v 0.585099 0.012700 -0.212997
v 0.585099 -0.012700 -0.212997
v 0.559699 0.012700 0.287360
v 0.559699 -0.012700 0.287360
v 0.559699 0.012700 -0.212997
v 0.559699 -0.012700 -0.212997
v 0.692039 0.012700 0.287360
v 0.666639 0.012700 0.287360
v 0.692039 0.012700 -0.212997
v 0.666639 0.012700 -0.212997
v 0.692039 -0.012700 0.287360
v 0.666639 -0.012700 0.287360
v 0.666639 -0.012700 -0.212997
v 0.692039 -0.012700 -0.212997
v 0.666639 -0.012700 0.287360
v 0.666639 0.012700 0.287360
v 0.666639 0.012700 -0.212997
v 0.666639 -0.012700 -0.212997
v 0.692039 0.012700 0.287360
v 0.692039 -0.012700 0.287360
v 0.692039 0.012700 -0.212997
v 0.692039 -0.012700 -0.212997
v 0.799229 0.012700 0.287360
v 0.773829 0.012700 0.287360
v 0.799229 0.012700 -0.212997
v 0.773829 0.012700 -0.212997
v 0.799229 -0.012700 0.287360
v 0.773829 -0.012700 0.287360
v 0.773829 -0.012700 -0.212997
v 0.799229 -0.012700 -0.212997
v 0.799229 0.012700 0.287360
v 0.799229 -0.012700 0.287360
v 0.799229 0.012700 -0.212997
v 0.799229 -0.012700 -0.212997
v 0.773829 -0.012700 0.287360
v 0.773829 0.012700 0.287360
v 0.773829 0.012700 -0.212997
v 0.773829 -0.012700 -0.212997
v -0.510907 0.012700 0.510042
v -0.510907 -0.012700 0.510042
v -0.510907 0.012700 0.338160
v -0.510907 -0.012700 0.338160
v -0.605141 0.025400 -0.263797
v -0.605141 -0.025400 -0.263797
v -0.605141 -0.019050 -0.263797
v 0.893459 0.025400 -0.263797
v 0.732929 0.025400 -0.263797
v 0.625869 0.025400 -0.263797
v 0.518809 0.025400 -0.263797
v 0.411749 0.025400 -0.263797
v 0.304687 0.025400 -0.263797
v 0.197626 0.025400 -0.263797
v 0.090565 0.025400 -0.263797
v -0.123557 0.025400 -0.263797
v -0.230618 0.025400 -0.263797
v -0.337679 0.025400 -0.263797
v -0.444740 0.025400 -0.263797
v -0.558024 0.025400 -0.263797
v 0.893459 -0.019050 -0.263797
v 0.893459 -0.025400 -0.263797
v -0.558024 -0.025400 -0.263797
v -0.444740 -0.025400 -0.263797
v -0.337679 -0.025400 -0.263797
v -0.230618 -0.025400 -0.263797
v -0.123557 -0.025400 -0.263797
v 0.090565 -0.025400 -0.263797
v 0.197626 -0.025400 -0.263797
v 0.304687 -0.025400 -0.263797
v 0.411749 -0.025400 -0.263797
v 0.518809 -0.025400 -0.263797
v 0.625869 -0.025400 -0.263797
v 0.732929 -0.025400 -0.263797
v -0.485507 0.012700 -0.263797
v -0.510907 0.012700 -0.263797
v -0.485507 -0.012700 -0.263797
v -0.510907 -0.012700 -0.263797
v -0.378573 0.012700 -0.263797
v -0.378573 -0.012700 -0.263797
v -0.403973 -0.012700 -0.263797
v -0.403973 0.012700 -0.263797
v -0.271385 0.012700 -0.263797
v -0.296785 0.012700 -0.263797
v -0.271385 -0.012700 -0.263797
v -0.296785 -0.012700 -0.263797
v -0.164451 0.012700 -0.263797
v -0.164451 -0.012700 -0.263797
v -0.189851 -0.012700 -0.263797
v -0.189851 0.012700 -0.263797
v 0.049671 0.012700 -0.263797
v 0.024271 0.012700 -0.263797
v -0.057263 0.012700 -0.263797
v -0.057263 -0.012700 -0.263797
v 0.049671 -0.012700 -0.263797
v -0.082663 -0.012700 -0.263797
v 0.024271 -0.012700 -0.263797
v -0.082663 0.012700 -0.263797
v 0.156859 0.012700 -0.263797
v 0.131459 0.012700 -0.263797
v 0.156859 -0.012700 -0.263797
v 0.131459 -0.012700 -0.263797
v 0.263793 0.012700 -0.263797
v 0.263793 -0.012700 -0.263797
v 0.238393 -0.012700 -0.263797
v 0.238393 0.012700 -0.263797
v 0.370979 0.012700 -0.263797
v 0.345579 0.012700 -0.263797
v 0.370979 -0.012700 -0.263797
v 0.345579 -0.012700 -0.263797
v 0.477919 0.012700 -0.263797
v 0.477919 -0.012700 -0.263797
v 0.452519 -0.012700 -0.263797
v 0.452519 0.012700 -0.263797
v 0.585099 0.012700 -0.263797
v 0.559699 0.012700 -0.263797
v 0.585099 -0.012700 -0.263797
v 0.559699 -0.012700 -0.263797
v 0.692039 0.012700 -0.263797
v 0.692039 -0.012700 -0.263797
v 0.666639 -0.012700 -0.263797
v 0.666639 0.012700 -0.263797
v 0.799229 0.012700 -0.263797
v 0.799229 -0.012700 -0.263797
v 0.773829 -0.012700 -0.263797
v 0.773829 0.012700 -0.263797
v -0.558024 -0.019050 -0.263797
v -0.444740 -0.019050 -0.263797
v -0.337679 -0.019050 -0.263797
v -0.230618 -0.019050 -0.263797
v -0.123557 -0.019050 -0.263797
v 0.090565 -0.019050 -0.263797
v 0.197626 -0.019050 -0.263797
v 0.304687 -0.019050 -0.263797
v 0.411749 -0.019050 -0.263797
v 0.518809 -0.019050 -0.263797
v 0.625869 -0.019050 -0.263797
v 0.732929 -0.019050 -0.263797
v -0.485507 0.012700 -0.263797
v -0.510907 0.012700 -0.263797
v -0.485507 0.012700 -0.443763
v -0.510907 0.012700 -0.443763
v -0.485507 0.012700 -0.443763
v -0.510907 0.012700 -0.443763
v -0.510907 -0.012700 -0.443763
v -0.485507 -0.012700 -0.443763
v -0.485507 -0.012700 -0.263797
v -0.510907 -0.012700 -0.263797
v -0.510907 -0.012700 -0.443763
v -0.485507 -0.012700 -0.443763
v -0.485507 0.012700 -0.263797
v -0.485507 -0.012700 -0.263797
v -0.485507 0.012700 -0.443763
v -0.485507 -0.012700 -0.443763
v -0.510907 0.012700 -0.263797
v -0.510907 -0.012700 -0.263797
v -0.510907 0.012700 -0.443763
v -0.510907 -0.012700 -0.443763
v -0.378573 0.012700 -0.263797
v -0.403973 0.012700 -0.263797
v -0.378573 0.012700 -0.443763
v -0.403973 0.012700 -0.443763
v -0.378573 0.012700 -0.443763
v -0.403973 0.012700 -0.443763
v -0.403973 -0.012700 -0.443763
v -0.378573 -0.012700 -0.443763
v -0.378573 -0.012700 -0.263797
v -0.403973 -0.012700 -0.263797
v -0.403973 -0.012700 -0.443763
v -0.378573 -0.012700 -0.443763
v -0.403973 -0.012700 -0.263797
v -0.403973 0.012700 -0.263797
v -0.403973 0.012700 -0.443763
v -0.403973 -0.012700 -0.443763
v -0.378573 0.012700 0.510042
v -0.403973 0.012700 0.510042
v -0.378573 0.012700 0.338160
v -0.403973 0.012700 0.338160
v -0.378573 0.012700 -0.263797
v -0.378573 -0.012700 -0.263797
v -0.378573 0.012700 -0.443763
v -0.378573 -0.012700 -0.443763
v -0.271385 0.012700 -0.263797
v -0.296785 0.012700 -0.263797
v -0.271385 0.012700 -0.443763
v -0.296785 0.012700 -0.443763
v -0.271385 0.012700 -0.443763
v -0.296785 0.012700 -0.443763
v -0.296785 -0.012700 -0.443763
v -0.271385 -0.012700 -0.443763
v -0.271385 -0.012700 -0.263797
v -0.296785 -0.012700 -0.263797
v -0.296785 -0.012700 -0.443763
v -0.271385 -0.012700 -0.443763
v -0.271385 0.012700 -0.263797
v -0.271385 -0.012700 -0.263797
v -0.271385 0.012700 -0.443763
v -0.271385 -0.012700 -0.443763
v -0.296785 0.012700 -0.263797
v -0.296785 -0.012700 -0.263797
v -0.296785 0.012700 -0.443763
v -0.296785 -0.012700 -0.443763
v -0.164451 0.012700 -0.263797
v -0.189851 0.012700 -0.263797
v -0.164451 0.012700 -0.443763
v -0.189851 0.012700 -0.443763
v -0.164451 0.012700 -0.443763
v -0.189851 0.012700 -0.443763
v -0.189851 -0.012700 -0.443763
v -0.164451 -0.012700 -0.443763
v -0.164451 -0.012700 -0.263797
v -0.189851 -0.012700 -0.263797
v -0.189851 -0.012700 -0.443763
v -0.164451 -0.012700 -0.443763
v -0.189851 -0.012700 -0.263797
v -0.189851 0.012700 -0.263797
v -0.189851 0.012700 -0.443763
v -0.189851 -0.012700 -0.443763
v -0.378573 -0.012700 0.510042
v -0.403973 -0.012700 0.510042
v -0.403973 -0.012700 0.338160
v -0.378573 -0.012700 0.338160
v -0.164451 0.012700 -0.263797
v -0.164451 -0.012700 -0.263797
v -0.164451 0.012700 -0.443763
v -0.164451 -0.012700 -0.443763
v -0.057263 0.012700 -0.263797
v -0.082663 0.012700 -0.263797
v -0.057263 0.012700 -0.443763
v -0.082663 0.012700 -0.443763
v -0.057263 0.012700 -0.443763
v -0.082663 0.012700 -0.443763
v -0.082663 -0.012700 -0.443763
v -0.057263 -0.012700 -0.443763
v -0.057263 -0.012700 -0.263797
v -0.082663 -0.012700 -0.263797
v -0.082663 -0.012700 -0.443763
v -0.057263 -0.012700 -0.443763
v -0.057263 0.012700 -0.263797
v -0.057263 -0.012700 -0.263797
v -0.057263 0.012700 -0.443763
v -0.057263 -0.012700 -0.443763
v -0.082663 -0.012700 -0.263797
v -0.082663 0.012700 -0.263797
v -0.082663 0.012700 -0.443763
v -0.082663 -0.012700 -0.443763
v 0.049671 0.012700 -0.263797
v 0.024271 0.012700 -0.263797
v 0.049671 0.012700 -0.443763
v 0.024271 0.012700 -0.443763
v 0.049671 0.012700 -0.443763
v 0.024271 0.012700 -0.443763
v 0.024271 -0.012700 -0.443763
v 0.049671 -0.012700 -0.443763
v 0.049671 -0.012700 -0.263797
v 0.024271 -0.012700 -0.263797
v 0.024271 -0.012700 -0.443763
v 0.049671 -0.012700 -0.443763
v 0.024271 0.012700 -0.263797
v 0.024271 -0.012700 -0.263797
v 0.024271 0.012700 -0.443763
v 0.024271 -0.012700 -0.443763
v -0.403973 -0.012700 0.510042
v -0.403973 0.012700 0.510042
v -0.403973 0.012700 0.338160
v -0.403973 -0.012700 0.338160
v 0.049671 0.012700 -0.263797
v 0.049671 -0.012700 -0.263797
v 0.049671 0.012700 -0.443763
v 0.049671 -0.012700 -0.443763
v 0.156859 0.012700 -0.263797
v 0.131459 0.012700 -0.263797
v 0.156859 0.012700 -0.443763
v 0.131459 0.012700 -0.443763
v 0.156859 0.012700 -0.443763
v 0.131459 0.012700 -0.443763
v 0.131459 -0.012700 -0.443763
v 0.156859 -0.012700 -0.443763
v 0.156859 -0.012700 -0.263797
v 0.131459 -0.012700 -0.263797
v 0.131459 -0.012700 -0.443763
v 0.156859 -0.012700 -0.443763
v 0.156859 0.012700 -0.263797
v 0.156859 -0.012700 -0.263797
v 0.156859 0.012700 -0.443763
v 0.156859 -0.012700 -0.443763
v 0.131459 0.012700 -0.263797
v 0.131459 -0.012700 -0.263797
v 0.131459 0.012700 -0.443763
v 0.131459 -0.012700 -0.443763
v 0.263793 0.012700 -0.263797
v 0.238393 0.012700 -0.263797
v 0.263793 0.012700 -0.443763
v 0.238393 0.012700 -0.443763
v 0.263793 0.012700 -0.443763
v 0.238393 0.012700 -0.443763
v 0.238393 -0.012700 -0.443763
v 0.263793 -0.012700 -0.443763
v 0.263793 -0.012700 -0.263797
v 0.238393 -0.012700 -0.263797
v 0.238393 -0.012700 -0.443763
v 0.263793 -0.012700 -0.443763
v 0.238393 -0.012700 -0.263797
v 0.238393 0.012700 -0.263797
v 0.238393 0.012700 -0.443763
v 0.238393 -0.012700 -0.443763
v 0.893459 -0.191474 -0.638808
v 0.893459 0.191474 -0.638808
v 0.893459 0.191474 -0.531627
v 0.893459 0.115473 -0.461078
v 0.893459 -0.115473 -0.461078
v 0.893459 -0.191474 -0.531627
v -0.378573 0.012700 0.510042
v -0.378573 -0.012700 0.510042
v -0.378573 0.012700 0.338160
v -0.378573 -0.012700 0.338160
v 0.263793 0.012700 -0.263797
v 0.263793 -0.012700 -0.263797
v 0.263793 0.012700 -0.443763
v 0.263793 -0.012700 -0.443763
v 0.370979 0.012700 -0.263797
v 0.345579 0.012700 -0.263797
v 0.370979 0.012700 -0.443763
v 0.345579 0.012700 -0.443763
v 0.370979 0.012700 -0.443763
v 0.345579 0.012700 -0.443763
v 0.345579 -0.012700 -0.443763
v 0.370979 -0.012700 -0.443763
v 0.370979 -0.012700 -0.263797
v 0.345579 -0.012700 -0.263797
v 0.345579 -0.012700 -0.443763
v 0.370979 -0.012700 -0.443763
v 0.370979 0.012700 -0.263797
v 0.370979 -0.012700 -0.263797
v 0.370979 0.012700 -0.443763
v 0.370979 -0.012700 -0.443763
v 0.345579 0.012700 -0.263797
v 0.345579 -0.012700 -0.263797
v 0.345579 0.012700 -0.443763
v 0.345579 -0.012700 -0.443763
v 0.477919 0.012700 -0.263797
v 0.452519 0.012700 -0.263797
v 0.477919 0.012700 -0.443763
v 0.452519 0.012700 -0.443763
v 0.477919 0.012700 -0.443763
v 0.452519 0.012700 -0.443763
v 0.452519 -0.012700 -0.443763
v 0.477919 -0.012700 -0.443763
v 0.477919 -0.012700 -0.263797
v 0.452519 -0.012700 -0.263797
v 0.452519 -0.012700 -0.443763
v 0.477919 -0.012700 -0.443763
v 0.452519 -0.012700 -0.263797
v 0.452519 0.012700 -0.263797
v 0.452519 0.012700 -0.443763
v 0.452519 -0.012700 -0.443763
v -0.271385 0.012700 0.510042
v -0.296785 0.012700 0.510042
v -0.271385 0.012700 0.338160
v -0.296785 0.012700 0.338160
v 0.477919 0.012700 -0.263797
v 0.477919 -0.012700 -0.263797
v 0.477919 0.012700 -0.443763
v 0.477919 -0.012700 -0.443763
v 0.585099 0.012700 -0.263797
v 0.559699 0.012700 -0.263797
v 0.585099 0.012700 -0.443763
v 0.559699 0.012700 -0.443763
v 0.585099 0.012700 -0.443763
v 0.559699 0.012700 -0.443763
v 0.559699 -0.012700 -0.443763
v 0.585099 -0.012700 -0.443763
v 0.585099 -0.012700 -0.263797
v 0.559699 -0.012700 -0.263797
v 0.559699 -0.012700 -0.443763
v 0.585099 -0.012700 -0.443763
v 0.585099 0.012700 -0.263797
v 0.585099 -0.012700 -0.263797
v 0.585099 0.012700 -0.443763
v 0.585099 -0.012700 -0.443763
v 0.559699 0.012700 -0.263797
v 0.559699 -0.012700 -0.263797
v 0.559699 0.012700 -0.443763
v 0.559699 -0.012700 -0.443763
v 0.692039 0.012700 -0.263797
v 0.666639 0.012700 -0.263797
v 0.692039 0.012700 -0.443763
v 0.666639 0.012700 -0.443763
v 0.692039 0.012700 -0.443763
v 0.666639 0.012700 -0.443763
v 0.666639 -0.012700 -0.443763
v 0.692039 -0.012700 -0.443763
v 0.692039 -0.012700 -0.263797
v 0.666639 -0.012700 -0.263797
v 0.666639 -0.012700 -0.443763
v 0.692039 -0.012700 -0.443763
v 0.666639 -0.012700 -0.263797
v 0.666639 0.012700 -0.263797
v 0.666639 0.012700 -0.443763
v 0.666639 -0.012700 -0.443763
v -0.271385 -0.012700 0.510042
v -0.296785 -0.012700 0.510042
v -0.296785 -0.012700 0.338160
v -0.271385 -0.012700 0.338160
v 0.692039 0.012700 -0.263797
v 0.692039 -0.012700 -0.263797
v 0.692039 0.012700 -0.443763
v 0.692039 -0.012700 -0.443763
v 0.799229 0.012700 -0.263797
v 0.773829 0.012700 -0.263797
v 0.799229 0.012700 -0.443763
v 0.773829 0.012700 -0.443763
v 0.799229 0.012700 -0.443763
v 0.773829 0.012700 -0.443763
v 0.773829 -0.012700 -0.443763
v 0.799229 -0.012700 -0.443763
v 0.799229 -0.012700 -0.263797
v 0.773829 -0.012700 -0.263797
v 0.773829 -0.012700 -0.443763
v 0.799229 -0.012700 -0.443763
v 0.799229 0.012700 -0.263797
v 0.799229 -0.012700 -0.263797
v 0.799229 0.012700 -0.443763
v 0.799229 -0.012700 -0.443763
v 0.773829 -0.012700 -0.263797
v 0.773829 0.012700 -0.263797
v 0.773829 0.012700 -0.443763
v 0.773829 -0.012700 -0.443763
v -0.271385 0.012700 0.510042
v -0.271385 -0.012700 0.510042
v -0.271385 0.012700 0.338160
v -0.271385 -0.012700 0.338160
v -0.296785 0.012700 0.510042
v -0.296785 -0.012700 0.510042
v -0.296785 0.012700 0.338160
v -0.296785 -0.012700 0.338160
v -0.164451 0.012700 0.510042
v -0.189851 0.012700 0.510042
v -0.164451 0.012700 0.338160
v -0.189851 0.012700 0.338160
v -0.164451 -0.012700 0.510042
v -0.189851 -0.012700 0.510042
v -0.189851 -0.012700 0.338160
v -0.164451 -0.012700 0.338160
v -0.189851 -0.012700 0.510042
v -0.189851 0.012700 0.510042
v -0.189851 0.012700 0.338160
v -0.189851 -0.012700 0.338160
v -0.164451 0.012700 0.510042
v -0.164451 -0.012700 0.510042
v -0.164451 0.012700 0.338160
v -0.164451 -0.012700 0.338160
v -0.057263 0.012700 0.510042
v -0.082663 0.012700 0.510042
v -0.057263 0.012700 0.338160
v -0.082663 0.012700 0.338160
v 0.893459 -0.115473 -0.461078
v 0.893459 -0.191474 -0.531627
v -0.681341 -0.115473 -0.461078
v -0.681341 -0.191474 -0.531627
v -0.057263 -0.012700 0.510042
v -0.082663 -0.012700 0.510042
v -0.057263 -0.012700 0.338160
v -0.082663 -0.012700 0.338160
v -0.057263 0.012700 0.510042
v -0.057263 -0.012700 0.510042
v -0.057263 0.012700 0.338160
v -0.057263 -0.012700 0.338160
v -0.082663 -0.012700 0.510042
v -0.082663 0.012700 0.510042
v -0.082663 0.012700 0.338160
v -0.082663 -0.012700 0.338160
v 0.049671 0.012700 0.510042
v 0.024271 0.012700 0.510042
v 0.049671 0.012700 0.338160
v 0.024271 0.012700 0.338160
v 0.049671 -0.012700 0.510042
v 0.024271 -0.012700 0.510042
v 0.024271 -0.012700 0.338160
v 0.049671 -0.012700 0.338160
v 0.024271 0.012700 0.510042
v 0.024271 -0.012700 0.510042
v 0.024271 0.012700 0.338160
v 0.024271 -0.012700 0.338160
v 0.049671 0.012700 0.510042
v 0.049671 -0.012700 0.510042
v 0.049671 0.012700 0.338160
v 0.049671 -0.012700 0.338160
v 0.156859 0.012700 0.510042
v 0.131459 0.012700 0.510042
v 0.156859 0.012700 0.338160
v 0.131459 0.012700 0.338160
v 0.156859 -0.012700 0.510042
v 0.131459 -0.012700 0.510042
v 0.131459 -0.012700 0.338160
v 0.156859 -0.012700 0.338160
v 0.156859 0.012700 0.510042
v 0.156859 -0.012700 0.510042
v 0.156859 0.012700 0.338160
v 0.156859 -0.012700 0.338160
v 0.893459 -0.191474 -0.638808
v -0.681341 -0.191474 -0.638808
v 0.893459 -0.191474 -0.531627
v -0.681341 -0.191474 -0.531627
v 0.131459 0.012700 0.510042
v 0.131459 -0.012700 0.510042
v 0.131459 0.012700 0.338160
v 0.131459 -0.012700 0.338160
v 0.263793 0.012700 0.510042
v 0.238393 0.012700 0.510042
v 0.263793 0.012700 0.338160
v 0.238393 0.012700 0.338160
v 0.263793 -0.012700 0.510042
v 0.238393 -0.012700 0.510042
v 0.238393 -0.012700 0.338160
v 0.263793 -0.012700 0.338160
v 0.238393 -0.012700 0.510042
v 0.238393 0.012700 0.510042
v 0.238393 0.012700 0.338160
v 0.238393 -0.012700 0.338160
v 0.263793 0.012700 0.510042
v 0.263793 -0.012700 0.510042
v 0.263793 0.012700 0.338160
v 0.263793 -0.012700 0.338160
v 0.370979 0.012700 0.510042
v 0.345579 0.012700 0.510042
v 0.370979 0.012700 0.338160
v 0.345579 0.012700 0.338160
v 0.370979 -0.012700 0.510042
v 0.345579 -0.012700 0.510042
v 0.345579 -0.012700 0.338160
v 0.370979 -0.012700 0.338160
v 0.370979 0.012700 0.510042
v 0.370979 -0.012700 0.510042
v 0.370979 0.012700 0.338160
v 0.370979 -0.012700 0.338160
v 0.345579 0.012700 0.510042
v 0.345579 -0.012700 0.510042
v 0.345579 0.012700 0.338160
v 0.345579 -0.012700 0.338160
v 0.477919 0.012700 0.510042
v 0.452519 0.012700 0.510042
v 0.477919 0.012700 0.338160
v 0.452519 0.012700 0.338160
v -0.681341 -0.191474 -0.638808
v -0.681341 0.191474 -0.638808
v -0.681341 0.191474 -0.531627
v -0.681341 0.115473 -0.461078
v -0.681341 -0.115473 -0.461078
v -0.681341 -0.191474 -0.531627
v -0.681341 0.038100 -0.461078
v -0.681341 -0.038100 -0.461078
v -0.681341 0.038100 0.758122
v -0.681341 -0.038100 0.758122
v 0.477919 -0.012700 0.510042
v 0.452519 -0.012700 0.510042
v 0.452519 -0.012700 0.338160
v 0.477919 -0.012700 0.338160
v 0.452519 -0.012700 0.510042
v 0.452519 0.012700 0.510042
v 0.452519 0.012700 0.338160
v 0.452519 -0.012700 0.338160
v 0.477919 0.012700 0.510042
v 0.477919 -0.012700 0.510042
v 0.477919 0.012700 0.338160
v 0.477919 -0.012700 0.338160
v 0.585099 0.012700 0.510042
v 0.559699 0.012700 0.510042
v 0.585099 0.012700 0.338160
v 0.559699 0.012700 0.338160
v 0.585099 -0.012700 0.510042
v 0.559699 -0.012700 0.510042
v 0.559699 -0.012700 0.338160
v 0.585099 -0.012700 0.338160
v 0.585099 0.012700 0.510042
v 0.585099 -0.012700 0.510042
v 0.585099 0.012700 0.338160
v 0.585099 -0.012700 0.338160
v 0.559699 0.012700 0.510042
v 0.559699 -0.012700 0.510042
v 0.559699 0.012700 0.338160
v 0.559699 -0.012700 0.338160
v 0.692039 0.012700 0.510042
v 0.666639 0.012700 0.510042
v 0.692039 0.012700 0.338160
v 0.666639 0.012700 0.338160
v 0.692039 -0.012700 0.510042
v 0.666639 -0.012700 0.510042
v 0.666639 -0.012700 0.338160
v 0.692039 -0.012700 0.338160
v 0.666639 -0.012700 0.510042
v 0.666639 0.012700 0.510042
v 0.666639 0.012700 0.338160
v 0.666639 -0.012700 0.338160
v -0.681341 0.115473 -0.461078
v 0.893459 0.115473 -0.461078
v 0.893459 -0.115473 -0.461078
v -0.681341 -0.115473 -0.461078
v -0.681341 0.038100 -0.461078
v -0.681341 -0.038100 -0.461078
v -0.605141 -0.038100 -0.461078
v -0.605141 0.038100 -0.461078
v 0.692039 0.012700 0.510042
v 0.692039 -0.012700 0.510042
v 0.692039 0.012700 0.338160
v 0.692039 -0.012700 0.338160
v 0.799229 0.012700 0.510042
v 0.773829 0.012700 0.510042
v 0.799229 0.012700 0.338160
v 0.773829 0.012700 0.338160
v 0.799229 -0.012700 0.510042
v 0.773829 -0.012700 0.510042
v 0.773829 -0.012700 0.338160
v 0.799229 -0.012700 0.338160
v 0.799229 0.012700 0.510042
v 0.799229 -0.012700 0.510042
v 0.799229 0.012700 0.338160
v 0.799229 -0.012700 0.338160
v 0.773829 -0.012700 0.510042
v 0.773829 0.012700 0.510042
v 0.773829 0.012700 0.338160
v 0.773829 -0.012700 0.338160
v -0.605141 0.025400 0.560842
v -0.605141 -0.019050 0.560842
v -0.605141 -0.025400 0.560842
v 0.732929 0.025400 0.560842
v 0.625869 0.025400 0.560842
v 0.518809 0.025400 0.560842
v 0.411749 0.025400 0.560842
v 0.304687 0.025400 0.560842
v 0.197626 0.025400 0.560842
v 0.090565 0.025400 0.560842
v -0.123557 0.025400 0.560842
v -0.230618 0.025400 0.560842
v -0.337679 0.025400 0.560842
v -0.444740 0.025400 0.560842
v -0.558024 0.025400 0.560842
v 0.893459 0.025400 0.560842
v 0.893459 -0.019050 0.560842
v 0.893459 -0.025400 0.560842
v -0.558024 -0.025400 0.560842
v -0.444740 -0.025400 0.560842
v -0.337679 -0.025400 0.560842
v -0.230618 -0.025400 0.560842
v -0.123557 -0.025400 0.560842
v 0.090565 -0.025400 0.560842
v 0.197626 -0.025400 0.560842
v 0.304687 -0.025400 0.560842
v 0.411749 -0.025400 0.560842
v 0.518809 -0.025400 0.560842
v 0.625869 -0.025400 0.560842
v 0.732929 -0.025400 0.560842
v -0.485507 0.012700 0.560842
v -0.510907 0.012700 0.560842
v -0.510907 -0.012700 0.560842
v -0.485507 -0.012700 0.560842
v -0.378573 0.012700 0.560842
v -0.403973 0.012700 0.560842
v -0.403973 -0.012700 0.560842
v -0.378573 -0.012700 0.560842
v -0.271385 0.012700 0.560842
v -0.296785 0.012700 0.560842
v -0.296785 -0.012700 0.560842
v -0.271385 -0.012700 0.560842
v -0.164451 0.012700 0.560842
v -0.189851 0.012700 0.560842
v -0.189851 -0.012700 0.560842
v -0.164451 -0.012700 0.560842
v 0.049671 0.012700 0.560842
v -0.057263 0.012700 0.560842
v 0.024271 0.012700 0.560842
v 0.024271 -0.012700 0.560842
v -0.057263 -0.012700 0.560842
v 0.049671 -0.012700 0.560842
v -0.082663 0.012700 0.560842
v -0.082663 -0.012700 0.560842
v 0.156859 0.012700 0.560842
v 0.131459 0.012700 0.560842
v 0.131459 -0.012700 0.560842
v 0.156859 -0.012700 0.560842
v 0.263793 0.012700 0.560842
v 0.238393 0.012700 0.560842
v 0.238393 -0.012700 0.560842
v 0.263793 -0.012700 0.560842
v 0.370979 0.012700 0.560842
v 0.345579 0.012700 0.560842
v 0.345579 -0.012700 0.560842
v 0.370979 -0.012700 0.560842
v 0.477919 0.012700 0.560842
v 0.452519 0.012700 0.560842
v 0.452519 -0.012700 0.560842
v 0.477919 -0.012700 0.560842
v 0.585099 0.012700 0.560842
v 0.559699 0.012700 0.560842
v 0.559699 -0.012700 0.560842
v 0.585099 -0.012700 0.560842
v 0.692039 0.012700 0.560842
v 0.666639 0.012700 0.560842
v 0.666639 -0.012700 0.560842
v 0.692039 -0.012700 0.560842
v 0.799229 0.012700 0.560842
v 0.773829 0.012700 0.560842
v 0.773829 -0.012700 0.560842
v 0.799229 -0.012700 0.560842
v -0.558024 -0.019050 0.560842
v -0.444740 -0.019050 0.560842
v -0.337679 -0.019050 0.560842
v -0.230618 -0.019050 0.560842
v -0.123557 -0.019050 0.560842
v 0.090565 -0.019050 0.560842
v 0.197626 -0.019050 0.560842
v 0.304687 -0.019050 0.560842
v 0.411749 -0.019050 0.560842
v 0.518809 -0.019050 0.560842
v 0.625869 -0.019050 0.560842
v 0.732929 -0.019050 0.560842
v -0.510907 0.012700 0.560842
v -0.510907 -0.012700 0.560842
v -0.510907 0.012700 0.623032
v -0.510907 -0.012700 0.623032
v -0.510907 0.012700 0.623032
v -0.510907 -0.012700 0.623032
v -0.485507 0.012700 0.560842
v -0.485507 -0.012700 0.560842
v -0.485507 0.012700 0.623032
v -0.485507 -0.012700 0.623032
v -0.485507 0.012700 0.623032
v -0.485507 -0.012700 0.623032
v -0.681341 0.038100 -0.461078
v -0.681341 0.038100 0.758122
v -0.605141 0.038100 -0.461078
v -0.605141 0.038100 0.758122
v -0.510907 -0.012700 0.560842
v -0.485507 -0.012700 0.560842
v -0.510907 -0.012700 0.623032
v -0.485507 -0.012700 0.623032
v -0.378573 0.012700 0.560842
v -0.378573 -0.012700 0.560842
v -0.378573 0.012700 0.673832
v -0.378573 -0.012700 0.673832
v -0.378573 0.012700 0.673832
v -0.378573 -0.012700 0.673832
v -0.681341 -0.038100 -0.461078
v -0.681341 -0.038100 0.758122
v -0.605141 -0.038100 -0.461078
v -0.605141 -0.038100 0.758122
v -0.403973 -0.012700 0.560842
v -0.378573 -0.012700 0.560842
v -0.378573 -0.012700 0.673832
v -0.403973 -0.012700 0.673832
v -0.378573 0.012700 0.560842
v -0.403973 0.012700 0.560842
v -0.378573 0.012700 0.673832
v -0.403973 0.012700 0.673832
v -0.403973 -0.012700 0.673832
v -0.403973 0.012700 0.673832
v -0.403973 0.012700 0.560842
v -0.403973 -0.012700 0.560842
v -0.403973 0.012700 0.673832
v -0.296785 0.012700 0.560842
v -0.296785 -0.012700 0.560842
v -0.296785 0.012700 0.623032
v -0.296785 -0.012700 0.623032
v -0.296785 0.012700 0.623032
v -0.296785 -0.012700 0.623032
v 0.657624 0.012684 0.687264
v 0.666682 0.012684 0.673817
v 0.657624 -0.012316 0.687264
v 0.666682 -0.012316 0.673817
v 0.656047 -0.012316 0.690532
v 0.656047 0.012684 0.690532
v 0.655458 -0.012316 0.694114
v 0.655458 0.012684 0.694114
v 0.655906 -0.012316 0.697715
v 0.655906 0.012684 0.697715
v 0.657354 -0.012316 0.701044
v 0.657354 0.012684 0.701044
v 0.679384 0.012684 0.736684
v 0.679384 -0.012316 0.736684
v 0.701414 0.012684 0.701044
v 0.701414 -0.012316 0.701044
v 0.702861 -0.012316 0.697715
v 0.702861 0.012684 0.697715
v 0.703309 -0.012316 0.694114
v 0.703309 0.012684 0.694114
v 0.702721 -0.012316 0.690532
v 0.702721 0.012684 0.690532
v 0.701144 -0.012316 0.687264
v 0.701144 0.012684 0.687264
v 0.692086 0.012684 0.673817
v 0.692086 -0.012316 0.673817
v 0.764769 0.012674 0.636478
v 0.773827 0.012674 0.623032
v 0.764769 -0.012326 0.636478
v 0.773827 -0.012326 0.623032
v 0.763192 -0.012326 0.639747
v 0.763192 0.012674 0.639747
v 0.762603 -0.012326 0.643328
v 0.762603 0.012674 0.643328
v 0.763051 -0.012326 0.646930
v 0.763051 0.012674 0.646930
v 0.764499 -0.012326 0.650258
v 0.764499 0.012674 0.650258
v 0.786529 0.012674 0.685898
v 0.786529 -0.012326 0.685898
v 0.808559 0.012674 0.650258
v 0.808559 -0.012326 0.650258
v 0.810007 -0.012326 0.646930
v 0.810007 0.012674 0.646930
v 0.810454 -0.012326 0.643328
v 0.810454 0.012674 0.643328
v 0.809866 -0.012326 0.639747
v 0.809866 0.012674 0.639747
v 0.808289 -0.012326 0.636478
v 0.808289 0.012674 0.636478
v 0.799231 0.012674 0.623032
v 0.799231 -0.012326 0.623032
v 0.550685 0.012660 0.636378
v 0.559743 0.012660 0.622932
v 0.550685 -0.012340 0.636378
v 0.559743 -0.012340 0.622932
v 0.549107 -0.012340 0.639646
v 0.549107 0.012660 0.639646
v 0.548519 -0.012340 0.643228
v 0.548519 0.012660 0.643228
v 0.548967 -0.012340 0.646830
v 0.548967 0.012660 0.646830
v 0.550415 -0.012340 0.650158
v 0.550415 0.012660 0.650158
v 0.572445 0.012660 0.685798
v 0.572445 -0.012340 0.685798
v 0.594475 0.012660 0.650158
v 0.594475 -0.012340 0.650158
v 0.595922 -0.012340 0.646830
v 0.595922 0.012660 0.646830
v 0.596370 -0.012340 0.643228
v 0.596370 0.012660 0.643228
v 0.595782 -0.012340 0.639646
v 0.595782 0.012660 0.639646
v 0.594205 -0.012340 0.636378
v 0.594205 0.012660 0.636378
v 0.585147 0.012660 0.622932
v 0.585147 -0.012340 0.622932
v 0.336490 0.012795 0.636329
v 0.345548 0.012795 0.622883
v 0.336490 -0.012205 0.636329
v 0.345548 -0.012205 0.622883
v 0.334913 -0.012205 0.639598
v 0.334913 0.012795 0.639598
v 0.334324 -0.012205 0.643179
v 0.334324 0.012795 0.643179
v 0.334772 -0.012205 0.646781
v 0.334772 0.012795 0.646781
v 0.336220 -0.012205 0.650109
v 0.336220 0.012795 0.650109
v 0.358250 0.012795 0.685749
v 0.358250 -0.012205 0.685749
v 0.380280 0.012795 0.650109
v 0.380280 -0.012205 0.650109
v 0.381728 -0.012205 0.646781
v 0.381728 0.012795 0.646781
v 0.382176 -0.012205 0.643179
v 0.382176 0.012795 0.643179
v 0.381587 -0.012205 0.639598
v 0.381587 0.012795 0.639598
v 0.380010 -0.012205 0.636329
v 0.380010 0.012795 0.636329
v 0.370952 0.012795 0.622883
v 0.370952 -0.012205 0.622883
v 0.122355 0.012736 0.636361
v 0.131413 0.012736 0.622915
v 0.122355 -0.012264 0.636361
v 0.131413 -0.012264 0.622915
v 0.120778 -0.012264 0.639630
v 0.120778 0.012736 0.639630
v 0.120190 -0.012264 0.643211
v 0.120190 0.012736 0.643211
v 0.120637 -0.012264 0.646813
v 0.120637 0.012736 0.646813
v 0.122085 -0.012264 0.650141
v 0.122085 0.012736 0.650141
v 0.144115 0.012736 0.685781
v 0.144115 -0.012264 0.685781
v 0.166145 0.012736 0.650141
v 0.166145 -0.012264 0.650141
v 0.167593 -0.012264 0.646813
v 0.167593 0.012736 0.646813
v 0.168041 -0.012264 0.643211
v 0.168041 0.012736 0.643211
v 0.167452 -0.012264 0.639630
v 0.167452 0.012736 0.639630
v 0.165875 -0.012264 0.636361
v 0.165875 0.012736 0.636361
v 0.156817 0.012736 0.622915
v 0.156817 -0.012264 0.622915
v -0.091717 0.012725 0.636481
v -0.082659 0.012725 0.623035
v -0.091717 -0.012275 0.636481
v -0.082659 -0.012275 0.623035
v -0.093294 -0.012275 0.639750
v -0.093294 0.012725 0.639750
v -0.093883 -0.012275 0.643331
v -0.093883 0.012725 0.643331
v -0.093435 -0.012275 0.646933
v -0.093435 0.012725 0.646933
v -0.091987 -0.012275 0.650261
v -0.091987 0.012725 0.650261
v -0.069957 0.012725 0.685901
v -0.069957 -0.012275 0.685901
v -0.047927 0.012725 0.650261
v -0.047927 -0.012275 0.650261
v -0.046480 -0.012275 0.646933
v -0.046480 0.012725 0.646933
v -0.046032 -0.012275 0.643331
v -0.046032 0.012725 0.643331
v -0.046620 -0.012275 0.639750
v -0.046620 0.012725 0.639750
v -0.048197 -0.012275 0.636481
v -0.048197 0.012725 0.636481
v -0.057255 0.012725 0.623035
v -0.057255 -0.012275 0.623035
v -0.305864 0.012751 0.636459
v -0.296806 0.012751 0.623013
v -0.305864 -0.012249 0.636459
v -0.296806 -0.012249 0.623013
v -0.307441 -0.012249 0.639728
v -0.307441 0.012751 0.639728
v -0.308030 -0.012249 0.643310
v -0.308030 0.012751 0.643310
v -0.307582 -0.012249 0.646911
v -0.307582 0.012751 0.646911
v -0.306134 -0.012249 0.650239
v -0.306134 0.012751 0.650239
v -0.284104 0.012751 0.685879
v -0.284104 -0.012249 0.685879
v -0.262074 0.012751 0.650239
v -0.262074 -0.012249 0.650239
v -0.260627 -0.012249 0.646911
v -0.260627 0.012751 0.646911
v -0.260179 -0.012249 0.643310
v -0.260179 0.012751 0.643310
v -0.260767 -0.012249 0.639728
v -0.260767 0.012751 0.639728
v -0.262344 -0.012249 0.636459
v -0.262344 0.012751 0.636459
v -0.271402 0.012751 0.623013
v -0.271402 -0.012249 0.623013
v -0.519937 0.012614 0.636473
v -0.510879 0.012614 0.623027
v -0.519937 -0.012386 0.636473
v -0.510879 -0.012386 0.623027
v -0.521514 -0.012386 0.639741
v -0.521514 0.012614 0.639741
v -0.522103 -0.012386 0.643323
v -0.522103 0.012614 0.643323
v -0.521655 -0.012386 0.646925
v -0.521655 0.012614 0.646925
v -0.520207 -0.012386 0.650253
v -0.520207 0.012614 0.650253
v -0.498177 0.012614 0.685893
v -0.498177 -0.012386 0.685893
v -0.476147 0.012614 0.650253
v -0.476147 -0.012386 0.650253
v -0.474699 -0.012386 0.646925
v -0.474699 0.012614 0.646925
v -0.474252 -0.012386 0.643323
v -0.474252 0.012614 0.643323
v -0.474840 -0.012386 0.639741
v -0.474840 0.012614 0.639741
v -0.476417 -0.012386 0.636473
v -0.476417 0.012614 0.636473
v -0.485475 0.012614 0.623027
v -0.485475 -0.012386 0.623027
v 0.443404 0.012777 0.687258
v 0.452462 0.012777 0.673811
v 0.443404 -0.012223 0.687258
v 0.452462 -0.012223 0.673811
v 0.441827 -0.012223 0.690526
v 0.441827 0.012777 0.690526
v 0.441238 -0.012223 0.694108
v 0.441238 0.012777 0.694108
v 0.441686 -0.012223 0.697710
v 0.441686 0.012777 0.697710
v 0.443134 -0.012223 0.701038
v 0.443134 0.012777 0.701038
v 0.465164 0.012777 0.736678
v 0.465164 -0.012223 0.736678
v 0.487194 0.012777 0.701038
v 0.487194 -0.012223 0.701038
v 0.488642 -0.012223 0.697710
v 0.488642 0.012777 0.697710
v 0.489090 -0.012223 0.694108
v 0.489090 0.012777 0.694108
v 0.488501 -0.012223 0.690526
v 0.488501 0.012777 0.690526
v 0.486924 -0.012223 0.687258
v 0.486924 0.012777 0.687258
v 0.477866 0.012777 0.673811
v 0.477866 -0.012223 0.673811
v 0.229195 0.012717 0.687312
v 0.238253 0.012717 0.673866
v 0.229195 -0.012283 0.687312
v 0.238253 -0.012283 0.673866
v 0.227618 -0.012283 0.690581
v 0.227618 0.012717 0.690581
v 0.227029 -0.012283 0.694162
v 0.227029 0.012717 0.694162
v 0.227477 -0.012283 0.697764
v 0.227477 0.012717 0.697764
v 0.228925 -0.012283 0.701092
v 0.228925 0.012717 0.701092
v 0.250955 0.012717 0.736732
v 0.250955 -0.012283 0.736732
v 0.272985 0.012717 0.701092
v 0.272985 -0.012283 0.701092
v 0.274433 -0.012283 0.697764
v 0.274433 0.012717 0.697764
v 0.274881 -0.012283 0.694162
v 0.274881 0.012717 0.694162
v 0.274292 -0.012283 0.690581
v 0.274292 0.012717 0.690581
v 0.272715 -0.012283 0.687312
v 0.272715 0.012717 0.687312
v 0.263657 0.012717 0.673866
v 0.263657 -0.012283 0.673866
v 0.015220 0.012702 0.687175
v 0.024278 0.012702 0.673729
v 0.015220 -0.012298 0.687175
v 0.024278 -0.012298 0.673729
v 0.013643 -0.012298 0.690443
v 0.013643 0.012702 0.690443
v 0.013055 -0.012298 0.694025
v 0.013055 0.012702 0.694025
v 0.013503 -0.012298 0.697627
v 0.013503 0.012702 0.697627
v 0.014950 -0.012298 0.700955
v 0.014950 0.012702 0.700955
v 0.036980 0.012702 0.736595
v 0.036980 -0.012298 0.736595
v 0.059010 0.012702 0.700955
v 0.059010 -0.012298 0.700955
v 0.060458 -0.012298 0.697627
v 0.060458 0.012702 0.697627
v 0.060906 -0.012298 0.694025
v 0.060906 0.012702 0.694025
v 0.060318 -0.012298 0.690443
v 0.060318 0.012702 0.690443
v 0.058740 -0.012298 0.687175
v 0.058740 0.012702 0.687175
v 0.049682 0.012702 0.673729
v 0.049682 -0.012298 0.673729
v -0.198961 0.012692 0.687206
v -0.189903 0.012692 0.673760
v -0.198961 -0.012308 0.687206
v -0.189903 -0.012308 0.673760
v -0.200538 -0.012308 0.690475
v -0.200538 0.012692 0.690475
v -0.201127 -0.012308 0.694056
v -0.201127 0.012692 0.694056
v -0.200679 -0.012308 0.697658
v -0.200679 0.012692 0.697658
v -0.199231 -0.012308 0.700986
v -0.199231 0.012692 0.700986
v -0.177201 0.012692 0.736626
v -0.177201 -0.012308 0.736626
v -0.155171 0.012692 0.700986
v -0.155171 -0.012308 0.700986
v -0.153723 -0.012308 0.697658
v -0.153723 0.012692 0.697658
v -0.153275 -0.012308 0.694056
v -0.153275 0.012692 0.694056
v -0.153864 -0.012308 0.690475
v -0.153864 0.012692 0.690475
v -0.155441 -0.012308 0.687206
v -0.155441 0.012692 0.687206
v -0.164499 0.012692 0.673760
v -0.164499 -0.012308 0.673760
v -0.413145 0.012781 0.687204
v -0.404087 0.012781 0.673758
v -0.413145 -0.012219 0.687204
v -0.404087 -0.012219 0.673758
v -0.414722 -0.012219 0.690473
v -0.414722 0.012781 0.690473
v -0.415310 -0.012219 0.694054
v -0.415310 0.012781 0.694054
v -0.414862 -0.012219 0.697656
v -0.414862 0.012781 0.697656
v -0.413415 -0.012219 0.700984
v -0.413415 0.012781 0.700984
v -0.391385 0.012781 0.736624
v -0.391385 -0.012219 0.736624
v -0.369355 0.012781 0.700984
v -0.369355 -0.012219 0.700984
v -0.367907 -0.012219 0.697656
v -0.367907 0.012781 0.697656
v -0.367459 -0.012219 0.694054
v -0.367459 0.012781 0.694054
v -0.368048 -0.012219 0.690473
v -0.368048 0.012781 0.690473
v -0.369625 -0.012219 0.687204
v -0.369625 0.012781 0.687204
v -0.378683 0.012781 0.673758
v -0.378683 -0.012219 0.673758
vn -0.0000 1.0000 -0.0000
vn -0.0000 -0.0000 -1.0000
vn -0.0000 -0.0000 1.0000
vn -0.0000 -1.0000 -0.0000
vn 1.0000 -0.0000 -0.0000
vn -1.0000 -0.0000 -0.0000
vn -0.7071 -0.0000 0.7071
vn -0.0000 0.6803 0.7329
vn 0.7071 -0.0000 0.7071
vn -0.0000 -0.6803 0.7329
vn -0.8294 -0.0000 -0.5587
vn -0.9007 -0.0000 -0.4345
vn -0.9006 -0.0000 -0.4346
vn -0.9868 -0.0000 -0.1621
vn -0.9868 -0.0000 -0.1622
vn -0.9924 -0.0000 0.1234
vn -0.9170 -0.0000 0.3989
vn -0.8506 -0.0000 0.5258
vn 0.8506 -0.0000 0.5258
vn 0.9170 -0.0000 0.3989
vn 0.9924 -0.0000 0.1234
vn 0.9868 -0.0000 -0.1622
vn 0.9868 -0.0000 -0.1621
vn 0.9006 -0.0000 -0.4346
vn 0.9007 -0.0000 -0.4345
vn 0.8294 -0.0000 -0.5587
s 1
usemtl 0.615686_0.811765_0.929412_0.000000_0.000000
f 2//1 3//1 4//1
f 4//1 1//1 2//1
f 5//2 6//2 7//2
f 7//2 8//2 5//2
f 10//1 9//1 11//1
f 11//1 12//1 10//1
f 16//3 15//3 13//3
f 13//3 14//3 16//3
f 17//4 18//4 20//4
f 20//4 19//4 17//4
f 22//1 23//1 24//1
f 24//1 21//1 22//1
f 28//5 27//5 26//5
f 26//5 25//5 28//5
f 33//5 34//5 32//5
f 32//5 31//5 33//5
f 41//5 42//5 43//5
f 38//5 41//5 44//5
f 42//5 45//5 43//5
f 43//5 44//5 41//5
f 39//5 46//5 41//5
f 47//5 48//5 49//5
f 39//5 50//5 47//5
f 41//5 38//5 39//5
f 47//5 46//5 39//5
f 39//5 40//5 51//5
f 49//5 46//5 47//5
f 40//5 52//5 51//5
f 40//5 48//5 53//5
f 40//5 37//5 54//5
f 51//5 50//5 39//5
f 54//5 48//5 40//5
f 53//5 52//5 40//5
f 48//5 47//5 55//5
f 54//5 37//5 45//5
f 55//5 53//5 48//5
f 44//5 56//5 38//5
f 37//5 57//5 45//5
f 38//5 56//5 58//5
f 45//5 42//5 54//5
f 58//5 37//5 38//5
f 58//5 57//5 37//5
f 60//4 61//4 62//4
f 62//4 59//4 60//4
f 63//1 64//1 66//1
f 66//1 65//1 63//1
f 72//6 69//6 70//6
f 70//6 71//6 72//6
f 75//6 73//6 74//6
f 74//6 76//6 75//6
f 81//1 82//1 83//1
f 84//1 83//1 82//1
f 82//1 85//1 84//1
f 85//1 86//1 87//1
f 87//1 84//1 85//1
f 88//1 87//1 86//1
f 86//1 89//1 88//1
f 89//1 90//1 91//1
f 91//1 88//1 89//1
f 92//1 91//1 90//1
f 90//1 93//1 92//1
f 93//1 94//1 95//1
f 95//1 92//1 93//1
f 96//1 95//1 94//1
f 94//1 97//1 96//1
f 98//1 96//1 97//1
f 97//1 99//1 98//1
f 99//1 100//1 101//1
f 101//1 98//1 99//1
f 102//1 101//1 100//1
f 100//1 103//1 102//1
f 104//1 102//1 103//1
f 103//1 105//1 104//1
f 80//1 104//1 105//1
f 105//1 79//1 80//1
f 83//1 106//1 81//1
f 108//4 107//4 110//4
f 110//4 109//4 108//4
f 112//1 113//1 114//1
f 114//1 111//1 112//1
f 118//5 117//5 116//5
f 116//5 115//5 118//5
f 123//5 124//5 122//5
f 122//5 121//5 123//5
f 128//5 129//5 130//5
f 131//5 130//5 129//5
f 129//5 132//5 131//5
f 130//5 127//5 128//5
f 134//4 135//4 136//4
f 136//4 133//4 134//4
f 137//1 138//1 140//1
f 140//1 139//1 137//1
f 146//6 143//6 144//6
f 144//6 145//6 146//6
f 149//6 147//6 148//6
f 148//6 150//6 149//6
f 154//4 157//4 158//4
f 159//4 158//4 157//4
f 157//4 160//4 159//4
f 159//4 160//4 161//4
f 161//4 162//4 159//4
f 163//4 164//4 162//4
f 162//4 161//4 163//4
f 164//4 163//4 165//4
f 165//4 166//4 164//4
f 166//4 165//4 167//4
f 167//4 168//4 166//4
f 169//4 170//4 168//4
f 168//4 167//4 169//4
f 170//4 169//4 171//4
f 171//4 172//4 170//4
f 173//4 174//4 172//4
f 172//4 171//4 173//4
f 174//4 173//4 175//4
f 175//4 176//4 174//4
f 177//4 178//4 176//4
f 176//4 175//4 177//4
f 178//4 177//4 179//4
f 179//4 180//4 178//4
f 155//4 156//4 180//4
f 180//4 179//4 155//4
f 158//4 153//4 154//4
f 181//4 182//4 184//4
f 184//4 183//4 181//4
f 186//1 187//1 188//1
f 188//1 185//1 186//1
f 192//5 191//5 190//5
f 190//5 189//5 192//5
f 197//5 198//5 196//5
f 196//5 195//5 197//5
f 202//4 203//4 204//4
f 205//4 204//4 203//4
f 203//4 206//4 205//4
f 205//4 206//4 207//4
f 207//4 208//4 205//4
f 209//4 210//4 208//4
f 208//4 207//4 209//4
f 210//4 209//4 211//4
f 211//4 212//4 210//4
f 212//4 211//4 213//4
f 213//4 214//4 212//4
f 215//4 216//4 214//4
f 214//4 213//4 215//4
f 216//4 215//4 217//4
f 217//4 218//4 216//4
f 219//4 220//4 218//4
f 218//4 217//4 219//4
f 220//4 219//4 221//4
f 221//4 222//4 220//4
f 223//4 224//4 222//4
f 222//4 221//4 223//4
f 224//4 223//4 225//4
f 225//4 226//4 224//4
f 227//4 228//4 226//4
f 226//4 225//4 227//4
f 204//4 201//4 202//4
f 230//4 231//4 232//4
f 232//4 229//4 230//4
f 233//1 234//1 236//1
f 236//1 235//1 233//1
f 242//6 239//6 240//6
f 240//6 241//6 242//6
f 245//6 243//6 244//6
f 244//6 246//6 245//6
f 249//5 251//5 252//5
f 253//5 252//5 251//5
f 251//5 254//5 253//5
f 252//5 250//5 249//5
f 255//4 256//4 258//4
f 258//4 257//4 255//4
f 260//1 261//1 262//1
f 262//1 259//1 260//1
f 266//5 265//5 264//5
f 264//5 263//5 266//5
f 271//5 272//5 270//5
f 270//5 269//5 271//5
f 278//1 279//1 280//1
f 281//1 280//1 279//1
f 279//1 282//1 281//1
f 282//1 283//1 284//1
f 284//1 281//1 282//1
f 285//1 284//1 283//1
f 283//1 286//1 285//1
f 286//1 287//1 288//1
f 288//1 285//1 286//1
f 289//1 288//1 287//1
f 287//1 290//1 289//1
f 290//1 291//1 292//1
f 292//1 289//1 290//1
f 293//1 292//1 291//1
f 291//1 294//1 293//1
f 295//1 293//1 294//1
f 294//1 296//1 295//1
f 296//1 297//1 298//1
f 298//1 295//1 296//1
f 299//1 298//1 297//1
f 297//1 300//1 299//1
f 301//1 299//1 300//1
f 300//1 302//1 301//1
f 276//1 301//1 302//1
f 302//1 275//1 276//1
f 280//1 277//1 278//1
f 304//4 305//4 306//4
f 306//4 303//4 304//4
f 307//1 308//1 310//1
f 310//1 309//1 307//1
f 316//6 313//6 314//6
f 314//6 315//6 316//6
f 319//6 317//6 318//6
f 318//6 320//6 319//6
f 325//1 326//1 327//1
f 328//1 327//1 326//1
f 326//1 329//1 328//1
f 329//1 330//1 331//1
f 331//1 328//1 329//1
f 332//1 331//1 330//1
f 330//1 333//1 332//1
f 333//1 334//1 335//1
f 335//1 332//1 333//1
f 336//1 335//1 334//1
f 334//1 337//1 336//1
f 337//1 338//1 339//1
f 339//1 336//1 337//1
f 340//1 339//1 338//1
f 338//1 341//1 340//1
f 342//1 340//1 341//1
f 341//1 343//1 342//1
f 343//1 344//1 345//1
f 345//1 342//1 343//1
f 346//1 345//1 344//1
f 344//1 347//1 346//1
f 348//1 346//1 347//1
f 347//1 349//1 348//1
f 323//1 348//1 349//1
f 349//1 324//1 323//1
f 327//1 350//1 325//1
f 351//4 352//4 354//4
f 354//4 353//4 351//4
f 356//1 357//1 358//1
f 358//1 355//1 356//1
f 362//5 361//5 360//5
f 360//5 359//5 362//5
f 367//5 368//5 366//5
f 366//5 365//5 367//5
f 372//5 373//5 374//5
f 375//5 374//5 373//5
f 373//5 376//5 375//5
f 374//5 371//5 372//5
f 378//4 379//4 380//4
f 380//4 377//4 378//4
f 381//1 382//1 384//1
f 384//1 383//1 381//1
f 390//6 387//6 388//6
f 388//6 389//6 390//6
f 393//7 391//6 392//6
f 392//6 394//7 393//7
f 393//7 394//7 396//3 395//3
f 400//8 399//8 401//8
f 401//8 402//8 400//8
f 404//4 407//4 408//4
f 409//4 408//4 407//4
f 407//4 410//4 409//4
f 409//4 410//4 411//4
f 411//4 412//4 409//4
f 413//4 414//4 412//4
f 412//4 411//4 413//4
f 414//4 413//4 415//4
f 415//4 416//4 414//4
f 416//4 415//4 417//4
f 417//4 418//4 416//4
f 419//4 420//4 418//4
f 418//4 417//4 419//4
f 420//4 419//4 421//4
f 421//4 422//4 420//4
f 423//4 424//4 422//4
f 422//4 421//4 423//4
f 424//4 423//4 425//4
f 425//4 426//4 424//4
f 427//4 428//4 426//4
f 426//4 425//4 427//4
f 428//4 427//4 429//4
f 429//4 430//4 428//4
f 405//4 406//4 430//4
f 430//4 429//4 405//4
f 408//4 403//4 404//4
f 433//9 434//9 432//5
f 432//5 431//5 433//9
f 434//9 433//9 435//3 436//3
f 438//4 440//4 439//4
f 439//4 437//4 438//4
f 441//1 442//1 443//1
f 443//1 444//1 441//1
f 447//2 476//2 529//2
f 475//2 477//2 478//2
f 530//2 479//2 477//2
f 477//2 475//2 530//2
f 530//2 529//2 480//2
f 480//2 479//2 530//2
f 529//2 476//2 478//2
f 478//2 480//2 529//2
f 475//2 474//2 481//2
f 531//2 482//2 481//2
f 481//2 474//2 531//2
f 530//2 483//2 482//2
f 482//2 531//2 530//2
f 530//2 475//2 484//2
f 484//2 483//2 530//2
f 473//2 485//2 486//2
f 532//2 487//2 485//2
f 485//2 473//2 532//2
f 532//2 531//2 488//2
f 488//2 487//2 532//2
f 531//2 474//2 486//2
f 486//2 488//2 531//2
f 473//2 472//2 489//2
f 533//2 490//2 489//2
f 489//2 472//2 533//2
f 532//2 491//2 490//2
f 490//2 533//2 532//2
f 532//2 473//2 492//2
f 492//2 491//2 532//2
f 471//2 493//2 494//2
f 472//2 471//2 495//2
f 494//2 495//2 471//2
f 494//2 496//2 495//2
f 534//2 497//2 493//2
f 533//2 498//2 496//2
f 493//2 471//2 534//2
f 534//2 533//2 499//2
f 496//2 499//2 533//2
f 533//2 472//2 500//2
f 499//2 497//2 534//2
f 500//2 498//2 533//2
f 496//2 494//2 499//2
f 470//2 501//2 502//2
f 535//2 503//2 501//2
f 501//2 470//2 535//2
f 535//2 534//2 504//2
f 504//2 503//2 535//2
f 534//2 471//2 502//2
f 502//2 504//2 534//2
f 470//2 469//2 505//2
f 536//2 506//2 505//2
f 505//2 469//2 536//2
f 535//2 507//2 506//2
f 506//2 536//2 535//2
f 535//2 470//2 508//2
f 508//2 507//2 535//2
f 468//2 509//2 510//2
f 537//2 511//2 509//2
f 509//2 468//2 537//2
f 537//2 536//2 512//2
f 512//2 511//2 537//2
f 536//2 469//2 510//2
f 510//2 512//2 536//2
f 468//2 467//2 513//2
f 538//2 514//2 513//2
f 513//2 467//2 538//2
f 537//2 515//2 514//2
f 514//2 538//2 537//2
f 537//2 468//2 516//2
f 516//2 515//2 537//2
f 466//2 517//2 518//2
f 539//2 519//2 517//2
f 517//2 466//2 539//2
f 539//2 538//2 520//2
f 520//2 519//2 539//2
f 538//2 467//2 518//2
f 518//2 520//2 538//2
f 466//2 465//2 521//2
f 540//2 522//2 521//2
f 521//2 465//2 540//2
f 539//2 523//2 522//2
f 522//2 540//2 539//2
f 539//2 466//2 524//2
f 524//2 523//2 539//2
f 465//2 464//2 525//2
f 463//2 526//2 525//2
f 525//2 464//2 463//2
f 540//2 527//2 526//2
f 526//2 463//2 540//2
f 540//2 465//2 528//2
f 528//2 527//2 540//2
f 448//2 529//2 450//2
f 529//2 530//2 451//2
f 530//2 531//2 452//2
f 531//2 532//2 453//2
f 532//2 533//2 454//2
f 533//2 534//2 455//2
f 534//2 535//2 456//2
f 535//2 536//2 457//2
f 536//2 537//2 458//2
f 537//2 538//2 459//2
f 538//2 539//2 460//2
f 539//2 540//2 461//2
f 540//2 463//2 462//2
f 462//2 461//2 540//2
f 461//2 460//2 539//2
f 460//2 459//2 538//2
f 459//2 458//2 537//2
f 458//2 457//2 536//2
f 457//2 456//2 535//2
f 456//2 455//2 534//2
f 455//2 454//2 533//2
f 454//2 453//2 532//2
f 453//2 452//2 531//2
f 452//2 451//2 530//2
f 451//2 450//2 529//2
f 450//2 449//2 448//2
f 525//2 528//2 465//2
f 521//2 524//2 466//2
f 518//2 467//2 466//2
f 513//2 516//2 468//2
f 510//2 469//2 468//2
f 505//2 508//2 470//2
f 502//2 471//2 470//2
f 495//2 500//2 472//2
f 489//2 492//2 473//2
f 486//2 474//2 473//2
f 481//2 484//2 475//2
f 478//2 476//2 475//2
f 529//2 448//2 447//2
f 541//3 543//3 559//3
f 623//3 559//3 560//3
f 624//3 560//3 561//3
f 625//3 561//3 562//3
f 626//3 562//3 563//3
f 627//3 563//3 564//3
f 628//3 564//3 565//3
f 629//3 565//3 566//3
f 630//3 566//3 567//3
f 631//3 567//3 568//3
f 632//3 568//3 569//3
f 633//3 569//3 570//3
f 634//3 570//3 558//3
f 542//3 541//3 623//3
f 624//3 554//3 571//3
f 554//3 555//3 572//3
f 572//3 571//3 554//3
f 623//3 573//3 572//3
f 572//3 555//3 623//3
f 624//3 574//3 573//3
f 573//3 623//3 624//3
f 625//3 553//3 575//3
f 554//3 576//3 575//3
f 575//3 553//3 554//3
f 624//3 577//3 576//3
f 576//3 554//3 624//3
f 624//3 625//3 578//3
f 578//3 577//3 624//3
f 626//3 552//3 579//3
f 552//3 553//3 580//3
f 580//3 579//3 552//3
f 625//3 581//3 580//3
f 580//3 553//3 625//3
f 626//3 582//3 581//3
f 581//3 625//3 626//3
f 627//3 551//3 583//3
f 552//3 584//3 583//3
f 583//3 551//3 552//3
f 626//3 585//3 584//3
f 584//3 552//3 626//3
f 626//3 627//3 586//3
f 586//3 585//3 626//3
f 628//3 550//3 587//3
f 550//3 588//3 589//3
f 589//3 587//3 550//3
f 590//3 589//3 588//3
f 588//3 591//3 590//3
f 628//3 592//3 590//3
f 590//3 591//3 628//3
f 551//3 593//3 588//3
f 588//3 550//3 551//3
f 627//3 594//3 593//3
f 593//3 551//3 627//3
f 627//3 628//3 591//3
f 591//3 594//3 627//3
f 629//3 549//3 595//3
f 549//3 550//3 596//3
f 596//3 595//3 549//3
f 628//3 597//3 596//3
f 596//3 550//3 628//3
f 629//3 598//3 597//3
f 597//3 628//3 629//3
f 630//3 548//3 599//3
f 549//3 600//3 599//3
f 599//3 548//3 549//3
f 629//3 601//3 600//3
f 600//3 549//3 629//3
f 629//3 630//3 602//3
f 602//3 601//3 629//3
f 631//3 547//3 603//3
f 547//3 548//3 604//3
f 604//3 603//3 547//3
f 630//3 605//3 604//3
f 604//3 548//3 630//3
f 631//3 606//3 605//3
f 605//3 630//3 631//3
f 632//3 546//3 607//3
f 547//3 608//3 607//3
f 607//3 546//3 547//3
f 631//3 609//3 608//3
f 608//3 547//3 631//3
f 631//3 632//3 610//3
f 610//3 609//3 631//3
f 633//3 545//3 611//3
f 545//3 546//3 612//3
f 612//3 611//3 545//3
f 632//3 613//3 612//3
f 612//3 546//3 632//3
f 633//3 614//3 613//3
f 613//3 632//3 633//3
f 634//3 544//3 615//3
f 545//3 616//3 615//3
f 615//3 544//3 545//3
f 633//3 617//3 616//3
f 616//3 545//3 633//3
f 633//3 634//3 618//3
f 618//3 617//3 633//3
f 557//3 556//3 619//3
f 544//3 620//3 619//3
f 619//3 556//3 544//3
f 634//3 621//3 620//3
f 620//3 544//3 634//3
f 634//3 557//3 622//3
f 622//3 621//3 634//3
f 619//3 622//3 557//3
f 615//3 618//3 634//3
f 611//3 614//3 633//3
f 607//3 610//3 632//3
f 603//3 606//3 631//3
f 599//3 602//3 630//3
f 595//3 598//3 629//3
f 587//3 592//3 628//3
f 583//3 586//3 627//3
f 579//3 582//3 626//3
f 575//3 578//3 625//3
f 571//3 574//3 624//3
f 623//3 555//3 542//3
f 558//3 557//3 634//3
f 570//3 634//3 633//3
f 569//3 633//3 632//3
f 568//3 632//3 631//3
f 567//3 631//3 630//3
f 566//3 630//3 629//3
f 565//3 629//3 628//3
f 564//3 628//3 627//3
f 563//3 627//3 626//3
f 562//3 626//3 625//3
f 561//3 625//3 624//3
f 560//3 624//3 623//3
f 559//3 623//3 541//3
f 638//1 636//1 635//1
f 635//1 637//1 638//1
f 642//4 639//4 640//4
f 640//4 641//4 642//4
f 643//2 658//2 725//2
f 657//2 673//2 674//2
f 726//2 675//2 673//2
f 673//2 657//2 726//2
f 726//2 725//2 676//2
f 676//2 675//2 726//2
f 725//2 658//2 674//2
f 674//2 676//2 725//2
f 657//2 656//2 677//2
f 727//2 678//2 677//2
f 677//2 656//2 727//2
f 726//2 679//2 678//2
f 678//2 727//2 726//2
f 726//2 657//2 680//2
f 680//2 679//2 726//2
f 655//2 681//2 682//2
f 728//2 683//2 681//2
f 681//2 655//2 728//2
f 728//2 727//2 684//2
f 684//2 683//2 728//2
f 727//2 656//2 682//2
f 682//2 684//2 727//2
f 655//2 654//2 685//2
f 729//2 686//2 685//2
f 685//2 654//2 729//2
f 728//2 687//2 686//2
f 686//2 729//2 728//2
f 728//2 655//2 688//2
f 688//2 687//2 728//2
f 653//2 689//2 690//2
f 654//2 653//2 691//2
f 690//2 691//2 653//2
f 690//2 692//2 691//2
f 730//2 693//2 689//2
f 729//2 694//2 692//2
f 689//2 653//2 730//2
f 730//2 729//2 695//2
f 692//2 695//2 729//2
f 729//2 654//2 696//2
f 695//2 693//2 730//2
f 696//2 694//2 729//2
f 692//2 690//2 695//2
f 652//2 697//2 698//2
f 731//2 699//2 697//2
f 697//2 652//2 731//2
f 731//2 730//2 700//2
f 700//2 699//2 731//2
f 730//2 653//2 698//2
f 698//2 700//2 730//2
f 652//2 651//2 701//2
f 732//2 702//2 701//2
f 701//2 651//2 732//2
f 731//2 703//2 702//2
f 702//2 732//2 731//2
f 731//2 652//2 704//2
f 704//2 703//2 731//2
f 650//2 705//2 706//2
f 733//2 707//2 705//2
f 705//2 650//2 733//2
f 733//2 732//2 708//2
f 708//2 707//2 733//2
f 732//2 651//2 706//2
f 706//2 708//2 732//2
f 650//2 649//2 709//2
f 734//2 710//2 709//2
f 709//2 649//2 734//2
f 733//2 711//2 710//2
f 710//2 734//2 733//2
f 733//2 650//2 712//2
f 712//2 711//2 733//2
f 648//2 713//2 714//2
f 735//2 715//2 713//2
f 713//2 648//2 735//2
f 735//2 734//2 716//2
f 716//2 715//2 735//2
f 734//2 649//2 714//2
f 714//2 716//2 734//2
f 648//2 647//2 717//2
f 736//2 718//2 717//2
f 717//2 647//2 736//2
f 735//2 719//2 718//2
f 718//2 736//2 735//2
f 735//2 648//2 720//2
f 720//2 719//2 735//2
f 647//2 646//2 721//2
f 659//2 722//2 721//2
f 721//2 646//2 659//2
f 736//2 723//2 722//2
f 722//2 659//2 736//2
f 736//2 647//2 724//2
f 724//2 723//2 736//2
f 645//2 725//2 661//2
f 725//2 726//2 662//2
f 726//2 727//2 663//2
f 727//2 728//2 664//2
f 728//2 729//2 665//2
f 729//2 730//2 666//2
f 730//2 731//2 667//2
f 731//2 732//2 668//2
f 732//2 733//2 669//2
f 733//2 734//2 670//2
f 734//2 735//2 671//2
f 735//2 736//2 672//2
f 736//2 659//2 660//2
f 660//2 672//2 736//2
f 672//2 671//2 735//2
f 671//2 670//2 734//2
f 670//2 669//2 733//2
f 669//2 668//2 732//2
f 668//2 667//2 731//2
f 667//2 666//2 730//2
f 666//2 665//2 729//2
f 665//2 664//2 728//2
f 664//2 663//2 727//2
f 663//2 662//2 726//2
f 662//2 661//2 725//2
f 661//2 644//2 645//2
f 721//2 724//2 647//2
f 717//2 720//2 648//2
f 714//2 649//2 648//2
f 709//2 712//2 650//2
f 706//2 651//2 650//2
f 701//2 704//2 652//2
f 698//2 653//2 652//2
f 691//2 696//2 654//2
f 685//2 688//2 655//2
f 682//2 656//2 655//2
f 677//2 680//2 657//2
f 674//2 658//2 657//2
f 725//2 645//2 643//2
f 739//5 737//5 738//5
f 738//5 740//5 739//5
f 743//6 744//6 742//6
f 742//6 741//6 743//6
f 747//1 748//1 746//1
f 746//1 745//1 747//1
f 749//4 750//4 751//4
f 751//4 752//4 749//4
f 755//6 756//6 753//6
f 753//6 754//6 755//6
f 759//5 757//5 758//5
f 758//5 760//5 759//5
f 763//1 764//1 762//1
f 762//1 761//1 763//1
f 768//4 765//4 766//4
f 766//4 767//4 768//4
f 771//5 769//5 770//5
f 770//5 772//5 771//5
f 775//6 776//6 774//6
f 774//6 773//6 775//6
f 779//3 778//3 780//3
f 859//3 780//3 781//3
f 860//3 781//3 782//3
f 861//3 782//3 783//3
f 862//3 783//3 784//3
f 863//3 784//3 785//3
f 864//3 785//3 786//3
f 865//3 786//3 787//3
f 866//3 787//3 788//3
f 867//3 788//3 789//3
f 868//3 789//3 790//3
f 869//3 790//3 791//3
f 870//3 791//3 792//3
f 777//3 779//3 859//3
f 860//3 805//3 807//3
f 805//3 806//3 808//3
f 808//3 807//3 805//3
f 859//3 809//3 808//3
f 808//3 806//3 859//3
f 860//3 810//3 809//3
f 809//3 859//3 860//3
f 861//3 804//3 811//3
f 805//3 812//3 811//3
f 811//3 804//3 805//3
f 860//3 813//3 812//3
f 812//3 805//3 860//3
f 860//3 861//3 814//3
f 814//3 813//3 860//3
f 862//3 803//3 815//3
f 803//3 804//3 816//3
f 816//3 815//3 803//3
f 861//3 817//3 816//3
f 816//3 804//3 861//3
f 862//3 818//3 817//3
f 817//3 861//3 862//3
f 863//3 802//3 819//3
f 803//3 820//3 819//3
f 819//3 802//3 803//3
f 862//3 821//3 820//3
f 820//3 803//3 862//3
f 862//3 863//3 822//3
f 822//3 821//3 862//3
f 864//3 801//3 823//3
f 801//3 824//3 825//3
f 825//3 823//3 801//3
f 826//3 825//3 824//3
f 824//3 827//3 826//3
f 864//3 828//3 826//3
f 826//3 827//3 864//3
f 802//3 829//3 824//3
f 824//3 801//3 802//3
f 863//3 830//3 829//3
f 829//3 802//3 863//3
f 863//3 864//3 827//3
f 827//3 830//3 863//3
f 865//3 800//3 831//3
f 800//3 801//3 832//3
f 832//3 831//3 800//3
f 864//3 833//3 832//3
f 832//3 801//3 864//3
f 865//3 834//3 833//3
f 833//3 864//3 865//3
f 866//3 799//3 835//3
f 800//3 836//3 835//3
f 835//3 799//3 800//3
f 865//3 837//3 836//3
f 836//3 800//3 865//3
f 865//3 866//3 838//3
f 838//3 837//3 865//3
f 867//3 798//3 839//3
f 798//3 799//3 840//3
f 840//3 839//3 798//3
f 866//3 841//3 840//3
f 840//3 799//3 866//3
f 867//3 842//3 841//3
f 841//3 866//3 867//3
f 868//3 797//3 843//3
f 798//3 844//3 843//3
f 843//3 797//3 798//3
f 867//3 845//3 844//3
f 844//3 798//3 867//3
f 867//3 868//3 846//3
f 846//3 845//3 867//3
f 869//3 796//3 847//3
f 796//3 797//3 848//3
f 848//3 847//3 796//3
f 868//3 849//3 848//3
f 848//3 797//3 868//3
f 869//3 850//3 849//3
f 849//3 868//3 869//3
f 870//3 795//3 851//3
f 796//3 852//3 851//3
f 851//3 795//3 796//3
f 869//3 853//3 852//3
f 852//3 796//3 869//3
f 869//3 870//3 854//3
f 854//3 853//3 869//3
f 793//3 794//3 855//3
f 795//3 856//3 855//3
f 855//3 794//3 795//3
f 870//3 857//3 856//3
f 856//3 795//3 870//3
f 870//3 793//3 858//3
f 858//3 857//3 870//3
f 855//3 858//3 793//3
f 851//3 854//3 870//3
f 847//3 850//3 869//3
f 843//3 846//3 868//3
f 839//3 842//3 867//3
f 835//3 838//3 866//3
f 831//3 834//3 865//3
f 823//3 828//3 864//3
f 819//3 822//3 863//3
f 815//3 818//3 862//3
f 811//3 814//3 861//3
f 807//3 810//3 860//3
f 859//3 806//3 777//3
f 792//3 793//3 870//3
f 791//3 870//3 869//3
f 790//3 869//3 868//3
f 789//3 868//3 867//3
f 788//3 867//3 866//3
f 787//3 866//3 865//3
f 786//3 865//3 864//3
f 785//3 864//3 863//3
f 784//3 863//3 862//3
f 783//3 862//3 861//3
f 782//3 861//3 860//3
f 781//3 860//3 859//3
f 780//3 859//3 779//3
f 873//1 874//1 872//1
f 872//1 871//1 873//1
f 878//4 875//4 876//4
f 876//4 877//4 878//4
f 881//6 882//6 879//6
f 879//6 880//6 881//6
f 885//5 883//5 884//5
f 884//5 886//5 885//5
f 889//1 890//1 888//1
f 888//1 887//1 889//1
f 893//4 891//4 892//4
f 892//4 894//4 893//4
f 897//5 895//5 896//5
f 896//5 898//5 897//5
f 901//6 902//6 899//6
f 899//6 900//6 901//6
f 905//1 906//1 904//1
f 904//1 903//1 905//1
f 910//4 907//4 908//4
f 908//4 909//4 910//4
f 914//1 912//1 911//1
f 911//1 913//1 914//1
f 917//6 918//6 916//6
f 916//6 915//6 917//6
f 921//5 919//5 920//5
f 920//5 922//5 921//5
f 925//1 926//1 924//1
f 924//1 923//1 925//1
f 930//4 927//4 928//4
f 928//4 929//4 930//4
f 933//5 931//5 932//5
f 932//5 934//5 933//5
f 937//6 938//6 936//6
f 936//6 935//6 937//6
f 941//1 942//1 940//1
f 940//1 939//1 941//1
f 946//4 943//4 944//4
f 944//4 945//4 946//4
f 949//6 950//6 947//6
f 947//6 948//6 949//6
f 953//5 951//5 952//5
f 952//5 954//5 953//5
f 958//4 955//4 956//4
f 956//4 957//4 958//4
f 961//1 962//1 960//1
f 960//1 959//1 961//1
f 966//4 963//4 964//4
f 964//4 965//4 966//4
f 969//5 967//5 968//5
f 968//5 970//5 969//5
f 973//6 974//6 972//6
f 972//6 971//6 973//6
f 977//1 978//1 976//1
f 976//1 975//1 977//1
f 982//4 979//4 980//4
f 980//4 981//4 982//4
f 985//6 986//6 983//6
f 983//6 984//6 985//6
f 989//5 987//5 988//5
f 988//5 990//5 989//5
f 993//1 994//1 992//1
f 992//1 991//1 993//1
f 998//4 995//4 996//4
f 996//4 997//4 998//4
f 1001//5 999//5 1000//5
f 1000//5 1002//5 1001//5
f 1005//5 1003//5 1004//5
f 1004//5 1006//5 1005//5
f 1009//6 1010//6 1008//6
f 1008//6 1007//6 1009//6
f 1013//1 1014//1 1012//1
f 1012//1 1011//1 1013//1
f 1018//4 1015//4 1016//4
f 1016//4 1017//4 1018//4
f 1021//6 1022//6 1019//6
f 1019//6 1020//6 1021//6
f 1025//5 1023//5 1024//5
f 1024//5 1026//5 1025//5
f 1029//1 1030//1 1028//1
f 1028//1 1027//1 1029//1
f 1034//4 1031//4 1032//4
f 1032//4 1033//4 1034//4
f 1037//5 1035//5 1036//5
f 1036//5 1038//5 1037//5
f 1041//6 1042//6 1039//6
f 1039//6 1040//6 1041//6
f 1045//6 1046//6 1044//6
f 1044//6 1043//6 1045//6
f 1047//2 1062//2 1129//2
f 1061//2 1077//2 1078//2
f 1130//2 1079//2 1077//2
f 1077//2 1061//2 1130//2
f 1130//2 1129//2 1080//2
f 1080//2 1079//2 1130//2
f 1129//2 1062//2 1078//2
f 1078//2 1080//2 1129//2
f 1061//2 1060//2 1081//2
f 1131//2 1082//2 1081//2
f 1081//2 1060//2 1131//2
f 1130//2 1083//2 1082//2
f 1082//2 1131//2 1130//2
f 1130//2 1061//2 1084//2
f 1084//2 1083//2 1130//2
f 1059//2 1085//2 1086//2
f 1132//2 1087//2 1085//2
f 1085//2 1059//2 1132//2
f 1132//2 1131//2 1088//2
f 1088//2 1087//2 1132//2
f 1131//2 1060//2 1086//2
f 1086//2 1088//2 1131//2
f 1059//2 1058//2 1089//2
f 1133//2 1090//2 1089//2
f 1089//2 1058//2 1133//2
f 1132//2 1091//2 1090//2
f 1090//2 1133//2 1132//2
f 1132//2 1059//2 1092//2
f 1092//2 1091//2 1132//2
f 1057//2 1093//2 1094//2
f 1058//2 1057//2 1095//2
f 1094//2 1095//2 1057//2
f 1094//2 1096//2 1095//2
f 1134//2 1097//2 1093//2
f 1133//2 1098//2 1096//2
f 1093//2 1057//2 1134//2
f 1134//2 1133//2 1099//2
f 1096//2 1099//2 1133//2
f 1133//2 1058//2 1100//2
f 1099//2 1097//2 1134//2
f 1100//2 1098//2 1133//2
f 1096//2 1094//2 1099//2
f 1056//2 1101//2 1102//2
f 1135//2 1103//2 1101//2
f 1101//2 1056//2 1135//2
f 1135//2 1134//2 1104//2
f 1104//2 1103//2 1135//2
f 1134//2 1057//2 1102//2
f 1102//2 1104//2 1134//2
f 1056//2 1055//2 1105//2
f 1136//2 1106//2 1105//2
f 1105//2 1055//2 1136//2
f 1135//2 1107//2 1106//2
f 1106//2 1136//2 1135//2
f 1135//2 1056//2 1108//2
f 1108//2 1107//2 1135//2
f 1054//2 1109//2 1110//2
f 1137//2 1111//2 1109//2
f 1109//2 1054//2 1137//2
f 1137//2 1136//2 1112//2
f 1112//2 1111//2 1137//2
f 1136//2 1055//2 1110//2
f 1110//2 1112//2 1136//2
f 1054//2 1053//2 1113//2
f 1138//2 1114//2 1113//2
f 1113//2 1053//2 1138//2
f 1137//2 1115//2 1114//2
f 1114//2 1138//2 1137//2
f 1137//2 1054//2 1116//2
f 1116//2 1115//2 1137//2
f 1052//2 1117//2 1118//2
f 1139//2 1119//2 1117//2
f 1117//2 1052//2 1139//2
f 1139//2 1138//2 1120//2
f 1120//2 1119//2 1139//2
f 1138//2 1053//2 1118//2
f 1118//2 1120//2 1138//2
f 1052//2 1051//2 1121//2
f 1140//2 1122//2 1121//2
f 1121//2 1051//2 1140//2
f 1139//2 1123//2 1122//2
f 1122//2 1140//2 1139//2
f 1139//2 1052//2 1124//2
f 1124//2 1123//2 1139//2
f 1051//2 1050//2 1125//2
f 1063//2 1126//2 1125//2
f 1125//2 1050//2 1063//2
f 1140//2 1127//2 1126//2
f 1126//2 1063//2 1140//2
f 1140//2 1051//2 1128//2
f 1128//2 1127//2 1140//2
f 1049//2 1129//2 1065//2
f 1129//2 1130//2 1066//2
f 1130//2 1131//2 1067//2
f 1131//2 1132//2 1068//2
f 1132//2 1133//2 1069//2
f 1133//2 1134//2 1070//2
f 1134//2 1135//2 1071//2
f 1135//2 1136//2 1072//2
f 1136//2 1137//2 1073//2
f 1137//2 1138//2 1074//2
f 1138//2 1139//2 1075//2
f 1139//2 1140//2 1076//2
f 1140//2 1063//2 1064//2
f 1064//2 1076//2 1140//2
f 1076//2 1075//2 1139//2
f 1075//2 1074//2 1138//2
f 1074//2 1073//2 1137//2
f 1073//2 1072//2 1136//2
f 1072//2 1071//2 1135//2
f 1071//2 1070//2 1134//2
f 1070//2 1069//2 1133//2
f 1069//2 1068//2 1132//2
f 1068//2 1067//2 1131//2
f 1067//2 1066//2 1130//2
f 1066//2 1065//2 1129//2
f 1065//2 1048//2 1049//2
f 1125//2 1128//2 1051//2
f 1121//2 1124//2 1052//2
f 1118//2 1053//2 1052//2
f 1113//2 1116//2 1054//2
f 1110//2 1055//2 1054//2
f 1105//2 1108//2 1056//2
f 1102//2 1057//2 1056//2
f 1095//2 1100//2 1058//2
f 1089//2 1092//2 1059//2
f 1086//2 1060//2 1059//2
f 1081//2 1084//2 1061//2
f 1078//2 1062//2 1061//2
f 1129//2 1049//2 1047//2
f 1143//1 1144//1 1142//1
f 1142//1 1141//1 1143//1
f 1147//2 1146//2 1145//2
f 1145//2 1148//2 1147//2
f 1152//4 1149//4 1150//4
f 1150//4 1151//4 1152//4
f 1155//5 1153//5 1154//5
f 1154//5 1156//5 1155//5
f 1159//6 1160//6 1158//6
f 1158//6 1157//6 1159//6
f 1163//1 1164//1 1162//1
f 1162//1 1161//1 1163//1
f 1167//2 1166//2 1165//2
f 1165//2 1168//2 1167//2
f 1172//4 1169//4 1170//4
f 1170//4 1171//4 1172//4
f 1175//6 1176//6 1173//6
f 1173//6 1174//6 1175//6
f 1179//1 1180//1 1178//1
f 1178//1 1177//1 1179//1
f 1183//5 1181//5 1182//5
f 1182//5 1184//5 1183//5
f 1185//1 1187//1 1188//1
f 1188//1 1186//1 1185//1
f 1191//2 1190//2 1189//2
f 1189//2 1192//2 1191//2
f 1196//4 1193//4 1194//4
f 1194//4 1195//4 1196//4
f 1199//5 1197//5 1198//5
f 1198//5 1200//5 1199//5
f 1203//6 1204//6 1202//6
f 1202//6 1201//6 1203//6
f 1207//1 1208//1 1206//1
f 1206//1 1205//1 1207//1
f 1211//2 1210//2 1209//2
f 1209//2 1212//2 1211//2
f 1216//4 1213//4 1214//4
f 1214//4 1215//4 1216//4
f 1219//6 1220//6 1217//6
f 1217//6 1218//6 1219//6
f 1221//4 1222//4 1223//4
f 1223//4 1224//4 1221//4
f 1227//5 1225//5 1226//5
f 1226//5 1228//5 1227//5
f 1231//1 1232//1 1230//1
f 1230//1 1229//1 1231//1
f 1235//2 1234//2 1233//2
f 1233//2 1236//2 1235//2
f 1240//4 1237//4 1238//4
f 1238//4 1239//4 1240//4
f 1243//5 1241//5 1242//5
f 1242//5 1244//5 1243//5
f 1247//6 1248//6 1245//6
f 1245//6 1246//6 1247//6
f 1251//1 1252//1 1250//1
f 1250//1 1249//1 1251//1
f 1255//2 1254//2 1253//2
f 1253//2 1256//2 1255//2
f 1260//4 1257//4 1258//4
f 1258//4 1259//4 1260//4
f 1263//6 1264//6 1262//6
f 1262//6 1261//6 1263//6
f 1267//6 1268//6 1265//6
f 1265//6 1266//6 1267//6
f 1271//5 1269//5 1270//5
f 1270//5 1272//5 1271//5
f 1275//1 1276//1 1274//1
f 1274//1 1273//1 1275//1
f 1279//2 1278//2 1277//2
f 1277//2 1280//2 1279//2
f 1284//4 1281//4 1282//4
f 1282//4 1283//4 1284//4
f 1287//5 1285//5 1286//5
f 1286//5 1288//5 1287//5
f 1291//6 1292//6 1290//6
f 1290//6 1289//6 1291//6
f 1295//1 1296//1 1294//1
f 1294//1 1293//1 1295//1
f 1299//2 1298//2 1297//2
f 1297//2 1300//2 1299//2
f 1304//4 1301//4 1302//4
f 1302//4 1303//4 1304//4
f 1307//6 1308//6 1305//6
f 1305//6 1306//6 1307//6
f 1310//5 1313//5 1314//5
f 1310//5 1311//5 1312//5
f 1312//5 1313//5 1310//5
f 1314//5 1309//5 1310//5
f 1317//5 1315//5 1316//5
f 1316//5 1318//5 1317//5
f 1321//5 1319//5 1320//5
f 1320//5 1322//5 1321//5
f 1325//1 1326//1 1324//1
f 1324//1 1323//1 1325//1
f 1329//2 1328//2 1327//2
f 1327//2 1330//2 1329//2
f 1334//4 1331//4 1332//4
f 1332//4 1333//4 1334//4
f 1337//5 1335//5 1336//5
f 1336//5 1338//5 1337//5
f 1341//6 1342//6 1340//6
f 1340//6 1339//6 1341//6
f 1345//1 1346//1 1344//1
f 1344//1 1343//1 1345//1
f 1349//2 1348//2 1347//2
f 1347//2 1350//2 1349//2
f 1354//4 1351//4 1352//4
f 1352//4 1353//4 1354//4
f 1357//6 1358//6 1355//6
f 1355//6 1356//6 1357//6
f 1361//1 1362//1 1360//1
f 1360//1 1359//1 1361//1
f 1365//5 1363//5 1364//5
f 1364//5 1366//5 1365//5
f 1369//1 1370//1 1368//1
f 1368//1 1367//1 1369//1
f 1373//2 1372//2 1371//2
f 1371//2 1374//2 1373//2
f 1378//4 1375//4 1376//4
f 1376//4 1377//4 1378//4
f 1381//5 1379//5 1380//5
f 1380//5 1382//5 1381//5
f 1385//6 1386//6 1384//6
f 1384//6 1383//6 1385//6
f 1389//1 1390//1 1388//1
f 1388//1 1387//1 1389//1
f 1393//2 1392//2 1391//2
f 1391//2 1394//2 1393//2
f 1398//4 1395//4 1396//4
f 1396//4 1397//4 1398//4
f 1401//6 1402//6 1399//6
f 1399//6 1400//6 1401//6
f 1406//4 1403//4 1404//4
f 1404//4 1405//4 1406//4
f 1409//5 1407//5 1408//5
f 1408//5 1410//5 1409//5
f 1413//1 1414//1 1412//1
f 1412//1 1411//1 1413//1
f 1417//2 1416//2 1415//2
f 1415//2 1418//2 1417//2
f 1422//4 1419//4 1420//4
f 1420//4 1421//4 1422//4
f 1425//5 1423//5 1424//5
f 1424//5 1426//5 1425//5
f 1429//6 1430//6 1427//6
f 1427//6 1428//6 1429//6
f 1433//5 1431//5 1432//5
f 1432//5 1434//5 1433//5
f 1437//6 1438//6 1436//6
f 1436//6 1435//6 1437//6
f 1441//1 1442//1 1440//1
f 1440//1 1439//1 1441//1
f 1446//4 1443//4 1444//4
f 1444//4 1445//4 1446//4
f 1449//6 1450//6 1447//6
f 1447//6 1448//6 1449//6
f 1453//5 1451//5 1452//5
f 1452//5 1454//5 1453//5
f 1457//1 1458//1 1456//1
f 1456//1 1455//1 1457//1
f 1459//10 1461//10 1462//10
f 1462//10 1460//10 1459//10
f 1465//4 1463//4 1464//4
f 1464//4 1466//4 1465//4
f 1469//5 1467//5 1468//5
f 1468//5 1470//5 1469//5
f 1473//6 1474//6 1471//6
f 1471//6 1472//6 1473//6
f 1477//1 1478//1 1476//1
f 1476//1 1475//1 1477//1
f 1482//4 1479//4 1480//4
f 1480//4 1481//4 1482//4
f 1485//6 1486//6 1484//6
f 1484//6 1483//6 1485//6
f 1489//5 1487//5 1488//5
f 1488//5 1490//5 1489//5
f 1493//1 1494//1 1492//1
f 1492//1 1491//1 1493//1
f 1498//4 1495//4 1496//4
f 1496//4 1497//4 1498//4
f 1501//5 1499//5 1500//5
f 1500//5 1502//5 1501//5
f 1505//4 1506//4 1504//4
f 1504//4 1503//4 1505//4
f 1509//6 1510//6 1508//6
f 1508//6 1507//6 1509//6
f 1513//1 1514//1 1512//1
f 1512//1 1511//1 1513//1
f 1518//4 1515//4 1516//4
f 1516//4 1517//4 1518//4
f 1521//6 1522//6 1519//6
f 1519//6 1520//6 1521//6
f 1525//5 1523//5 1524//5
f 1524//5 1526//5 1525//5
f 1529//1 1530//1 1528//1
f 1528//1 1527//1 1529//1
f 1534//4 1531//4 1532//4
f 1532//4 1533//4 1534//4
f 1537//5 1535//5 1536//5
f 1536//5 1538//5 1537//5
f 1541//6 1542//6 1540//6
f 1540//6 1539//6 1541//6
f 1545//1 1546//1 1544//1
f 1544//1 1543//1 1545//1
f 1548//6 1553//6 1550//6
f 1548//6 1554//6 1553//6
f 1555//6 1553//6 1554//6
f 1547//6 1552//6 1551//6
f 1554//6 1556//6 1555//6
f 1551//6 1554//6 1547//6
f 1554//6 1548//6 1547//6
f 1550//6 1549//6 1548//6
f 1560//4 1557//4 1558//4
f 1558//4 1559//4 1560//4
f 1563//6 1564//6 1561//6
f 1561//6 1562//6 1563//6
f 1567//5 1565//5 1566//5
f 1566//5 1568//5 1567//5
f 1571//1 1572//1 1570//1
f 1570//1 1569//1 1571//1
f 1576//4 1573//4 1574//4
f 1574//4 1575//4 1576//4
f 1579//5 1577//5 1578//5
f 1578//5 1580//5 1579//5
f 1583//6 1584//6 1582//6
f 1582//6 1581//6 1583//6
f 1587//1 1588//1 1586//1
f 1586//1 1585//1 1587//1
f 1592//4 1589//4 1590//4
f 1590//4 1591//4 1592//4
f 1595//6 1596//6 1593//6
f 1593//6 1594//6 1595//6
f 1600//3 1599//3 1603//3
f 1599//3 1598//3 1604//3
f 1604//3 1603//3 1599//3
f 1597//3 1601//3 1604//3
f 1604//3 1598//3 1597//3
f 1603//3 1602//3 1600//3
f 1607//5 1605//5 1606//5
f 1606//5 1608//5 1607//5
f 1611//1 1612//1 1610//1
f 1610//1 1609//1 1611//1
f 1616//4 1613//4 1614//4
f 1614//4 1615//4 1616//4
f 1619//5 1617//5 1618//5
f 1618//5 1620//5 1619//5
f 1623//6 1624//6 1621//6
f 1621//6 1622//6 1623//6
f 1626//3 1627//3 1643//3
f 1707//3 1643//3 1644//3
f 1708//3 1644//3 1645//3
f 1709//3 1645//3 1646//3
f 1710//3 1646//3 1647//3
f 1711//3 1647//3 1648//3
f 1712//3 1648//3 1649//3
f 1713//3 1649//3 1650//3
f 1714//3 1650//3 1651//3
f 1715//3 1651//3 1652//3
f 1716//3 1652//3 1653//3
f 1717//3 1653//3 1654//3
f 1718//3 1654//3 1642//3
f 1625//3 1626//3 1707//3
f 1708//3 1638//3 1655//3
f 1638//3 1639//3 1656//3
f 1656//3 1655//3 1638//3
f 1707//3 1657//3 1656//3
f 1656//3 1639//3 1707//3
f 1708//3 1658//3 1657//3
f 1657//3 1707//3 1708//3
f 1709//3 1637//3 1659//3
f 1638//3 1660//3 1659//3
f 1659//3 1637//3 1638//3
f 1708//3 1661//3 1660//3
f 1660//3 1638//3 1708//3
f 1708//3 1709//3 1662//3
f 1662//3 1661//3 1708//3
f 1710//3 1636//3 1663//3
f 1636//3 1637//3 1664//3
f 1664//3 1663//3 1636//3
f 1709//3 1665//3 1664//3
f 1664//3 1637//3 1709//3
f 1710//3 1666//3 1665//3
f 1665//3 1709//3 1710//3
f 1711//3 1635//3 1667//3
f 1636//3 1668//3 1667//3
f 1667//3 1635//3 1636//3
f 1710//3 1669//3 1668//3
f 1668//3 1636//3 1710//3
f 1710//3 1711//3 1670//3
f 1670//3 1669//3 1710//3
f 1712//3 1634//3 1671//3
f 1634//3 1672//3 1673//3
f 1673//3 1671//3 1634//3
f 1674//3 1673//3 1672//3
f 1672//3 1675//3 1674//3
f 1712//3 1676//3 1674//3
f 1674//3 1675//3 1712//3
f 1635//3 1677//3 1672//3
f 1672//3 1634//3 1635//3
f 1711//3 1678//3 1677//3
f 1677//3 1635//3 1711//3
f 1711//3 1712//3 1675//3
f 1675//3 1678//3 1711//3
f 1713//3 1633//3 1679//3
f 1633//3 1634//3 1680//3
f 1680//3 1679//3 1633//3
f 1712//3 1681//3 1680//3
f 1680//3 1634//3 1712//3
f 1713//3 1682//3 1681//3
f 1681//3 1712//3 1713//3
f 1714//3 1632//3 1683//3
f 1633//3 1684//3 1683//3
f 1683//3 1632//3 1633//3
f 1713//3 1685//3 1684//3
f 1684//3 1633//3 1713//3
f 1713//3 1714//3 1686//3
f 1686//3 1685//3 1713//3
f 1715//3 1631//3 1687//3
f 1631//3 1632//3 1688//3
f 1688//3 1687//3 1631//3
f 1714//3 1689//3 1688//3
f 1688//3 1632//3 1714//3
f 1715//3 1690//3 1689//3
f 1689//3 1714//3 1715//3
f 1716//3 1630//3 1691//3
f 1631//3 1692//3 1691//3
f 1691//3 1630//3 1631//3
f 1715//3 1693//3 1692//3
f 1692//3 1631//3 1715//3
f 1715//3 1716//3 1694//3
f 1694//3 1693//3 1715//3
f 1717//3 1629//3 1695//3
f 1629//3 1630//3 1696//3
f 1696//3 1695//3 1629//3
f 1716//3 1697//3 1696//3
f 1696//3 1630//3 1716//3
f 1717//3 1698//3 1697//3
f 1697//3 1716//3 1717//3
f 1718//3 1628//3 1699//3
f 1629//3 1700//3 1699//3
f 1699//3 1628//3 1629//3
f 1717//3 1701//3 1700//3
f 1700//3 1629//3 1717//3
f 1717//3 1718//3 1702//3
f 1702//3 1701//3 1717//3
f 1641//3 1640//3 1703//3
f 1628//3 1704//3 1703//3
f 1703//3 1640//3 1628//3
f 1718//3 1705//3 1704//3
f 1704//3 1628//3 1718//3
f 1718//3 1641//3 1706//3
f 1706//3 1705//3 1718//3
f 1703//3 1706//3 1641//3
f 1699//3 1702//3 1718//3
f 1695//3 1698//3 1717//3
f 1691//3 1694//3 1716//3
f 1687//3 1690//3 1715//3
f 1683//3 1686//3 1714//3
f 1679//3 1682//3 1713//3
f 1671//3 1676//3 1712//3
f 1667//3 1670//3 1711//3
f 1663//3 1666//3 1710//3
f 1659//3 1662//3 1709//3
f 1655//3 1658//3 1708//3
f 1707//3 1639//3 1625//3
f 1642//3 1641//3 1718//3
f 1654//3 1718//3 1717//3
f 1653//3 1717//3 1716//3
f 1652//3 1716//3 1715//3
f 1651//3 1715//3 1714//3
f 1650//3 1714//3 1713//3
f 1649//3 1713//3 1712//3
f 1648//3 1712//3 1711//3
f 1647//3 1711//3 1710//3
f 1646//3 1710//3 1709//3
f 1645//3 1709//3 1708//3
f 1644//3 1708//3 1707//3
f 1643//3 1707//3 1626//3
f 1721//6 1719//6 1720//6
f 1720//6 1722//6 1721//6
f 1727//5 1728//5 1726//5
f 1726//5 1725//5 1727//5
f 1734//1 1733//1 1731//1
f 1731//1 1732//1 1734//1
f 1736//4 1738//4 1737//4
f 1737//4 1735//4 1736//4
f 1741//5 1742//5 1740//5
f 1740//5 1739//5 1741//5
f 1746//4 1745//4 1747//4
f 1747//4 1748//4 1746//4
f 1750//4 1751//4 1752//4
f 1752//4 1749//4 1750//4
f 1753//1 1754//1 1756//1
f 1756//1 1755//1 1753//1
f 1761//6 1759//6 1760//6
f 1764//6 1762//6 1763//6
f 1763//6 1765//6 1764//6
s 0
usemtl 
f 1768//11 1769//11 1770//11
f 1770//11 1769//11 1771//11
f 1768//12 1770//12 1772//12
f 1768//13 1772//13 1773//13
f 1773//14 1772//14 1774//14
f 1773//15 1774//15 1775//15
f 1775//16 1774//16 1776//16
f 1775//16 1776//16 1777//16
f 1777//17 1776//17 1778//17
f 1777//17 1778//17 1779//17
f 1780//18 1779//18 1781//18
f 1781//18 1779//18 1778//18
f 1782//19 1780//19 1783//19
f 1783//19 1780//19 1781//19
f 1782//20 1783//20 1784//20
f 1782//20 1784//20 1785//20
f 1785//21 1784//21 1786//21
f 1785//21 1786//21 1787//21
f 1787//22 1786//22 1788//22
f 1787//23 1788//23 1789//23
f 1789//24 1788//24 1790//24
f 1789//25 1790//25 1791//25
f 1792//26 1791//26 1793//26
f 1793//26 1791//26 1790//26
f 1769//2 1792//2 1771//2
f 1771//2 1792//2 1793//2
f 1779//1 1780//1 1782//1
f 1791//1 1792//1 1769//1
f 1775//1 1777//1 1791//1
f 1782//1 1785//1 1779//1
f 1779//1 1785//1 1787//1
f 1789//1 1791//1 1779//1
f 1779//1 1791//1 1777//1
f 1779//1 1787//1 1789//1
f 1769//1 1768//1 1791//1
f 1791//1 1768//1 1773//1
f 1791//1 1773//1 1775//1
f 1771//4 1793//4 1770//4
f 1770//4 1793//4 1790//4
f 1790//4 1778//4 1776//4
f 1778//4 1790//4 1788//4
f 1778//4 1784//4 1783//4
f 1778//4 1783//4 1781//4
f 1790//4 1776//4 1774//4
f 1788//4 1786//4 1778//4
f 1778//4 1786//4 1784//4
f 1774//4 1772//4 1790//4
f 1790//4 1772//4 1770//4
f 1794//11 1795//11 1796//11
f 1796//11 1795//11 1797//11
f 1794//12 1796//12 1798//12
f 1794//13 1798//13 1799//13
f 1799//15 1798//15 1800//15
f 1799//15 1800//15 1801//15
f 1801//16 1800//16 1802//16
f 1801//16 1802//16 1803//16
f 1803//17 1802//17 1804//17
f 1803//17 1804//17 1805//17
f 1806//18 1805//18 1807//18
f 1807//18 1805//18 1804//18
f 1808//19 1806//19 1809//19
f 1809//19 1806//19 1807//19
f 1808//20 1809//20 1810//20
f 1808//20 1810//20 1811//20
f 1811//21 1810//21 1812//21
f 1811//21 1812//21 1813//21
f 1813//22 1812//22 1814//22
f 1813//22 1814//22 1815//22
f 1815//24 1814//24 1816//24
f 1815//25 1816//25 1817//25
f 1818//26 1817//26 1819//26
f 1819//26 1817//26 1816//26
f 1795//2 1818//2 1797//2
f 1797//2 1818//2 1819//2
f 1805//1 1806//1 1808//1
f 1817//1 1818//1 1795//1
f 1801//1 1803//1 1817//1
f 1808//1 1811//1 1805//1
f 1805//1 1811//1 1813//1
f 1815//1 1817//1 1805//1
f 1805//1 1817//1 1803//1
f 1805//1 1813//1 1815//1
f 1795//1 1794//1 1817//1
f 1817//1 1794//1 1799//1
f 1817//1 1799//1 1801//1
f 1797//4 1819//4 1796//4
f 1796//4 1819//4 1816//4
f 1816//4 1804//4 1802//4
f 1804//4 1816//4 1814//4
f 1804//4 1810//4 1809//4
f 1804//4 1809//4 1807//4
f 1816//4 1802//4 1800//4
f 1814//4 1812//4 1804//4
f 1804//4 1812//4 1810//4
f 1800//4 1798//4 1816//4
f 1816//4 1798//4 1796//4
f 1820//11 1821//11 1822//11
f 1822//11 1821//11 1823//11
f 1820//12 1822//12 1824//12
f 1820//13 1824//13 1825//13
f 1825//15 1824//15 1826//15
f 1825//15 1826//15 1827//15
f 1827//16 1826//16 1828//16
f 1827//16 1828//16 1829//16
f 1829//17 1828//17 1830//17
f 1829//17 1830//17 1831//17
f 1832//18 1831//18 1833//18
f 1833//18 1831//18 1830//18
f 1834//19 1832//19 1835//19
f 1835//19 1832//19 1833//19
f 1834//20 1835//20 1836//20
f 1834//20 1836//20 1837//20
f 1837//21 1836//21 1838//21
f 1837//21 1838//21 1839//21
f 1839//22 1838//22 1840//22
f 1839//22 1840//22 1841//22
f 1841//24 1840//24 1842//24
f 1841//25 1842//25 1843//25
f 1844//26 1843//26 1845//26
f 1845//26 1843//26 1842//26
f 1821//2 1844//2 1823//2
f 1823//2 1844//2 1845//2
f 1831//1 1832//1 1834//1
f 1843//1 1844//1 1821//1
f 1827//1 1829//1 1843//1
f 1834//1 1837//1 1831//1
f 1831//1 1837//1 1839//1
f 1841//1 1843//1 1831//1
f 1831//1 1843//1 1829//1
f 1831//1 1839//1 1841//1
f 1821//1 1820//1 1843//1
f 1843//1 1820//1 1825//1
f 1843//1 1825//1 1827//1
f 1823//4 1845//4 1822//4
f 1822//4 1845//4 1842//4
f 1842//4 1830//4 1828//4
f 1830//4 1842//4 1840//4
f 1830//4 1836//4 1835//4
f 1830//4 1835//4 1833//4
f 1842//4 1828//4 1826//4
f 1840//4 1838//4 1830//4
f 1830//4 1838//4 1836//4
f 1826//4 1824//4 1842//4
f 1842//4 1824//4 1822//4
f 1846//11 1847//11 1848//11
f 1848//11 1847//11 1849//11
f 1846//12 1848//12 1850//12
f 1846//13 1850//13 1851//13
f 1851//14 1850//14 1852//14
f 1851//15 1852//15 1853//15
f 1853//16 1852//16 1854//16
f 1853//16 1854//16 1855//16
f 1855//17 1854//17 1856//17
f 1855//17 1856//17 1857//17
f 1858//18 1857//18 1859//18
f 1859//18 1857//18 1856//18
f 1860//19 1858//19 1861//19
f 1861//19 1858//19 1859//19
f 1860//20 1861//20 1862//20
f 1860//20 1862//20 1863//20
f 1863//21 1862//21 1864//21
f 1863//21 1864//21 1865//21
f 1865//22 1864//22 1866//22
f 1865//23 1866//23 1867//23
f 1867//24 1866//24 1868//24
f 1867//25 1868//25 1869//25
f 1870//26 1869//26 1871//26
f 1871//26 1869//26 1868//26
f 1847//2 1870//2 1849//2
f 1849//2 1870//2 1871//2
f 1857//1 1858//1 1860//1
f 1869//1 1870//1 1847//1
f 1853//1 1855//1 1869//1
f 1860//1 1863//1 1857//1
f 1857//1 1863//1 1865//1
f 1867//1 1869//1 1857//1
f 1857//1 1869//1 1855//1
f 1857//1 1865//1 1867//1
f 1847//1 1846//1 1869//1
f 1869//1 1846//1 1851//1
f 1869//1 1851//1 1853//1
f 1849//4 1871//4 1848//4
f 1848//4 1871//4 1868//4
f 1868//4 1856//4 1854//4
f 1856//4 1868//4 1866//4
f 1856//4 1862//4 1861//4
f 1856//4 1861//4 1859//4
f 1868//4 1854//4 1852//4
f 1866//4 1864//4 1856//4
f 1856//4 1864//4 1862//4
f 1852//4 1850//4 1868//4
f 1868//4 1850//4 1848//4
f 1872//11 1873//11 1874//11
f 1874//11 1873//11 1875//11
f 1872//12 1874//12 1876//12
f 1872//13 1876//13 1877//13
f 1877//14 1876//14 1878//14
f 1877//15 1878//15 1879//15
f 1879//16 1878//16 1880//16
f 1879//16 1880//16 1881//16
f 1881//17 1880//17 1882//17
f 1881//17 1882//17 1883//17
f 1884//18 1883//18 1885//18
f 1885//18 1883//18 1882//18
f 1886//19 1884//19 1887//19
f 1887//19 1884//19 1885//19
f 1886//20 1887//20 1888//20
f 1886//20 1888//20 1889//20
f 1889//21 1888//21 1890//21
f 1889//21 1890//21 1891//21
f 1891//22 1890//22 1892//22
f 1891//23 1892//23 1893//23
f 1893//24 1892//24 1894//24
f 1893//25 1894//25 1895//25
f 1896//26 1895//26 1897//26
f 1897//26 1895//26 1894//26
f 1873//2 1896//2 1875//2
f 1875//2 1896//2 1897//2
f 1883//1 1884//1 1886//1
f 1895//1 1896//1 1873//1
f 1879//1 1881//1 1895//1
f 1886//1 1889//1 1883//1
f 1883//1 1889//1 1891//1
f 1893//1 1895//1 1883//1
f 1883//1 1895//1 1881//1
f 1883//1 1891//1 1893//1
f 1873//1 1872//1 1895//1
f 1895//1 1872//1 1877//1
f 1895//1 1877//1 1879//1
f 1875//4 1897//4 1874//4
f 1874//4 1897//4 1894//4
f 1894//4 1882//4 1880//4
f 1882//4 1894//4 1892//4
f 1882//4 1888//4 1887//4
f 1882//4 1887//4 1885//4
f 1894//4 1880//4 1878//4
f 1892//4 1890//4 1882//4
f 1882//4 1890//4 1888//4
f 1878//4 1876//4 1894//4
f 1894//4 1876//4 1874//4
f 1898//11 1899//11 1900//11
f 1900//11 1899//11 1901//11
f 1898//13 1900//13 1902//13
f 1898//12 1902//12 1903//12
f 1903//15 1902//15 1904//15
f 1903//14 1904//14 1905//14
f 1905//16 1904//16 1906//16
f 1905//16 1906//16 1907//16
f 1907//17 1906//17 1908//17
f 1907//17 1908//17 1909//17
f 1910//18 1909//18 1911//18
f 1911//18 1909//18 1908//18
f 1912//19 1910//19 1913//19
f 1913//19 1910//19 1911//19
f 1912//20 1913//20 1914//20
f 1912//20 1914//20 1915//20
f 1915//21 1914//21 1916//21
f 1915//21 1916//21 1917//21
f 1917//23 1916//23 1918//23
f 1917//22 1918//22 1919//22
f 1919//25 1918//25 1920//25
f 1919//24 1920//24 1921//24
f 1922//26 1921//26 1923//26
f 1923//26 1921//26 1920//26
f 1899//2 1922//2 1901//2
f 1901//2 1922//2 1923//2
f 1909//1 1910//1 1912//1
f 1921//1 1922//1 1899//1
f 1905//1 1907//1 1921//1
f 1912//1 1915//1 1909//1
f 1909//1 1915//1 1917//1
f 1919//1 1921//1 1909//1
f 1909//1 1921//1 1907//1
f 1909//1 1917//1 1919//1
f 1899//1 1898//1 1921//1
f 1921//1 1898//1 1903//1
f 1921//1 1903//1 1905//1
f 1901//4 1923//4 1900//4
f 1900//4 1923//4 1920//4
f 1920//4 1908//4 1906//4
f 1908//4 1920//4 1918//4
f 1908//4 1914//4 1913//4
f 1908//4 1913//4 1911//4
f 1920//4 1906//4 1904//4
f 1918//4 1916//4 1908//4
f 1908//4 1916//4 1914//4
f 1904//4 1902//4 1920//4
f 1920//4 1902//4 1900//4
f 1924//11 1925//11 1926//11
f 1926//11 1925//11 1927//11
f 1924//13 1926//13 1928//13
f 1924//12 1928//12 1929//12
f 1929//15 1928//15 1930//15
f 1929//14 1930//14 1931//14
f 1931//16 1930//16 1932//16
f 1931//16 1932//16 1933//16
f 1933//17 1932//17 1934//17
f 1933//17 1934//17 1935//17
f 1936//18 1935//18 1937//18
f 1937//18 1935//18 1934//18
f 1938//19 1936//19 1939//19
f 1939//19 1936//19 1937//19
f 1938//20 1939//20 1940//20
f 1938//20 1940//20 1941//20
f 1941//21 1940//21 1942//21
f 1941//21 1942//21 1943//21
f 1943//23 1942//23 1944//23
f 1943//22 1944//22 1945//22
f 1945//25 1944//25 1946//25
f 1945//24 1946//24 1947//24
f 1948//26 1947//26 1949//26
f 1949//26 1947//26 1946//26
f 1925//2 1948//2 1927//2
f 1927//2 1948//2 1949//2
f 1935//1 1936//1 1938//1
f 1947//1 1948//1 1925//1
f 1931//1 1933//1 1947//1
f 1938//1 1941//1 1935//1
f 1935//1 1941//1 1943//1
f 1945//1 1947//1 1935//1
f 1935//1 1947//1 1933//1
f 1935//1 1943//1 1945//1
f 1925//1 1924//1 1947//1
f 1947//1 1924//1 1929//1
f 1947//1 1929//1 1931//1
f 1927//4 1949//4 1926//4
f 1926//4 1949//4 1946//4
f 1946//4 1934//4 1932//4
f 1934//4 1946//4 1944//4
f 1934//4 1940//4 1939//4
f 1934//4 1939//4 1937//4
f 1946//4 1932//4 1930//4
f 1944//4 1942//4 1934//4
f 1934//4 1942//4 1940//4
f 1930//4 1928//4 1946//4
f 1946//4 1928//4 1926//4
f 1950//11 1951//11 1952//11
f 1952//11 1951//11 1953//11
f 1950//13 1952//13 1954//13
f 1950//12 1954//12 1955//12
f 1955//15 1954//15 1956//15
f 1955//14 1956//14 1957//14
f 1957//16 1956//16 1958//16
f 1957//16 1958//16 1959//16
f 1959//17 1958//17 1960//17
f 1959//17 1960//17 1961//17
f 1962//18 1961//18 1963//18
f 1963//18 1961//18 1960//18
f 1964//19 1962//19 1965//19
f 1965//19 1962//19 1963//19
f 1964//20 1965//20 1966//20
f 1964//20 1966//20 1967//20
f 1967//21 1966//21 1968//21
f 1967//21 1968//21 1969//21
f 1969//23 1968//23 1970//23
f 1969//22 1970//22 1971//22
f 1971//25 1970//25 1972//25
f 1971//24 1972//24 1973//24
f 1974//26 1973//26 1975//26
f 1975//26 1973//26 1972//26
f 1951//2 1974//2 1953//2
f 1953//2 1974//2 1975//2
f 1961//1 1962//1 1964//1
f 1973//1 1974//1 1951//1
f 1957//1 1959//1 1973//1
f 1964//1 1967//1 1961//1
f 1961//1 1967//1 1969//1
f 1971//1 1973//1 1961//1
f 1961//1 1973//1 1959//1
f 1961//1 1969//1 1971//1
f 1951//1 1950//1 1973//1
f 1973//1 1950//1 1955//1
f 1973//1 1955//1 1957//1
f 1953//4 1975//4 1952//4
f 1952//4 1975//4 1972//4
f 1972//4 1960//4 1958//4
f 1960//4 1972//4 1970//4
f 1960//4 1966//4 1965//4
f 1960//4 1965//4 1963//4
f 1972//4 1958//4 1956//4
f 1970//4 1968//4 1960//4
f 1960//4 1968//4 1966//4
f 1956//4 1954//4 1972//4
f 1972//4 1954//4 1952//4
f 1976//11 1977//11 1978//11
f 1978//11 1977//11 1979//11
f 1976//12 1978//12 1980//12
f 1976//13 1980//13 1981//13
f 1981//14 1980//14 1982//14
f 1981//15 1982//15 1983//15
f 1983//16 1982//16 1984//16
f 1983//16 1984//16 1985//16
f 1985//17 1984//17 1986//17
f 1985//17 1986//17 1987//17
f 1988//18 1987//18 1989//18
f 1989//18 1987//18 1986//18
f 1990//19 1988//19 1991//19
f 1991//19 1988//19 1989//19
f 1990//20 1991//20 1992//20
f 1990//20 1992//20 1993//20
f 1993//21 1992//21 1994//21
f 1993//21 1994//21 1995//21
f 1995//22 1994//22 1996//22
f 1995//23 1996//23 1997//23
f 1997//24 1996//24 1998//24
f 1997//25 1998//25 1999//25
f 2000//26 1999//26 2001//26
f 2001//26 1999//26 1998//26
f 1977//2 2000//2 1979//2
f 1979//2 2000//2 2001//2
f 1987//1 1988//1 1990//1
f 1999//1 2000//1 1977//1
f 1983//1 1985//1 1999//1
f 1990//1 1993//1 1987//1
f 1987//1 1993//1 1995//1
f 1997//1 1999//1 1987//1
f 1987//1 1999//1 1985//1
f 1987//1 1995//1 1997//1
f 1977//1 1976//1 1999//1
f 1999//1 1976//1 1981//1
f 1999//1 1981//1 1983//1
f 1979//4 2001//4 1978//4
f 1978//4 2001//4 1998//4
f 1998//4 1986//4 1984//4
f 1986//4 1998//4 1996//4
f 1986//4 1992//4 1991//4
f 1986//4 1991//4 1989//4
f 1998//4 1984//4 1982//4
f 1996//4 1994//4 1986//4
f 1986//4 1994//4 1992//4
f 1982//4 1980//4 1998//4
f 1998//4 1980//4 1978//4
f 2002//11 2003//11 2004//11
f 2004//11 2003//11 2005//11
f 2002//13 2004//13 2006//13
f 2002//13 2006//13 2007//13
f 2007//14 2006//14 2008//14
f 2007//15 2008//15 2009//15
f 2009//16 2008//16 2010//16
f 2009//16 2010//16 2011//16
f 2011//17 2010//17 2012//17
f 2011//17 2012//17 2013//17
f 2014//18 2013//18 2015//18
f 2015//18 2013//18 2012//18
f 2016//19 2014//19 2017//19
f 2017//19 2014//19 2015//19
f 2016//20 2017//20 2018//20
f 2016//20 2018//20 2019//20
f 2019//21 2018//21 2020//21
f 2019//21 2020//21 2021//21
f 2021//22 2020//22 2022//22
f 2021//23 2022//23 2023//23
f 2023//24 2022//24 2024//24
f 2023//24 2024//24 2025//24
f 2026//26 2025//26 2027//26
f 2027//26 2025//26 2024//26
f 2003//2 2026//2 2005//2
f 2005//2 2026//2 2027//2
f 2013//1 2014//1 2016//1
f 2025//1 2026//1 2003//1
f 2009//1 2011//1 2025//1
f 2016//1 2019//1 2013//1
f 2013//1 2019//1 2021//1
f 2023//1 2025//1 2013//1
f 2013//1 2025//1 2011//1
f 2013//1 2021//1 2023//1
f 2003//1 2002//1 2025//1
f 2025//1 2002//1 2007//1
f 2025//1 2007//1 2009//1
f 2005//4 2027//4 2004//4
f 2004//4 2027//4 2024//4
f 2024//4 2012//4 2010//4
f 2012//4 2024//4 2022//4
f 2012//4 2018//4 2017//4
f 2012//4 2017//4 2015//4
f 2024//4 2010//4 2008//4
f 2022//4 2020//4 2012//4
f 2012//4 2020//4 2018//4
f 2008//4 2006//4 2024//4
f 2024//4 2006//4 2004//4
f 2028//11 2029//11 2030//11
f 2030//11 2029//11 2031//11
f 2028//12 2030//12 2032//12
f 2028//13 2032//13 2033//13
f 2033//14 2032//14 2034//14
f 2033//15 2034//15 2035//15
f 2035//16 2034//16 2036//16
f 2035//16 2036//16 2037//16
f 2037//17 2036//17 2038//17
f 2037//17 2038//17 2039//17
f 2040//18 2039//18 2041//18
f 2041//18 2039//18 2038//18
f 2042//19 2040//19 2043//19
f 2043//19 2040//19 2041//19
f 2042//20 2043//20 2044//20
f 2042//20 2044//20 2045//20
f 2045//21 2044//21 2046//21
f 2045//21 2046//21 2047//21
f 2047//22 2046//22 2048//22
f 2047//23 2048//23 2049//23
f 2049//24 2048//24 2050//24
f 2049//25 2050//25 2051//25
f 2052//26 2051//26 2053//26
f 2053//26 2051//26 2050//26
f 2029//2 2052//2 2031//2
f 2031//2 2052//2 2053//2
f 2039//1 2040//1 2042//1
f 2051//1 2052//1 2029//1
f 2035//1 2037//1 2051//1
f 2042//1 2045//1 2039//1
f 2039//1 2045//1 2047//1
f 2049//1 2051//1 2039//1
f 2039//1 2051//1 2037//1
f 2039//1 2047//1 2049//1
f 2029//1 2028//1 2051//1
f 2051//1 2028//1 2033//1
f 2051//1 2033//1 2035//1
f 2031//4 2053//4 2030//4
f 2030//4 2053//4 2050//4
f 2050//4 2038//4 2036//4
f 2038//4 2050//4 2048//4
f 2038//4 2044//4 2043//4
f 2038//4 2043//4 2041//4
f 2050//4 2036//4 2034//4
f 2048//4 2046//4 2038//4
f 2038//4 2046//4 2044//4
f 2034//4 2032//4 2050//4
f 2050//4 2032//4 2030//4
f 2054//11 2055//11 2056//11
f 2056//11 2055//11 2057//11
f 2054//13 2056//13 2058//13
f 2054//13 2058//13 2059//13
f 2059//14 2058//14 2060//14
f 2059//15 2060//15 2061//15
f 2061//16 2060//16 2062//16
f 2061//16 2062//16 2063//16
f 2063//17 2062//17 2064//17
f 2063//17 2064//17 2065//17
f 2066//18 2065//18 2067//18
f 2067//18 2065//18 2064//18
f 2068//19 2066//19 2069//19
f 2069//19 2066//19 2067//19
f 2068//20 2069//20 2070//20
f 2068//20 2070//20 2071//20
f 2071//21 2070//21 2072//21
f 2071//21 2072//21 2073//21
f 2073//22 2072//22 2074//22
f 2073//23 2074//23 2075//23
f 2075//24 2074//24 2076//24
f 2075//24 2076//24 2077//24
f 2078//26 2077//26 2079//26
f 2079//26 2077//26 2076//26
f 2055//2 2078//2 2057//2
f 2057//2 2078//2 2079//2
f 2065//1 2066//1 2068//1
f 2077//1 2078//1 2055//1
f 2061//1 2063//1 2077//1
f 2068//1 2071//1 2065//1
f 2065//1 2071//1 2073//1
f 2075//1 2077//1 2065//1
f 2065//1 2077//1 2063//1
f 2065//1 2073//1 2075//1
f 2055//1 2054//1 2077//1
f 2077//1 2054//1 2059//1
f 2077//1 2059//1 2061//1
f 2057//4 2079//4 2056//4
f 2056//4 2079//4 2076//4
f 2076//4 2064//4 2062//4
f 2064//4 2076//4 2074//4
f 2064//4 2070//4 2069//4
f 2064//4 2069//4 2067//4
f 2076//4 2062//4 2060//4
f 2074//4 2072//4 2064//4
f 2064//4 2072//4 2070//4
f 2060//4 2058//4 2076//4
f 2076//4 2058//4 2056//4
f 2080//11 2081//11 2082//11
f 2082//11 2081//11 2083//11
f 2080//12 2082//12 2084//12
f 2080//13 2084//13 2085//13
f 2085//14 2084//14 2086//14
f 2085//15 2086//15 2087//15
f 2087//16 2086//16 2088//16
f 2087//16 2088//16 2089//16
f 2089//17 2088//17 2090//17
f 2089//17 2090//17 2091//17
f 2092//18 2091//18 2093//18
f 2093//18 2091//18 2090//18
f 2094//19 2092//19 2095//19
f 2095//19 2092//19 2093//19
f 2094//20 2095//20 2096//20
f 2094//20 2096//20 2097//20
f 2097//21 2096//21 2098//21
f 2097//21 2098//21 2099//21
f 2099//22 2098//22 2100//22
f 2099//23 2100//23 2101//23
f 2101//24 2100//24 2102//24
f 2101//25 2102//25 2103//25
f 2104//26 2103//26 2105//26
f 2105//26 2103//26 2102//26
f 2081//2 2104//2 2083//2
f 2083//2 2104//2 2105//2
f 2091//1 2092//1 2094//1
f 2103//1 2104//1 2081//1
f 2087//1 2089//1 2103//1
f 2094//1 2097//1 2091//1
f 2091//1 2097//1 2099//1
f 2101//1 2103//1 2091//1
f 2091//1 2103//1 2089//1
f 2091//1 2099//1 2101//1
f 2081//1 2080//1 2103//1
f 2103//1 2080//1 2085//1
f 2103//1 2085//1 2087//1
f 2083//4 2105//4 2082//4
f 2082//4 2105//4 2102//4
f 2102//4 2090//4 2088//4
f 2090//4 2102//4 2100//4
f 2090//4 2096//4 2095//4
f 2090//4 2095//4 2093//4
f 2102//4 2088//4 2086//4
f 2100//4 2098//4 2090//4
f 2090//4 2098//4 2096//4
f 2086//4 2084//4 2102//4
f 2102//4 2084//4 2082//4
l 29 30
l 35 36
l 67 68
l 77 78
l 119 120
l 125 126
l 141 142
l 151 152
l 193 194
l 199 200
l 237 238
l 247 248
l 267 268
l 273 274
l 311 312
l 321 322
l 363 364
l 369 370
l 385 386
l 397 398
l 445 446
l 1723 1724
l 1729 1730
l 1743 1744
l 1757 1758
l 1766 1767
