# Blender v4.1.0 OBJ File: ''
# www.blender.org
mtllib monumentsign2_processed.mtl
o Cube.002
v 1.564129 2.569342 0.079909
v -2.767115 2.569342 0.079909
v -2.767115 2.569342 0.079909
v 1.564129 2.569342 0.079909
v 1.541783 0.567295 -0.079704
v 1.564129 2.569342 -0.079704
v 1.541782 0.567295 0.079909
v 1.511461 0.584797 0.116388
v 1.532492 2.551839 0.116388
v -2.734555 2.551839 0.116388
v -2.684715 0.584797 0.116388
v -2.714160 0.567295 0.079909
v -2.714160 0.567295 0.079909
v 1.564129 2.569342 -0.079704
v -2.767115 2.569342 -0.079704
v -2.767115 2.569342 -0.079704
v 1.541782 0.567295 0.079909
v -2.714160 0.567295 -0.079704
v 1.511461 0.584798 -0.116183
v -2.684715 0.584798 -0.116183
v -2.734555 2.551839 -0.116183
v 1.532492 2.551839 -0.116183
v -2.714160 0.567295 -0.079704
v 1.541783 0.567295 -0.079704
v -2.577870 2.370151 0.116388
v -2.578763 2.370151 0.122688
v -2.570753 2.380102 0.123797
v -2.569704 2.380102 0.116388
v -2.569704 2.453067 0.116388
v -2.570753 2.453067 0.123797
v -2.578763 2.463018 0.122688
v -2.577870 2.463018 0.116388
v -2.587821 2.361985 0.116388
v -2.588522 2.361985 0.121338
v -2.563635 2.441714 0.116388
v -2.564801 2.441714 0.124620
v -2.599174 2.355916 0.116388
v -2.599657 2.355916 0.119798
v -2.559899 2.429396 0.116388
v -2.561136 2.429396 0.125127
v -2.611493 2.352179 0.116388
v -2.611739 2.352179 0.118126
v -2.558637 2.416585 0.116388
v -2.559899 2.416585 0.125298
v -2.611493 2.480990 0.116388
v -2.611739 2.480990 0.118126
v -2.624304 2.482252 0.116388
v -2.624304 2.350918 0.116388
v -2.559899 2.403774 0.116388
v -2.561136 2.403774 0.125127
v -2.599174 2.477253 0.116388
v -2.599657 2.477253 0.119798
v -2.563635 2.391455 0.116388
v -2.564801 2.391455 0.124620
v -2.587821 2.471185 0.116388
v -2.588522 2.471185 0.121338
v -2.612468 2.480990 0.119798
v -2.612468 2.352179 0.119798
v -2.564801 2.403774 0.133530
v -2.563635 2.416585 0.133866
v -2.601087 2.477253 0.123076
v -2.568254 2.391455 0.132535
v -2.590598 2.471185 0.126098
v -2.573860 2.380102 0.130920
v -2.581405 2.463018 0.128746
v -2.581405 2.370151 0.128746
v -2.573860 2.453067 0.130920
v -2.590598 2.361985 0.126098
v -2.568254 2.441714 0.132535
v -2.601087 2.355916 0.123076
v -2.564801 2.429396 0.133530
v -2.578906 2.453067 0.137485
v -2.585696 2.463018 0.134330
v -2.593969 2.361985 0.130485
v -2.585696 2.370151 0.134330
v -2.573860 2.441714 0.139830
v -2.603409 2.355916 0.126098
v -2.570753 2.429396 0.141274
v -2.613652 2.352179 0.121338
v -2.569704 2.416585 0.141761
v -2.613652 2.480990 0.121338
v -2.570753 2.403774 0.141274
v -2.603409 2.477253 0.126098
v -2.573860 2.391455 0.139830
v -2.593969 2.471185 0.130485
v -2.578906 2.380102 0.137485
v -2.578763 2.403774 0.148061
v -2.577870 2.416585 0.148682
v -2.606534 2.477253 0.128746
v -2.615245 2.480990 0.122688
v -2.581405 2.391455 0.146224
v -2.598507 2.471185 0.134330
v -2.585696 2.380102 0.143240
v -2.591470 2.463018 0.139223
v -2.591470 2.370151 0.139223
v -2.585696 2.453067 0.143240
v -2.598507 2.361985 0.134330
v -2.581405 2.441714 0.146224
v -2.606534 2.355916 0.128746
v -2.578763 2.429396 0.148061
v -2.615245 2.352179 0.122688
v -2.604035 2.361985 0.137485
v -2.598507 2.370151 0.143240
v -2.590598 2.441714 0.151471
v -2.593969 2.453067 0.147962
v -2.610343 2.355916 0.130920
v -2.588522 2.429396 0.153632
v -2.617186 2.352179 0.123796
v -2.587821 2.416585 0.154362
v -2.617186 2.480990 0.123796
v -2.588522 2.403774 0.153632
v -2.610343 2.477253 0.130920
v -2.590598 2.391455 0.151471
v -2.604035 2.471185 0.137485
v -2.593969 2.380102 0.147962
v -2.598507 2.463018 0.143240
v -2.614687 2.477253 0.132535
v -2.619401 2.480990 0.124620
v -2.601087 2.391455 0.155370
v -2.599657 2.403774 0.157771
v -2.610343 2.471185 0.139830
v -2.603409 2.380102 0.151471
v -2.606534 2.463018 0.146224
v -2.606534 2.370151 0.146224
v -2.603409 2.453067 0.151471
v -2.610343 2.361985 0.139830
v -2.601087 2.441714 0.155370
v -2.614687 2.355916 0.132535
v -2.599657 2.429396 0.157771
v -2.619401 2.352179 0.124620
v -2.599174 2.416585 0.158582
v -2.612468 2.441714 0.157771
v -2.613652 2.453067 0.153632
v -2.619401 2.355916 0.133530
v -2.617186 2.361985 0.141274
v -2.611739 2.429396 0.160320
v -2.621804 2.352179 0.125127
v -2.611493 2.416585 0.161181
v -2.621804 2.480990 0.125127
v -2.611739 2.403774 0.160320
v -2.619401 2.477253 0.133530
v -2.612468 2.391455 0.157771
v -2.617186 2.471185 0.141274
v -2.613652 2.380102 0.153632
v -2.615245 2.463018 0.148061
v -2.615245 2.370151 0.148061
v -2.624304 2.391455 0.158582
v -2.624304 2.403774 0.161181
v -2.624304 2.471185 0.141761
v -2.624304 2.477253 0.133866
v -2.624304 2.380102 0.154362
v -2.624304 2.463018 0.148682
v -2.624304 2.370151 0.148682
v -2.624304 2.453067 0.154362
v -2.624304 2.361985 0.141761
v -2.624304 2.441714 0.158582
v -2.624304 2.355916 0.133866
v -2.624304 2.429396 0.161181
v -2.624304 2.352179 0.125298
v -2.624304 2.416585 0.162058
v -2.624304 2.480990 0.125298
v -2.629206 2.355916 0.133530
v -2.631421 2.361985 0.141274
v -2.636868 2.429396 0.160320
v -2.636140 2.441714 0.157771
v -2.626803 2.352179 0.125127
v -2.637115 2.416585 0.161181
v -2.626803 2.480990 0.125127
v -2.636868 2.403774 0.160320
v -2.629206 2.477253 0.133530
v -2.636140 2.391455 0.157771
v -2.631421 2.471185 0.141274
v -2.634956 2.380102 0.153632
v -2.633363 2.463018 0.148061
v -2.633363 2.370151 0.148061
v -2.634956 2.453067 0.153632
v -2.645198 2.380102 0.151471
v -2.647521 2.391455 0.155370
v -2.642073 2.463018 0.146224
v -2.638265 2.471185 0.139830
v -2.642073 2.370151 0.146224
v -2.645198 2.453067 0.151471
v -2.638265 2.361985 0.139830
v -2.647521 2.441714 0.155370
v -2.633920 2.355916 0.132535
v -2.648951 2.429396 0.157771
v -2.629206 2.352179 0.124620
v -2.649434 2.416585 0.158582
v -2.629206 2.480990 0.124620
v -2.648951 2.403774 0.157771
v -2.633920 2.477253 0.132535
v -2.631421 2.352179 0.123796
v -2.638265 2.355916 0.130920
v -2.660787 2.416585 0.154362
v -2.660085 2.429396 0.153632
v -2.631421 2.480990 0.123796
v -2.660085 2.403774 0.153632
v -2.638265 2.477253 0.130920
v -2.658010 2.391455 0.151471
v -2.644572 2.471185 0.137485
v -2.654638 2.380102 0.147962
v -2.650101 2.463018 0.143240
v -2.650101 2.370151 0.143240
v -2.654638 2.453067 0.147962
v -2.644572 2.361985 0.137485
v -2.658010 2.441714 0.151471
v -2.657137 2.463018 0.139223
v -2.650101 2.471185 0.134330
v -2.657137 2.370151 0.139223
v -2.662912 2.380102 0.143239
v -2.662912 2.453067 0.143239
v -2.650101 2.361985 0.134330
v -2.667203 2.441714 0.146224
v -2.642073 2.355916 0.128746
v -2.669845 2.429396 0.148061
v -2.633363 2.352179 0.122688
v -2.670738 2.416585 0.148682
v -2.633363 2.480990 0.122688
v -2.669845 2.403774 0.148061
v -2.642073 2.477253 0.128746
v -2.667203 2.391455 0.146224
v -2.678904 2.416585 0.141761
v -2.677855 2.429396 0.141274
v -2.634956 2.480990 0.121338
v -2.634956 2.352179 0.121338
v -2.677855 2.403774 0.141274
v -2.645198 2.477253 0.126098
v -2.674748 2.391455 0.139830
v -2.654638 2.471185 0.130485
v -2.669703 2.380102 0.137485
v -2.662912 2.463018 0.134330
v -2.662912 2.370151 0.134330
v -2.669703 2.453067 0.137485
v -2.654638 2.361985 0.130485
v -2.674748 2.441714 0.139830
v -2.645198 2.355916 0.126098
v -2.667203 2.370151 0.128746
v -2.674748 2.380102 0.130920
v -2.674748 2.453067 0.130920
v -2.667203 2.463018 0.128746
v -2.658009 2.361985 0.126098
v -2.680354 2.441714 0.132535
v -2.647521 2.355916 0.123076
v -2.683807 2.429396 0.133530
v -2.636140 2.352179 0.119798
v -2.684972 2.416585 0.133866
v -2.636140 2.480990 0.119798
v -2.683807 2.403774 0.133530
v -2.647521 2.477253 0.123076
v -2.680354 2.391455 0.132535
v -2.658009 2.471185 0.126098
v -2.636868 2.480990 0.118126
v -2.636868 2.352179 0.118126
v -2.687471 2.403774 0.125127
v -2.688709 2.416585 0.125298
v -2.648951 2.477253 0.119798
v -2.683807 2.391455 0.124620
v -2.660085 2.471185 0.121338
v -2.677855 2.380102 0.123796
v -2.669845 2.463018 0.122688
v -2.669845 2.370151 0.122688
v -2.677855 2.453067 0.123796
v -2.660085 2.361985 0.121338
v -2.683807 2.441714 0.124620
v -2.648951 2.355916 0.119798
v -2.687471 2.429396 0.125127
v -2.678904 2.453067 0.116388
v -2.670738 2.463018 0.116388
v -2.660787 2.361985 0.116388
v -2.670738 2.370151 0.116388
v -2.684972 2.441714 0.116388
v -2.649434 2.355916 0.116388
v -2.688709 2.429396 0.116388
v -2.637115 2.352179 0.116388
v -2.689971 2.416585 0.116388
v -2.637115 2.480990 0.116388
v -2.688709 2.403774 0.116388
v -2.649434 2.477253 0.116388
v -2.684972 2.391455 0.116388
v -2.660787 2.471185 0.116388
v -2.678904 2.380102 0.116388
v -2.523911 0.655517 0.115582
v -2.515745 0.665468 0.115582
v -2.516794 0.665468 0.122990
v -2.524804 0.655517 0.121882
v -2.515745 0.738434 0.115582
v -2.523911 0.748385 0.115582
v -2.524804 0.748385 0.121882
v -2.516794 0.738434 0.122990
v -2.533862 0.647351 0.115582
v -2.534563 0.647351 0.120532
v -2.509676 0.727081 0.115582
v -2.510842 0.727081 0.123813
v -2.545216 0.641283 0.115582
v -2.545698 0.641283 0.118991
v -2.505940 0.714762 0.115582
v -2.507177 0.714762 0.124320
v -2.557534 0.637546 0.115582
v -2.557780 0.637546 0.117320
v -2.504678 0.701951 0.115582
v -2.505940 0.701951 0.124492
v -2.557534 0.766356 0.115582
v -2.570345 0.767618 0.115582
v -2.557780 0.766356 0.117320
v -2.570345 0.636284 0.115582
v -2.505940 0.689140 0.115582
v -2.507177 0.689140 0.124320
v -2.545216 0.762619 0.115582
v -2.545698 0.762619 0.118991
v -2.509676 0.676821 0.115582
v -2.510842 0.676821 0.123813
v -2.533862 0.756551 0.115582
v -2.534563 0.756551 0.120532
v -2.558509 0.766356 0.118991
v -2.558509 0.637546 0.118991
v -2.509676 0.701951 0.133059
v -2.510842 0.689140 0.132723
v -2.547128 0.762619 0.122270
v -2.514295 0.676821 0.131729
v -2.536639 0.756551 0.125292
v -2.519901 0.665468 0.130114
v -2.527446 0.748385 0.127940
v -2.527446 0.655517 0.127940
v -2.519901 0.738434 0.130114
v -2.536639 0.647351 0.125292
v -2.514295 0.727081 0.131729
v -2.547128 0.641283 0.122270
v -2.510842 0.714762 0.132723
v -2.531737 0.748385 0.133523
v -2.524947 0.738434 0.136679
v -2.531737 0.655517 0.133523
v -2.540011 0.647351 0.129678
v -2.519901 0.727081 0.139023
v -2.549450 0.641283 0.125292
v -2.516794 0.714762 0.140467
v -2.559693 0.637546 0.120532
v -2.515745 0.701951 0.140955
v -2.559693 0.766356 0.120532
v -2.516794 0.689140 0.140467
v -2.549450 0.762619 0.125292
v -2.519901 0.676821 0.139023
v -2.540011 0.756551 0.129678
v -2.524947 0.665468 0.136679
v -2.523911 0.701951 0.147876
v -2.524804 0.689140 0.147255
v -2.561286 0.766356 0.121882
v -2.552576 0.762619 0.127940
v -2.527446 0.676821 0.145417
v -2.544548 0.756551 0.133523
v -2.531737 0.665468 0.142433
v -2.537511 0.748385 0.138417
v -2.537511 0.655517 0.138417
v -2.531737 0.738434 0.142433
v -2.544548 0.647351 0.133523
v -2.527446 0.727081 0.145417
v -2.552576 0.641283 0.127940
v -2.524804 0.714762 0.147255
v -2.561286 0.637546 0.121882
v -2.544548 0.655517 0.142433
v -2.550076 0.647351 0.136679
v -2.540011 0.738434 0.147156
v -2.536639 0.727081 0.150665
v -2.556384 0.641283 0.130114
v -2.534563 0.714762 0.152826
v -2.563228 0.637546 0.122990
v -2.533862 0.701951 0.153555
v -2.563228 0.766356 0.122990
v -2.534563 0.689140 0.152826
v -2.556384 0.762619 0.130114
v -2.536639 0.676821 0.150665
v -2.550076 0.756551 0.136679
v -2.540011 0.665468 0.147156
v -2.544548 0.748385 0.142433
v -2.565443 0.766356 0.123813
v -2.560728 0.762619 0.131729
v -2.545698 0.689140 0.156965
v -2.547128 0.676821 0.154564
v -2.556384 0.756551 0.139023
v -2.549450 0.665468 0.150665
v -2.552576 0.748385 0.145417
v -2.552576 0.655517 0.145417
v -2.549450 0.738434 0.150665
v -2.556384 0.647351 0.139023
v -2.547128 0.727081 0.154564
v -2.560728 0.641283 0.131729
v -2.545698 0.714762 0.156965
v -2.565443 0.637546 0.123813
v -2.545216 0.701951 0.157776
v -2.559693 0.738434 0.152826
v -2.558509 0.727081 0.156965
v -2.563228 0.647351 0.140467
v -2.565443 0.641283 0.132723
v -2.557780 0.714762 0.159514
v -2.567846 0.637546 0.124320
v -2.557534 0.701951 0.160374
v -2.567846 0.766356 0.124320
v -2.557780 0.689140 0.159514
v -2.565443 0.762619 0.132723
v -2.558509 0.676821 0.156965
v -2.563228 0.756551 0.140467
v -2.559693 0.665468 0.152826
v -2.561286 0.748385 0.147255
v -2.561286 0.655517 0.147255
v -2.570345 0.689140 0.160374
v -2.570345 0.676821 0.157776
v -2.570345 0.762619 0.133059
v -2.570345 0.756551 0.140955
v -2.570345 0.665468 0.153555
v -2.570345 0.748385 0.147876
v -2.570345 0.655517 0.147876
v -2.570345 0.738434 0.153555
v -2.570345 0.647351 0.140955
v -2.570345 0.727081 0.157776
v -2.570345 0.641283 0.133059
v -2.570345 0.714762 0.160374
v -2.570345 0.637546 0.124492
v -2.570345 0.701951 0.161252
v -2.570345 0.766356 0.124492
v -2.577462 0.647351 0.140467
v -2.575248 0.641283 0.132723
v -2.582181 0.727081 0.156965
v -2.582910 0.714762 0.159514
v -2.572845 0.637546 0.124320
v -2.583156 0.701951 0.160374
v -2.572845 0.766356 0.124320
v -2.582910 0.689140 0.159514
v -2.575248 0.762619 0.132723
v -2.582181 0.676821 0.156965
v -2.577462 0.756551 0.140467
v -2.580997 0.665468 0.152826
v -2.579404 0.748385 0.147255
v -2.579404 0.655517 0.147255
v -2.580997 0.738434 0.152826
v -2.593562 0.676821 0.154564
v -2.591239 0.665468 0.150665
v -2.584306 0.756551 0.139023
v -2.588114 0.748385 0.145417
v -2.588114 0.655517 0.145417
v -2.591239 0.738434 0.150665
v -2.584306 0.647351 0.139023
v -2.593562 0.727081 0.154564
v -2.579962 0.641283 0.131729
v -2.594992 0.714762 0.156965
v -2.575248 0.637546 0.123813
v -2.595475 0.701951 0.157776
v -2.575248 0.766356 0.123813
v -2.594992 0.689140 0.156965
v -2.579962 0.762619 0.131729
v -2.584306 0.641283 0.130114
v -2.577462 0.637546 0.122990
v -2.606127 0.714762 0.152826
v -2.606828 0.701951 0.153555
v -2.577462 0.766356 0.122990
v -2.606127 0.689140 0.152826
v -2.584306 0.762619 0.130114
v -2.604051 0.676821 0.150665
v -2.590614 0.756551 0.136679
v -2.600679 0.665468 0.147156
v -2.596142 0.748385 0.142433
v -2.596142 0.655517 0.142433
v -2.600679 0.738434 0.147156
v -2.590614 0.647351 0.136679
v -2.604051 0.727081 0.150665
v -2.596142 0.756551 0.133523
v -2.603179 0.748385 0.138417
v -2.608953 0.665468 0.142433
v -2.603179 0.655517 0.138417
v -2.608953 0.738434 0.142433
v -2.596142 0.647351 0.133523
v -2.613244 0.727081 0.145417
v -2.588114 0.641283 0.127940
v -2.615886 0.714762 0.147255
v -2.579404 0.637546 0.121882
v -2.616779 0.701951 0.147875
v -2.579404 0.766356 0.121882
v -2.615886 0.689140 0.147255
v -2.588114 0.762619 0.127940
v -2.613244 0.676821 0.145417
v -2.623896 0.714762 0.140467
v -2.624945 0.701951 0.140955
v -2.580997 0.766356 0.120532
v -2.580997 0.637546 0.120532
v -2.623896 0.689140 0.140467
v -2.591239 0.762619 0.125292
v -2.620789 0.676821 0.139023
v -2.600679 0.756551 0.129678
v -2.615744 0.665468 0.136679
v -2.608953 0.748385 0.133523
v -2.608953 0.655517 0.133523
v -2.615744 0.738434 0.136679
v -2.600679 0.647351 0.129678
v -2.620789 0.727081 0.139023
v -2.591239 0.641283 0.125292
v -2.620789 0.665468 0.130114
v -2.613244 0.655517 0.127940
v -2.613244 0.748385 0.127940
v -2.620789 0.738434 0.130114
v -2.604050 0.647351 0.125292
v -2.626395 0.727081 0.131729
v -2.593562 0.641283 0.122270
v -2.629848 0.714762 0.132723
v -2.582181 0.637546 0.118991
v -2.631013 0.701951 0.133059
v -2.582181 0.766356 0.118991
v -2.629848 0.689140 0.132723
v -2.593562 0.762619 0.122270
v -2.626395 0.676821 0.131729
v -2.604050 0.756551 0.125292
v -2.582910 0.766356 0.117320
v -2.582910 0.637546 0.117320
v -2.634750 0.701951 0.124492
v -2.633513 0.689140 0.124320
v -2.594992 0.762619 0.118991
v -2.629848 0.676821 0.123813
v -2.606127 0.756551 0.120532
v -2.623896 0.665468 0.122990
v -2.615886 0.748385 0.121882
v -2.615886 0.655517 0.121882
v -2.623896 0.738434 0.122990
v -2.606127 0.647351 0.120532
v -2.629848 0.727081 0.123813
v -2.594992 0.641283 0.118991
v -2.633513 0.714762 0.124320
v -2.616779 0.748385 0.115582
v -2.624945 0.738434 0.115582
v -2.616779 0.655517 0.115582
v -2.606828 0.647351 0.115582
v -2.631013 0.727081 0.115582
v -2.595475 0.641283 0.115582
v -2.634750 0.714762 0.115582
v -2.583156 0.637546 0.115582
v -2.636012 0.701951 0.115582
v -2.583156 0.766356 0.115582
v -2.634750 0.689140 0.115582
v -2.595475 0.762619 0.115582
v -2.631013 0.676821 0.115582
v -2.606828 0.756551 0.115582
v -2.624945 0.665468 0.115582
v 1.457815 0.662486 0.057711
v 1.465981 0.672437 0.057711
v 1.464932 0.672437 0.065119
v 1.456923 0.662486 0.064011
v 1.465981 0.745402 0.057711
v 1.457815 0.755353 0.057711
v 1.456923 0.755353 0.064011
v 1.464932 0.745402 0.065119
v 1.447864 0.654320 0.057711
v 1.447163 0.654320 0.062661
v 1.472050 0.734049 0.057711
v 1.470884 0.734049 0.065943
v 1.436511 0.648251 0.057711
v 1.436028 0.648251 0.061121
v 1.475786 0.721731 0.057711
v 1.474549 0.721731 0.066450
v 1.424192 0.644515 0.057711
v 1.423946 0.644515 0.059450
v 1.477048 0.708920 0.057711
v 1.475786 0.708920 0.066621
v 1.424192 0.773325 0.057711
v 1.411381 0.774587 0.057711
v 1.423946 0.773325 0.059450
v 1.411381 0.643253 0.057711
v 1.475786 0.696109 0.057711
v 1.474549 0.696109 0.066450
v 1.436511 0.769588 0.057711
v 1.436028 0.769588 0.061121
v 1.472050 0.683790 0.057711
v 1.470884 0.683790 0.065943
v 1.447864 0.763520 0.057711
v 1.447163 0.763520 0.062661
v 1.423217 0.773325 0.061121
v 1.423217 0.644515 0.061121
v 1.472050 0.708920 0.075189
v 1.470884 0.696109 0.074853
v 1.434598 0.769588 0.064399
v 1.467432 0.683790 0.073858
v 1.445087 0.763520 0.067421
v 1.461825 0.672437 0.072243
v 1.454280 0.755353 0.070069
v 1.454280 0.662486 0.070069
v 1.461825 0.745402 0.072243
v 1.445087 0.654320 0.067421
v 1.467432 0.734049 0.073858
v 1.434598 0.648251 0.064399
v 1.470884 0.721731 0.074853
v 1.449989 0.755353 0.075653
v 1.456779 0.745402 0.078808
v 1.449989 0.662486 0.075653
v 1.441715 0.654320 0.071808
v 1.461825 0.734049 0.081153
v 1.432276 0.648251 0.067421
v 1.464932 0.721731 0.082597
v 1.422033 0.644515 0.062661
v 1.465981 0.708920 0.083084
v 1.422033 0.773325 0.062661
v 1.464932 0.696109 0.082597
v 1.432276 0.769588 0.067421
v 1.461825 0.683790 0.081153
v 1.441715 0.763520 0.071808
v 1.456779 0.672437 0.078808
v 1.457815 0.708920 0.090005
v 1.456923 0.696109 0.089384
v 1.420440 0.773325 0.064011
v 1.429151 0.769588 0.070069
v 1.454280 0.683790 0.087547
v 1.437178 0.763520 0.075653
v 1.449989 0.672437 0.084563
v 1.444215 0.755353 0.080546
v 1.444215 0.662486 0.080546
v 1.449989 0.745402 0.084563
v 1.437178 0.654320 0.075653
v 1.454280 0.734049 0.087547
v 1.429151 0.648251 0.070069
v 1.456923 0.721731 0.089384
v 1.420440 0.644515 0.064011
v 1.437178 0.662486 0.084563
v 1.431650 0.654320 0.078808
v 1.441715 0.745402 0.089285
v 1.445087 0.734049 0.092794
v 1.425343 0.648251 0.072243
v 1.447163 0.721731 0.094955
v 1.418499 0.644515 0.065119
v 1.447864 0.708920 0.095685
v 1.418499 0.773325 0.065119
v 1.447163 0.696109 0.094955
v 1.425343 0.769588 0.072243
v 1.445087 0.683790 0.092794
v 1.431650 0.763520 0.078808
v 1.441715 0.672437 0.089285
v 1.437178 0.755353 0.084563
v 1.416284 0.773325 0.065943
v 1.420998 0.769588 0.073858
v 1.436028 0.696109 0.099094
v 1.434598 0.683790 0.096693
v 1.425343 0.763520 0.081153
v 1.432276 0.672437 0.092794
v 1.429151 0.755353 0.087547
v 1.429151 0.662486 0.087547
v 1.432276 0.745402 0.092794
v 1.425343 0.654320 0.081153
v 1.434598 0.734049 0.096693
v 1.420998 0.648251 0.073858
v 1.436028 0.721731 0.099094
v 1.416284 0.644515 0.065943
v 1.436511 0.708920 0.099905
v 1.422033 0.745402 0.094955
v 1.423217 0.734049 0.099094
v 1.418499 0.654320 0.082597
v 1.416284 0.648251 0.074853
v 1.423946 0.721731 0.101643
v 1.413880 0.644515 0.066450
v 1.424192 0.708920 0.102504
v 1.413880 0.773325 0.066450
v 1.423946 0.696109 0.101643
v 1.416284 0.769588 0.074853
v 1.423217 0.683790 0.099094
v 1.418499 0.763520 0.082597
v 1.422033 0.672437 0.094955
v 1.420440 0.755353 0.089384
v 1.420440 0.662486 0.089384
v 1.411381 0.696109 0.102504
v 1.411381 0.683790 0.099905
v 1.411381 0.769588 0.075189
v 1.411381 0.763520 0.083084
v 1.411381 0.672437 0.095685
v 1.411381 0.755353 0.090005
v 1.411381 0.662486 0.090005
v 1.411381 0.745402 0.095685
v 1.411381 0.654320 0.083084
v 1.411381 0.734049 0.099905
v 1.411381 0.648251 0.075189
v 1.411381 0.721731 0.102504
v 1.411381 0.644515 0.066621
v 1.411381 0.708920 0.103382
v 1.411381 0.773325 0.066621
v 1.404264 0.654320 0.082597
v 1.406479 0.648251 0.074853
v 1.399545 0.734049 0.099094
v 1.398817 0.721731 0.101643
v 1.408882 0.644515 0.066450
v 1.398570 0.708920 0.102504
v 1.408882 0.773325 0.066450
v 1.398817 0.696109 0.101643
v 1.406479 0.769588 0.074853
v 1.399545 0.683790 0.099094
v 1.404264 0.763520 0.082597
v 1.400729 0.672437 0.094955
v 1.402322 0.755353 0.089384
v 1.402322 0.662486 0.089384
v 1.400729 0.745402 0.094955
v 1.388165 0.683790 0.096693
v 1.390487 0.672437 0.092794
v 1.397420 0.763520 0.081153
v 1.393612 0.755353 0.087547
v 1.393612 0.662486 0.087547
v 1.390487 0.745402 0.092794
v 1.397420 0.654320 0.081153
v 1.388165 0.734049 0.096693
v 1.401765 0.648251 0.073858
v 1.386734 0.721731 0.099094
v 1.406479 0.644515 0.065943
v 1.386251 0.708920 0.099905
v 1.406479 0.773325 0.065943
v 1.386734 0.696109 0.099094
v 1.401765 0.769588 0.073858
v 1.397420 0.648251 0.072243
v 1.404264 0.644515 0.065119
v 1.375600 0.721731 0.094955
v 1.374898 0.708920 0.095685
v 1.404264 0.773325 0.065119
v 1.375600 0.696109 0.094955
v 1.397420 0.769588 0.072243
v 1.377675 0.683790 0.092794
v 1.391113 0.763520 0.078808
v 1.381047 0.672437 0.089285
v 1.385584 0.755353 0.084563
v 1.385584 0.662486 0.084563
v 1.381047 0.745402 0.089285
v 1.391113 0.654320 0.078808
v 1.377675 0.734049 0.092794
v 1.385584 0.763520 0.075653
v 1.378548 0.755353 0.080546
v 1.372773 0.672437 0.084563
v 1.378548 0.662486 0.080546
v 1.372773 0.745402 0.084563
v 1.385584 0.654320 0.075653
v 1.368482 0.734049 0.087547
v 1.393612 0.648251 0.070069
v 1.365840 0.721731 0.089384
v 1.402322 0.644515 0.064011
v 1.364948 0.708920 0.090005
v 1.402322 0.773325 0.064011
v 1.365840 0.696109 0.089384
v 1.393612 0.769588 0.070069
v 1.368482 0.683790 0.087547
v 1.357830 0.721731 0.082597
v 1.356781 0.708920 0.083084
v 1.400729 0.773325 0.062661
v 1.400729 0.644515 0.062661
v 1.357830 0.696109 0.082597
v 1.390487 0.769588 0.067421
v 1.360937 0.683790 0.081153
v 1.381047 0.763520 0.071808
v 1.365983 0.672437 0.078808
v 1.372773 0.755353 0.075653
v 1.372773 0.662486 0.075653
v 1.365983 0.745402 0.078808
v 1.381047 0.654320 0.071808
v 1.360937 0.734049 0.081153
v 1.390487 0.648251 0.067421
v 1.360937 0.672437 0.072243
v 1.368482 0.662486 0.070069
v 1.368482 0.755353 0.070069
v 1.360937 0.745402 0.072243
v 1.377676 0.654320 0.067421
v 1.355331 0.734049 0.073858
v 1.388165 0.648251 0.064399
v 1.351878 0.721731 0.074853
v 1.399545 0.644515 0.061121
v 1.350713 0.708920 0.075188
v 1.399545 0.773325 0.061121
v 1.351878 0.696109 0.074853
v 1.388165 0.769588 0.064399
v 1.355331 0.683790 0.073858
v 1.377676 0.763520 0.067421
v 1.398817 0.773325 0.059450
v 1.398817 0.644515 0.059450
v 1.346976 0.708920 0.066621
v 1.348213 0.696109 0.066450
v 1.386734 0.769588 0.061121
v 1.351878 0.683790 0.065943
v 1.375600 0.763520 0.062661
v 1.357830 0.672437 0.065119
v 1.365840 0.755353 0.064011
v 1.365840 0.662486 0.064011
v 1.357830 0.745402 0.065119
v 1.375600 0.654320 0.062661
v 1.351878 0.734049 0.065943
v 1.386734 0.648251 0.061121
v 1.348213 0.721731 0.066450
v 1.364948 0.755353 0.057711
v 1.356781 0.745402 0.057711
v 1.364948 0.662486 0.057711
v 1.374898 0.654320 0.057711
v 1.350713 0.734049 0.057711
v 1.386251 0.648251 0.057711
v 1.346976 0.721731 0.057711
v 1.398570 0.644515 0.057711
v 1.345714 0.708920 0.057711
v 1.398570 0.773325 0.057711
v 1.346976 0.696109 0.057711
v 1.386251 0.769588 0.057711
v 1.350713 0.683790 0.057711
v 1.374898 0.763520 0.057711
v 1.356781 0.672437 0.057711
v 1.489897 2.376907 0.090557
v 1.498064 2.386858 0.090557
v 1.497014 2.386858 0.097966
v 1.489005 2.376907 0.096858
v 1.498064 2.459823 0.090557
v 1.489897 2.469774 0.090557
v 1.489005 2.469774 0.096858
v 1.497014 2.459823 0.097966
v 1.479946 2.368740 0.090557
v 1.479245 2.368740 0.095507
v 1.504132 2.448470 0.090557
v 1.502966 2.448470 0.098789
v 1.468593 2.362672 0.090557
v 1.468110 2.362672 0.093967
v 1.507869 2.436151 0.090557
v 1.506631 2.436151 0.099296
v 1.456275 2.358935 0.090557
v 1.456028 2.358935 0.092295
v 1.509131 2.423340 0.090557
v 1.507869 2.423340 0.099467
v 1.456275 2.487745 0.090557
v 1.443463 2.489007 0.090557
v 1.456028 2.487745 0.092295
v 1.443463 2.357673 0.090557
v 1.507869 2.410529 0.090557
v 1.506631 2.410529 0.099296
v 1.468593 2.484009 0.090557
v 1.468110 2.484009 0.093967
v 1.504132 2.398211 0.090557
v 1.502966 2.398211 0.098789
v 1.479946 2.477940 0.090557
v 1.479245 2.477940 0.095507
v 1.455299 2.487745 0.093967
v 1.455299 2.358935 0.093967
v 1.504132 2.423340 0.108035
v 1.502966 2.410529 0.107699
v 1.466680 2.484009 0.097246
v 1.499514 2.398211 0.106704
v 1.477169 2.477940 0.100267
v 1.493908 2.386858 0.105089
v 1.486362 2.469774 0.102916
v 1.486362 2.376907 0.102916
v 1.493908 2.459823 0.105089
v 1.477169 2.368740 0.100267
v 1.499514 2.448470 0.106704
v 1.466680 2.362672 0.097246
v 1.502966 2.436151 0.107699
v 1.482071 2.469774 0.108499
v 1.488862 2.459823 0.111654
v 1.482071 2.376907 0.108499
v 1.473798 2.368740 0.104654
v 1.493908 2.448470 0.113999
v 1.464358 2.362672 0.100267
v 1.497014 2.436151 0.115443
v 1.454115 2.358935 0.095507
v 1.498064 2.423340 0.115930
v 1.454115 2.487745 0.095507
v 1.497014 2.410529 0.115443
v 1.464358 2.484009 0.100267
v 1.493908 2.398211 0.113999
v 1.473798 2.477940 0.104654
v 1.488862 2.386858 0.111654
v 1.489897 2.423340 0.122851
v 1.489005 2.410529 0.122231
v 1.452522 2.487745 0.096858
v 1.461233 2.484009 0.102916
v 1.486362 2.398211 0.120393
v 1.469261 2.477940 0.108499
v 1.482071 2.386858 0.117409
v 1.476297 2.469774 0.113392
v 1.476297 2.376907 0.113392
v 1.482071 2.459823 0.117409
v 1.469261 2.368740 0.108499
v 1.486362 2.448470 0.120393
v 1.461233 2.362672 0.102916
v 1.489005 2.436151 0.122231
v 1.452522 2.358935 0.096858
v 1.469261 2.376907 0.117409
v 1.463732 2.368740 0.111654
v 1.473798 2.459823 0.122131
v 1.477169 2.448470 0.125640
v 1.457425 2.362672 0.105089
v 1.479245 2.436151 0.127801
v 1.450581 2.358935 0.097965
v 1.479946 2.423340 0.128531
v 1.450581 2.487745 0.097965
v 1.479245 2.410529 0.127801
v 1.457425 2.484009 0.105089
v 1.477169 2.398211 0.125640
v 1.463732 2.477940 0.111654
v 1.473798 2.386858 0.122131
v 1.469261 2.469774 0.117409
v 1.448366 2.487745 0.098789
v 1.453080 2.484009 0.106704
v 1.468110 2.410529 0.131940
v 1.466680 2.398211 0.129539
v 1.457425 2.477940 0.113999
v 1.464358 2.386858 0.125640
v 1.461233 2.469774 0.120393
v 1.461233 2.376907 0.120393
v 1.464358 2.459823 0.125640
v 1.457425 2.368740 0.113999
v 1.466680 2.448470 0.129539
v 1.453080 2.362672 0.106704
v 1.468110 2.436151 0.131940
v 1.448366 2.358935 0.098789
v 1.468593 2.423340 0.132751
v 1.454115 2.459823 0.127801
v 1.455299 2.448470 0.131940
v 1.450581 2.368740 0.115443
v 1.448366 2.362672 0.107699
v 1.456028 2.436151 0.134489
v 1.445963 2.358935 0.099296
v 1.456275 2.423340 0.135350
v 1.445963 2.487745 0.099296
v 1.456028 2.410529 0.134489
v 1.448366 2.484009 0.107699
v 1.455299 2.398211 0.131940
v 1.450581 2.477940 0.115443
v 1.454115 2.386858 0.127801
v 1.452522 2.469774 0.122231
v 1.452522 2.376907 0.122231
v 1.443463 2.410529 0.135350
v 1.443463 2.398211 0.132751
v 1.443463 2.484009 0.108035
v 1.443463 2.477940 0.115930
v 1.443463 2.386858 0.128531
v 1.443463 2.469774 0.122851
v 1.443463 2.376907 0.122851
v 1.443463 2.459823 0.128531
v 1.443463 2.368740 0.115930
v 1.443463 2.448470 0.132751
v 1.443463 2.362672 0.108035
v 1.443463 2.436151 0.135350
v 1.443463 2.358935 0.099467
v 1.443463 2.423340 0.136228
v 1.443463 2.487745 0.099467
v 1.436346 2.368740 0.115443
v 1.438561 2.362672 0.107699
v 1.431628 2.448470 0.131940
v 1.430899 2.436151 0.134489
v 1.440964 2.358935 0.099296
v 1.430653 2.423340 0.135350
v 1.440964 2.487745 0.099296
v 1.430899 2.410529 0.134489
v 1.438561 2.484009 0.107699
v 1.431628 2.398211 0.131940
v 1.436346 2.477940 0.115443
v 1.432811 2.386858 0.127801
v 1.434405 2.469774 0.122231
v 1.434405 2.376907 0.122231
v 1.432811 2.459823 0.127801
v 1.420247 2.398211 0.129539
v 1.422569 2.386858 0.125640
v 1.429502 2.477940 0.113999
v 1.425694 2.469774 0.120393
v 1.425694 2.376907 0.120393
v 1.422569 2.459823 0.125640
v 1.429502 2.368740 0.113999
v 1.420247 2.448470 0.129539
v 1.433847 2.362672 0.106704
v 1.418817 2.436151 0.131940
v 1.438561 2.358935 0.098789
v 1.418334 2.423340 0.132751
v 1.438561 2.487745 0.098789
v 1.418817 2.410529 0.131940
v 1.433847 2.484009 0.106704
v 1.429502 2.362672 0.105089
v 1.436346 2.358935 0.097965
v 1.407682 2.436151 0.127801
v 1.406981 2.423340 0.128531
v 1.436346 2.487745 0.097965
v 1.407682 2.410529 0.127801
v 1.429502 2.484009 0.105089
v 1.409758 2.398211 0.125640
v 1.423195 2.477940 0.111654
v 1.413129 2.386858 0.122131
v 1.417666 2.469774 0.117409
v 1.417666 2.376907 0.117409
v 1.413129 2.459823 0.122131
v 1.423195 2.368740 0.111654
v 1.409758 2.448470 0.125640
v 1.417666 2.477940 0.108499
v 1.410630 2.469774 0.113392
v 1.404855 2.386858 0.117408
v 1.410630 2.376907 0.113392
v 1.404855 2.459823 0.117408
v 1.417666 2.368740 0.108499
v 1.400564 2.448470 0.120393
v 1.425694 2.362672 0.102916
v 1.397922 2.436151 0.122231
v 1.434405 2.358935 0.096858
v 1.397030 2.423340 0.122851
v 1.434405 2.487745 0.096858
v 1.397922 2.410529 0.122231
v 1.425694 2.484009 0.102916
v 1.400564 2.398211 0.120393
v 1.389912 2.436151 0.115443
v 1.388863 2.423340 0.115930
v 1.432811 2.487745 0.095507
v 1.432811 2.358935 0.095507
v 1.389912 2.410529 0.115443
v 1.422569 2.484009 0.100267
v 1.393019 2.398211 0.113999
v 1.413129 2.477940 0.104654
v 1.398065 2.386858 0.111654
v 1.404855 2.469774 0.108499
v 1.404855 2.376907 0.108499
v 1.398065 2.459823 0.111654
v 1.413129 2.368740 0.104654
v 1.393019 2.448470 0.113999
v 1.422569 2.362672 0.100267
v 1.393019 2.386858 0.105089
v 1.400564 2.376907 0.102916
v 1.400564 2.469774 0.102916
v 1.393019 2.459823 0.105089
v 1.409758 2.368740 0.100267
v 1.387413 2.448470 0.106704
v 1.420247 2.362672 0.097246
v 1.383961 2.436151 0.107699
v 1.431628 2.358935 0.093967
v 1.382795 2.423340 0.108035
v 1.431628 2.487745 0.093967
v 1.383961 2.410529 0.107699
v 1.420247 2.484009 0.097246
v 1.387413 2.398211 0.106704
v 1.409758 2.477940 0.100267
v 1.430899 2.487745 0.092295
v 1.430899 2.358935 0.092295
v 1.379058 2.423340 0.099467
v 1.380296 2.410529 0.099296
v 1.418817 2.484009 0.093967
v 1.383961 2.398211 0.098789
v 1.407682 2.477940 0.095507
v 1.389912 2.386858 0.097965
v 1.397922 2.469774 0.096858
v 1.397922 2.376907 0.096858
v 1.389912 2.459823 0.097965
v 1.407682 2.368740 0.095507
v 1.383961 2.448470 0.098789
v 1.418817 2.362672 0.093967
v 1.380296 2.436151 0.099296
v 1.397030 2.469774 0.090557
v 1.388863 2.459823 0.090557
v 1.397030 2.376907 0.090557
v 1.406981 2.368740 0.090557
v 1.382795 2.448470 0.090557
v 1.418334 2.362672 0.090557
v 1.379058 2.436151 0.090557
v 1.430653 2.358935 0.090557
v 1.377796 2.423340 0.090557
v 1.430653 2.487745 0.090557
v 1.379058 2.410529 0.090557
v 1.418334 2.484009 0.090557
v 1.382795 2.398211 0.090557
v 1.406981 2.477940 0.090557
v 1.388863 2.386858 0.090557
v -0.517874 0.567295 0.019275
v -0.523496 0.567295 0.037809
v -0.523496 -1.070138 0.037809
v -0.517874 -1.070138 0.019275
v -0.706055 0.567295 0.037809
v -0.711677 0.567295 0.019275
v -0.711677 -1.070138 0.019275
v -0.706055 -1.070138 0.037809
v -0.515975 0.567295 -0.000000
v -0.515975 -1.070138 0.000000
v -0.696925 0.567295 0.054890
v -0.696925 -1.070138 0.054890
v -0.517874 0.567295 -0.019275
v -0.517874 -1.070138 -0.019275
v -0.684637 0.567295 0.069862
v -0.684637 -1.070138 0.069862
v -0.523496 0.567295 -0.037809
v -0.523496 -1.070138 -0.037809
v -0.669666 0.567295 0.082149
v -0.669666 -1.070138 0.082149
v -0.532626 0.567295 -0.054890
v -0.532626 -1.070138 -0.054890
v -0.652584 0.567295 0.091279
v -0.652584 -1.070138 0.091279
v -0.634050 0.567295 -0.096902
v -0.614775 0.567295 -0.098800
v -0.614775 -1.070138 -0.098800
v -0.634050 -1.070138 -0.096902
v -0.544913 0.567295 -0.069862
v -0.544913 -1.070138 -0.069862
v -0.634050 0.567295 0.096902
v -0.634050 -1.070138 0.096902
v -0.652584 0.567295 -0.091279
v -0.652584 -1.070138 -0.091279
v -0.559885 0.567295 -0.082149
v -0.559885 -1.070138 -0.082149
v -0.614775 0.567295 0.098800
v -0.614775 -1.070138 0.098800
v -0.669666 0.567295 -0.082149
v -0.669666 -1.070138 -0.082149
v -0.576966 0.567295 -0.091279
v -0.576966 -1.070138 -0.091279
v -0.595500 0.567295 0.096902
v -0.595500 -1.070138 0.096902
v -0.684637 0.567295 -0.069862
v -0.684637 -1.070138 -0.069862
v -0.595500 0.567295 -0.096902
v -0.595500 -1.070138 -0.096902
v -0.576966 0.567295 0.091279
v -0.576966 -1.070138 0.091279
v -0.696925 0.567295 -0.054890
v -0.696925 -1.070138 -0.054890
v -0.559885 0.567295 0.082149
v -0.559885 -1.070138 0.082149
v -0.706055 0.567295 -0.037809
v -0.706055 -1.070138 -0.037809
v -0.544913 0.567295 0.069862
v -0.544913 -1.070138 0.069862
v -0.711677 0.567295 -0.019275
v -0.711677 -1.070138 -0.019275
v -0.532626 0.567295 0.054890
v -0.532626 -1.070138 0.054890
v -0.713575 0.567295 -0.000000
v -0.713575 -1.070138 0.000000
vt -0.125336 0.492392
vt -0.125336 0.492392
vt -0.125336 0.492392
vt -0.125336 0.492392
vt 0.741947 0.026362
vt 0.466849 0.026362
vt 0.466849 0.005373
vt 0.741947 0.005373
vt 0.865221 0.497520
vt 0.864475 0.900714
vt 0.003890 0.883288
vt 0.014428 0.488321
vt -0.125336 0.492392
vt -0.125336 0.492392
vt 0.776437 0.005373
vt 0.776437 0.005373
vt 0.776437 0.005373
vt 0.776437 0.005373
vt -0.125336 0.492392
vt -0.125336 0.492392
vt 0.869315 0.904070
vt -0.000177 0.886639
vt 0.010822 0.484798
vt 0.869504 0.492392
vt 0.466849 0.031159
vt 0.191672 0.031159
vt 0.191672 0.010170
vt 0.466849 0.010170
vt 0.194561 0.077232
vt 0.771115 0.077232
vt 0.777963 0.347503
vt 0.191672 0.347503
vt 0.776437 0.005373
vt 0.776437 0.005373
vt 0.776437 0.005373
vt 0.776437 0.005373
vt 0.191672 0.056806
vt 0.196019 0.051585
vt 0.782310 0.051585
vt 0.786784 0.056806
vt 0.776437 0.000151
vt 0.772392 0.005373
vt 0.195838 0.005373
vt 0.191672 0.000151
vt 0.469302 0.031159
vt 0.739589 0.031159
vt 0.464552 0.005373
vt 0.194194 0.005373
vt 0.191672 0.051585
vt 0.191672 0.051585
vt 0.191672 0.031159
vt 0.191672 0.031159
vt 0.776437 0.031159
vt 0.776437 0.031159
vt 0.776437 0.051585
vt 0.776437 0.051585
vt 0.191672 0.077232
vt 0.786784 0.077232
vt 0.033246 0.848334
vt 0.033040 0.848334
vt 0.034887 0.850629
vt 0.035129 0.850629
vt 0.035129 0.867453
vt 0.034887 0.867453
vt 0.033040 0.869748
vt 0.033246 0.869748
vt 0.030951 0.846451
vt 0.030790 0.846451
vt 0.036528 0.864836
vt 0.036259 0.864836
vt 0.028333 0.845052
vt 0.028222 0.845052
vt 0.037390 0.861995
vt 0.037104 0.861995
vt 0.025493 0.844191
vt 0.025436 0.844191
vt 0.037681 0.859041
vt 0.037390 0.859041
vt 0.025493 0.873892
vt 0.025436 0.873892
vt 0.022539 0.874183
vt 0.022539 0.843899
vt 0.037390 0.856087
vt 0.037104 0.856087
vt 0.028333 0.873030
vt 0.028222 0.873030
vt 0.036528 0.853247
vt 0.036259 0.853247
vt 0.030951 0.871631
vt 0.030790 0.871631
vt 0.025268 0.873892
vt 0.025268 0.844191
vt 0.036259 0.856087
vt 0.036528 0.859041
vt 0.027892 0.873030
vt 0.035463 0.853247
vt 0.030311 0.871631
vt 0.034170 0.850629
vt 0.032431 0.869748
vt 0.032431 0.848334
vt 0.034170 0.867453
vt 0.030311 0.846451
vt 0.035463 0.864836
vt 0.027892 0.845052
vt 0.036259 0.861995
vt 0.033007 0.867453
vt 0.031441 0.869748
vt 0.029533 0.846451
vt 0.031441 0.848334
vt 0.034170 0.864836
vt 0.027357 0.845052
vt 0.034887 0.861995
vt 0.024995 0.844191
vt 0.035129 0.859041
vt 0.024995 0.873892
vt 0.034887 0.856087
vt 0.027357 0.873030
vt 0.034170 0.853247
vt 0.029533 0.871631
vt 0.033007 0.850629
vt 0.033040 0.856087
vt 0.033246 0.859041
vt 0.026636 0.873030
vt 0.024628 0.873892
vt 0.032431 0.853247
vt 0.028487 0.871631
vt 0.031441 0.850629
vt 0.030110 0.869748
vt 0.030110 0.848334
vt 0.031441 0.867453
vt 0.028487 0.846451
vt 0.032431 0.864836
vt 0.026636 0.845052
vt 0.033040 0.861995
vt 0.024628 0.844191
vt 0.027213 0.846451
vt 0.028487 0.848334
vt 0.030311 0.864836
vt 0.029533 0.867453
vt 0.025758 0.845052
vt 0.030790 0.861995
vt 0.024180 0.844191
vt 0.030951 0.859041
vt 0.024180 0.873892
vt 0.030790 0.856087
vt 0.025758 0.873030
vt 0.030311 0.853247
vt 0.027213 0.871631
vt 0.029533 0.850629
vt 0.028487 0.869748
vt 0.024756 0.873030
vt 0.023669 0.873892
vt 0.027892 0.853247
vt 0.028222 0.856087
vt 0.025758 0.871631
vt 0.027357 0.850629
vt 0.026636 0.869748
vt 0.026636 0.848334
vt 0.027357 0.867453
vt 0.025758 0.846451
vt 0.027892 0.864836
vt 0.024756 0.845052
vt 0.028222 0.861995
vt 0.023669 0.844191
vt 0.028333 0.859041
vt 0.025268 0.864836
vt 0.024995 0.867453
vt 0.023669 0.845052
vt 0.024180 0.846451
vt 0.025436 0.861995
vt 0.023115 0.844191
vt 0.025493 0.859041
vt 0.023115 0.873892
vt 0.025436 0.856087
vt 0.023669 0.873030
vt 0.025268 0.853247
vt 0.024180 0.871631
vt 0.024995 0.850629
vt 0.024628 0.869748
vt 0.024628 0.848334
vt 0.022539 0.853247
vt 0.022539 0.856087
vt 0.022539 0.871631
vt 0.022539 0.873030
vt 0.022539 0.850629
vt 0.022539 0.869748
vt 0.022539 0.848334
vt 0.022539 0.867453
vt 0.022539 0.846451
vt 0.022539 0.864836
vt 0.022539 0.845052
vt 0.022539 0.861995
vt 0.022539 0.844191
vt 0.022539 0.859041
vt 0.022539 0.873892
vt 0.021409 0.845052
vt 0.020898 0.846451
vt 0.019642 0.861995
vt 0.019810 0.864836
vt 0.021963 0.844191
vt 0.019585 0.859041
vt 0.021963 0.873892
vt 0.019642 0.856087
vt 0.021409 0.873030
vt 0.019810 0.853247
vt 0.020898 0.871631
vt 0.020083 0.850629
vt 0.020450 0.869748
vt 0.020450 0.848334
vt 0.020083 0.867453
vt 0.017721 0.850629
vt 0.017186 0.853247
vt 0.018442 0.869748
vt 0.019320 0.871631
vt 0.018442 0.848334
vt 0.017721 0.867453
vt 0.019320 0.846451
vt 0.017186 0.864836
vt 0.020322 0.845052
vt 0.016856 0.861995
vt 0.021409 0.844191
vt 0.016745 0.859041
vt 0.021409 0.873892
vt 0.016856 0.856087
vt 0.020322 0.873030
vt 0.020898 0.844191
vt 0.019320 0.845052
vt 0.014127 0.859041
vt 0.014288 0.861995
vt 0.020898 0.873892
vt 0.014288 0.856087
vt 0.019320 0.873030
vt 0.014767 0.853247
vt 0.017866 0.871631
vt 0.015544 0.850629
vt 0.016591 0.869748
vt 0.016591 0.848334
vt 0.015544 0.867453
vt 0.017866 0.846451
vt 0.014767 0.864836
vt 0.014968 0.869748
vt 0.016591 0.871631
vt 0.014968 0.848334
vt 0.013637 0.850629
vt 0.013637 0.867453
vt 0.016591 0.846451
vt 0.012647 0.864836
vt 0.018442 0.845052
vt 0.012038 0.861995
vt 0.020450 0.844191
vt 0.011832 0.859041
vt 0.020450 0.873892
vt 0.012038 0.856087
vt 0.018442 0.873030
vt 0.012647 0.853247
vt 0.009949 0.859041
vt 0.010191 0.861995
vt 0.020083 0.873892
vt 0.020083 0.844191
vt 0.010191 0.856087
vt 0.017721 0.873030
vt 0.010908 0.853247
vt 0.015544 0.871631
vt 0.012071 0.850629
vt 0.013637 0.869748
vt 0.013637 0.848334
vt 0.012071 0.867453
vt 0.015544 0.846451
vt 0.010908 0.864836
vt 0.017721 0.845052
vt 0.012647 0.848334
vt 0.010908 0.850629
vt 0.010908 0.867453
vt 0.012647 0.869748
vt 0.014767 0.846451
vt 0.009615 0.864836
vt 0.017186 0.845052
vt 0.008819 0.861995
vt 0.019810 0.844191
vt 0.008550 0.859041
vt 0.019810 0.873892
vt 0.008819 0.856087
vt 0.017186 0.873030
vt 0.009615 0.853247
vt 0.014767 0.871631
vt 0.019642 0.873892
vt 0.019642 0.844191
vt 0.007974 0.856087
vt 0.007688 0.859041
vt 0.016856 0.873030
vt 0.008819 0.853247
vt 0.014288 0.871631
vt 0.010191 0.850629
vt 0.012038 0.869748
vt 0.012038 0.848334
vt 0.010191 0.867453
vt 0.014288 0.846451
vt 0.008819 0.864836
vt 0.016856 0.845052
vt 0.007974 0.861995
vt 0.009949 0.867453
vt 0.011832 0.869748
vt 0.014127 0.846451
vt 0.011832 0.848334
vt 0.008550 0.864836
vt 0.016745 0.845052
vt 0.007688 0.861995
vt 0.019585 0.844191
vt 0.007398 0.859041
vt 0.019585 0.873892
vt 0.007688 0.856087
vt 0.016745 0.873030
vt 0.008550 0.853247
vt 0.014127 0.871631
vt 0.009949 0.850629
vt 0.043672 0.501227
vt 0.045421 0.503359
vt 0.045196 0.503359
vt 0.043480 0.501227
vt 0.045421 0.518988
vt 0.043672 0.521119
vt 0.043480 0.521119
vt 0.045196 0.518988
vt 0.041540 0.499478
vt 0.041390 0.499478
vt 0.046721 0.516556
vt 0.046471 0.516556
vt 0.039108 0.498178
vt 0.039005 0.498178
vt 0.047521 0.513917
vt 0.047256 0.513917
vt 0.036470 0.497378
vt 0.036417 0.497378
vt 0.047791 0.511173
vt 0.047521 0.511173
vt 0.036470 0.524969
vt 0.033726 0.525239
vt 0.036417 0.524969
vt 0.033726 0.497107
vt 0.047521 0.508429
vt 0.047256 0.508429
vt 0.039108 0.524168
vt 0.039005 0.524168
vt 0.046721 0.505790
vt 0.046471 0.505790
vt 0.041540 0.522868
vt 0.041390 0.522868
vt 0.036261 0.524969
vt 0.036261 0.497378
vt 0.046721 0.511173
vt 0.046471 0.508429
vt 0.038699 0.524168
vt 0.045731 0.505790
vt 0.040945 0.522868
vt 0.044531 0.503359
vt 0.042914 0.521119
vt 0.042914 0.501227
vt 0.044531 0.518988
vt 0.040945 0.499478
vt 0.045731 0.516556
vt 0.038699 0.498178
vt 0.046471 0.513917
vt 0.041995 0.521119
vt 0.043450 0.518988
vt 0.041995 0.501227
vt 0.040223 0.499478
vt 0.044531 0.516556
vt 0.038201 0.498178
vt 0.045196 0.513917
vt 0.036007 0.497378
vt 0.045421 0.511173
vt 0.036007 0.524969
vt 0.045196 0.508429
vt 0.038201 0.524168
vt 0.044531 0.505790
vt 0.040223 0.522868
vt 0.043450 0.503359
vt 0.043672 0.511173
vt 0.043480 0.508429
vt 0.035666 0.524969
vt 0.037532 0.524168
vt 0.042914 0.505790
vt 0.039251 0.522868
vt 0.041995 0.503359
vt 0.040758 0.521119
vt 0.040758 0.501227
vt 0.041995 0.518988
vt 0.039251 0.499478
vt 0.042914 0.516556
vt 0.037532 0.498178
vt 0.043480 0.513917
vt 0.035666 0.497378
vt 0.039251 0.501227
vt 0.038067 0.499478
vt 0.040223 0.518988
vt 0.040945 0.516556
vt 0.036716 0.498178
vt 0.041390 0.513917
vt 0.035250 0.497378
vt 0.041540 0.511173
vt 0.035250 0.524969
vt 0.041390 0.508429
vt 0.036716 0.524168
vt 0.040945 0.505790
vt 0.038067 0.522868
vt 0.040223 0.503359
vt 0.039251 0.521119
vt 0.034776 0.524969
vt 0.035785 0.524168
vt 0.039005 0.508429
vt 0.038699 0.505790
vt 0.036716 0.522868
vt 0.038201 0.503359
vt 0.037532 0.521119
vt 0.037532 0.501227
vt 0.038201 0.518988
vt 0.036716 0.499478
vt 0.038699 0.516556
vt 0.035785 0.498178
vt 0.039005 0.513917
vt 0.034776 0.497378
vt 0.039108 0.511173
vt 0.036007 0.518988
vt 0.036261 0.516556
vt 0.035250 0.499478
vt 0.034776 0.498178
vt 0.036417 0.513917
vt 0.034261 0.497378
vt 0.036470 0.511173
vt 0.034261 0.524969
vt 0.036417 0.508429
vt 0.034776 0.524168
vt 0.036261 0.505790
vt 0.035250 0.522868
vt 0.036007 0.503359
vt 0.035666 0.521119
vt 0.035666 0.501227
vt 0.033726 0.508429
vt 0.033726 0.505790
vt 0.033726 0.524168
vt 0.033726 0.522868
vt 0.033726 0.503359
vt 0.033726 0.521119
vt 0.033726 0.501227
vt 0.033726 0.518988
vt 0.033726 0.499478
vt 0.033726 0.516556
vt 0.033726 0.498178
vt 0.033726 0.513917
vt 0.033726 0.497378
vt 0.033726 0.511173
vt 0.033726 0.524969
vt 0.032201 0.499478
vt 0.032675 0.498178
vt 0.031190 0.516556
vt 0.031034 0.513917
vt 0.033190 0.497378
vt 0.030981 0.511173
vt 0.033190 0.524969
vt 0.031034 0.508429
vt 0.032675 0.524168
vt 0.031190 0.505790
vt 0.032201 0.522868
vt 0.031444 0.503359
vt 0.031785 0.521119
vt 0.031785 0.501227
vt 0.031444 0.518988
vt 0.028753 0.505790
vt 0.029250 0.503359
vt 0.030735 0.522868
vt 0.029919 0.521119
vt 0.029919 0.501227
vt 0.029250 0.518988
vt 0.030735 0.499478
vt 0.028753 0.516556
vt 0.031666 0.498178
vt 0.028446 0.513917
vt 0.032675 0.497378
vt 0.028343 0.511173
vt 0.032675 0.524969
vt 0.028446 0.508429
vt 0.031666 0.524168
vt 0.030735 0.498178
vt 0.032201 0.497378
vt 0.026061 0.513917
vt 0.025911 0.511173
vt 0.032201 0.524969
vt 0.026061 0.508429
vt 0.030735 0.524168
vt 0.026506 0.505790
vt 0.029384 0.522868
vt 0.027228 0.503359
vt 0.028200 0.521119
vt 0.028200 0.501227
vt 0.027228 0.518988
vt 0.029384 0.499478
vt 0.026506 0.516556
vt 0.028200 0.522868
vt 0.026693 0.521119
vt 0.025456 0.503359
vt 0.026693 0.501227
vt 0.025456 0.518988
vt 0.028200 0.499478
vt 0.024537 0.516556
vt 0.029919 0.498178
vt 0.023971 0.513917
vt 0.031785 0.497378
vt 0.023780 0.511173
vt 0.031785 0.524969
vt 0.023971 0.508429
vt 0.029919 0.524168
vt 0.024537 0.505790
vt 0.022255 0.513917
vt 0.022030 0.511173
vt 0.031444 0.524969
vt 0.031444 0.497378
vt 0.022255 0.508429
vt 0.029250 0.524168
vt 0.022921 0.505790
vt 0.027228 0.522868
vt 0.024001 0.503359
vt 0.025456 0.521119
vt 0.025456 0.501227
vt 0.024001 0.518988
vt 0.027228 0.499478
vt 0.022921 0.516556
vt 0.029250 0.498178
vt 0.022921 0.503359
vt 0.024537 0.501227
vt 0.024537 0.521119
vt 0.022921 0.518988
vt 0.026506 0.499478
vt 0.021720 0.516556
vt 0.028753 0.498178
vt 0.020980 0.513917
vt 0.031190 0.497378
vt 0.020730 0.511173
vt 0.031190 0.524969
vt 0.020980 0.508429
vt 0.028753 0.524168
vt 0.021720 0.505790
vt 0.026506 0.522868
vt 0.031034 0.524969
vt 0.031034 0.497378
vt 0.019930 0.511173
vt 0.020195 0.508429
vt 0.028446 0.524168
vt 0.020980 0.505790
vt 0.026061 0.522868
vt 0.022255 0.503359
vt 0.023971 0.521119
vt 0.023971 0.501227
vt 0.022255 0.518988
vt 0.026061 0.499478
vt 0.020980 0.516556
vt 0.028446 0.498178
vt 0.020195 0.513917
vt 0.023780 0.521119
vt 0.022030 0.518988
vt 0.023780 0.501227
vt 0.025911 0.499478
vt 0.020730 0.516556
vt 0.028343 0.498178
vt 0.019930 0.513917
vt 0.030981 0.497378
vt 0.019660 0.511173
vt 0.030981 0.524969
vt 0.019930 0.508429
vt 0.028343 0.524168
vt 0.020730 0.505790
vt 0.025911 0.522868
vt 0.022030 0.503359
vt 0.856500 0.512884
vt 0.858225 0.514985
vt 0.858003 0.514985
vt 0.856311 0.512884
vt 0.858225 0.530395
vt 0.856500 0.532497
vt 0.856311 0.532497
vt 0.858003 0.530395
vt 0.854398 0.511159
vt 0.854250 0.511159
vt 0.859506 0.527998
vt 0.859260 0.527998
vt 0.852000 0.509878
vt 0.851899 0.509878
vt 0.860295 0.525396
vt 0.860034 0.525396
vt 0.849399 0.509088
vt 0.849347 0.509088
vt 0.860562 0.522690
vt 0.860295 0.522690
vt 0.849399 0.536293
vt 0.846693 0.536559
vt 0.849347 0.536293
vt 0.846693 0.508822
vt 0.860295 0.519985
vt 0.860034 0.519985
vt 0.852000 0.535503
vt 0.851899 0.535503
vt 0.859506 0.517383
vt 0.859260 0.517383
vt 0.854398 0.534222
vt 0.854250 0.534222
vt 0.849193 0.536293
vt 0.849193 0.509088
vt 0.859506 0.522690
vt 0.859260 0.519985
vt 0.851597 0.535503
vt 0.858531 0.517383
vt 0.853812 0.534222
vt 0.857347 0.514985
vt 0.855753 0.532497
vt 0.855753 0.512884
vt 0.857347 0.530395
vt 0.853812 0.511159
vt 0.858531 0.527998
vt 0.851597 0.509878
vt 0.859260 0.525396
vt 0.854847 0.532497
vt 0.856281 0.530395
vt 0.854847 0.512884
vt 0.853100 0.511159
vt 0.857347 0.527998
vt 0.851106 0.509878
vt 0.858003 0.525396
vt 0.848943 0.509088
vt 0.858225 0.522690
vt 0.848943 0.536293
vt 0.858003 0.519985
vt 0.851106 0.535503
vt 0.857347 0.517383
vt 0.853100 0.534222
vt 0.856281 0.514985
vt 0.856500 0.522690
vt 0.856311 0.519985
vt 0.848606 0.536293
vt 0.850446 0.535503
vt 0.855753 0.517383
vt 0.852141 0.534222
vt 0.854847 0.514985
vt 0.853628 0.532497
vt 0.853628 0.512884
vt 0.854847 0.530395
vt 0.852141 0.511159
vt 0.855753 0.527998
vt 0.850446 0.509878
vt 0.856311 0.525396
vt 0.848606 0.509088
vt 0.852141 0.512884
vt 0.850974 0.511159
vt 0.853100 0.530395
vt 0.853812 0.527998
vt 0.849642 0.509878
vt 0.854250 0.525396
vt 0.848197 0.509088
vt 0.854398 0.522690
vt 0.848197 0.536293
vt 0.854250 0.519985
vt 0.849642 0.535503
vt 0.853812 0.517383
vt 0.850974 0.534222
vt 0.853100 0.514985
vt 0.852141 0.532497
vt 0.847729 0.536293
vt 0.848724 0.535503
vt 0.851899 0.519985
vt 0.851597 0.517383
vt 0.849642 0.534222
vt 0.851106 0.514985
vt 0.850446 0.532497
vt 0.850446 0.512884
vt 0.851106 0.530395
vt 0.849642 0.511159
vt 0.851597 0.527998
vt 0.848724 0.509878
vt 0.851899 0.525396
vt 0.847729 0.509088
vt 0.852000 0.522690
vt 0.848943 0.530395
vt 0.849193 0.527998
vt 0.848197 0.511159
vt 0.847729 0.509878
vt 0.849347 0.525396
vt 0.847221 0.509088
vt 0.849399 0.522690
vt 0.847221 0.536293
vt 0.849347 0.519985
vt 0.847729 0.535503
vt 0.849193 0.517383
vt 0.848197 0.534222
vt 0.848943 0.514985
vt 0.848606 0.532497
vt 0.848606 0.512884
vt 0.846693 0.519985
vt 0.846693 0.517383
vt 0.846693 0.535503
vt 0.846693 0.534222
vt 0.846693 0.514985
vt 0.846693 0.532497
vt 0.846693 0.512884
vt 0.846693 0.530395
vt 0.846693 0.511159
vt 0.846693 0.527998
vt 0.846693 0.509878
vt 0.846693 0.525396
vt 0.846693 0.509088
vt 0.846693 0.522690
vt 0.846693 0.536293
vt 0.845190 0.511159
vt 0.845658 0.509878
vt 0.844194 0.527998
vt 0.844040 0.525396
vt 0.846165 0.509088
vt 0.843988 0.522690
vt 0.846165 0.536293
vt 0.844040 0.519985
vt 0.845658 0.535503
vt 0.844194 0.517383
vt 0.845190 0.534222
vt 0.844444 0.514985
vt 0.844780 0.532497
vt 0.844780 0.512884
vt 0.844444 0.530395
vt 0.841790 0.517383
vt 0.842280 0.514985
vt 0.843745 0.534222
vt 0.842940 0.532497
vt 0.842940 0.512884
vt 0.842280 0.530395
vt 0.843745 0.511159
vt 0.841790 0.527998
vt 0.844662 0.509878
vt 0.841488 0.525396
vt 0.845658 0.509088
vt 0.841386 0.522690
vt 0.845658 0.536293
vt 0.841488 0.519985
vt 0.844662 0.535503
vt 0.843745 0.509878
vt 0.845190 0.509088
vt 0.839136 0.525396
vt 0.838988 0.522690
vt 0.845190 0.536293
vt 0.839136 0.519985
vt 0.843745 0.535503
vt 0.839575 0.517383
vt 0.842413 0.534222
vt 0.840287 0.514985
vt 0.841245 0.532497
vt 0.841245 0.512884
vt 0.840287 0.530395
vt 0.842413 0.511159
vt 0.839575 0.527998
vt 0.841245 0.534222
vt 0.839759 0.532497
vt 0.838539 0.514985
vt 0.839759 0.512884
vt 0.838539 0.530395
vt 0.841245 0.511159
vt 0.837633 0.527998
vt 0.842940 0.509878
vt 0.837075 0.525396
vt 0.844780 0.509088
vt 0.836887 0.522690
vt 0.844780 0.536293
vt 0.837075 0.519985
vt 0.842940 0.535503
vt 0.837633 0.517383
vt 0.835383 0.525396
vt 0.835162 0.522690
vt 0.844444 0.536293
vt 0.844444 0.509088
vt 0.835383 0.519985
vt 0.842280 0.535503
vt 0.836040 0.517383
vt 0.840287 0.534222
vt 0.837105 0.514985
vt 0.838539 0.532497
vt 0.838539 0.512884
vt 0.837105 0.530395
vt 0.840287 0.511159
vt 0.836040 0.527998
vt 0.842280 0.509878
vt 0.836040 0.514985
vt 0.837633 0.512884
vt 0.837633 0.532497
vt 0.836040 0.530395
vt 0.839575 0.511159
vt 0.834856 0.527998
vt 0.841790 0.509878
vt 0.834126 0.525396
vt 0.844194 0.509088
vt 0.833880 0.522690
vt 0.844194 0.536293
vt 0.834126 0.519985
vt 0.841790 0.535503
vt 0.834856 0.517383
vt 0.839575 0.534222
vt 0.844040 0.536293
vt 0.844040 0.509088
vt 0.833091 0.522690
vt 0.833352 0.519985
vt 0.841488 0.535503
vt 0.834126 0.517383
vt 0.839136 0.534222
vt 0.835383 0.514985
vt 0.837075 0.532497
vt 0.837075 0.512884
vt 0.835383 0.530395
vt 0.839136 0.511159
vt 0.834126 0.527998
vt 0.841488 0.509878
vt 0.833352 0.525396
vt 0.836887 0.532497
vt 0.835162 0.530395
vt 0.836887 0.512884
vt 0.838988 0.511159
vt 0.833880 0.527998
vt 0.841386 0.509878
vt 0.833091 0.525396
vt 0.843988 0.509088
vt 0.832825 0.522690
vt 0.843988 0.536293
vt 0.833091 0.519985
vt 0.841386 0.535503
vt 0.833880 0.517383
vt 0.838988 0.534222
vt 0.835162 0.514985
vt 0.856910 0.864554
vt 0.858614 0.866630
vt 0.858395 0.866630
vt 0.856724 0.864554
vt 0.858614 0.881851
vt 0.856910 0.883927
vt 0.856724 0.883927
vt 0.858395 0.881851
vt 0.854834 0.862851
vt 0.854688 0.862851
vt 0.859880 0.879483
vt 0.859636 0.879483
vt 0.852466 0.861585
vt 0.852365 0.861585
vt 0.860659 0.876913
vt 0.860401 0.876913
vt 0.849896 0.860806
vt 0.849845 0.860806
vt 0.860922 0.874241
vt 0.860659 0.874241
vt 0.849896 0.887676
vt 0.847224 0.887939
vt 0.849845 0.887676
vt 0.847224 0.860542
vt 0.860659 0.871568
vt 0.860401 0.871568
vt 0.852466 0.886896
vt 0.852365 0.886896
vt 0.859880 0.868999
vt 0.859636 0.868999
vt 0.854834 0.885630
vt 0.854688 0.885630
vt 0.849693 0.887676
vt 0.849693 0.860806
vt 0.859880 0.874241
vt 0.859636 0.871568
vt 0.852067 0.886896
vt 0.858916 0.868999
vt 0.854255 0.885630
vt 0.857747 0.866630
vt 0.856173 0.883927
vt 0.856173 0.864554
vt 0.857747 0.881851
vt 0.854255 0.862851
vt 0.858916 0.879483
vt 0.852067 0.861585
vt 0.859636 0.876913
vt 0.855278 0.883927
vt 0.856694 0.881851
vt 0.855278 0.864554
vt 0.853552 0.862851
vt 0.857747 0.879483
vt 0.851583 0.861585
vt 0.858395 0.876913
vt 0.849446 0.860806
vt 0.858614 0.874241
vt 0.849446 0.887676
vt 0.858395 0.871568
vt 0.851583 0.886896
vt 0.857747 0.868999
vt 0.853552 0.885630
vt 0.856694 0.866630
vt 0.856910 0.874241
vt 0.856724 0.871568
vt 0.849114 0.887676
vt 0.850931 0.886896
vt 0.856173 0.868999
vt 0.852606 0.885630
vt 0.855278 0.866630
vt 0.854073 0.883927
vt 0.854073 0.864554
vt 0.855278 0.881851
vt 0.852606 0.862851
vt 0.856173 0.879483
vt 0.850931 0.861585
vt 0.856724 0.876913
vt 0.849114 0.860806
vt 0.852606 0.864554
vt 0.851452 0.862851
vt 0.853552 0.881851
vt 0.854255 0.879483
vt 0.850136 0.861585
vt 0.854688 0.876913
vt 0.848709 0.860806
vt 0.854834 0.874241
vt 0.848709 0.887676
vt 0.854688 0.871568
vt 0.850136 0.886896
vt 0.854255 0.868999
vt 0.851452 0.885630
vt 0.853552 0.866630
vt 0.852606 0.883927
vt 0.848247 0.887676
vt 0.849230 0.886896
vt 0.852365 0.871568
vt 0.852067 0.868999
vt 0.850136 0.885630
vt 0.851583 0.866630
vt 0.850931 0.883927
vt 0.850931 0.864554
vt 0.851583 0.881851
vt 0.850136 0.862851
vt 0.852067 0.879483
vt 0.849230 0.861585
vt 0.852365 0.876913
vt 0.848247 0.860806
vt 0.852466 0.874241
vt 0.849446 0.881851
vt 0.849693 0.879483
vt 0.848709 0.862851
vt 0.848247 0.861585
vt 0.849845 0.876913
vt 0.847745 0.860806
vt 0.849896 0.874241
vt 0.847745 0.887676
vt 0.849845 0.871568
vt 0.848247 0.886896
vt 0.849693 0.868999
vt 0.848709 0.885630
vt 0.849446 0.866630
vt 0.849114 0.883927
vt 0.849114 0.864554
vt 0.847224 0.871568
vt 0.847224 0.868999
vt 0.847224 0.886896
vt 0.847224 0.885630
vt 0.847224 0.866630
vt 0.847224 0.883927
vt 0.847224 0.864554
vt 0.847224 0.881851
vt 0.847224 0.862851
vt 0.847224 0.879483
vt 0.847224 0.861585
vt 0.847224 0.876913
vt 0.847224 0.860806
vt 0.847224 0.874241
vt 0.847224 0.887676
vt 0.845739 0.862851
vt 0.846201 0.861585
vt 0.844755 0.879483
vt 0.844603 0.876913
vt 0.846703 0.860806
vt 0.844552 0.874241
vt 0.846703 0.887676
vt 0.844603 0.871568
vt 0.846201 0.886896
vt 0.844755 0.868999
vt 0.845739 0.885630
vt 0.845002 0.866630
vt 0.845334 0.883927
vt 0.845334 0.864554
vt 0.845002 0.881851
vt 0.842381 0.868999
vt 0.842866 0.866630
vt 0.844312 0.885630
vt 0.843517 0.883927
vt 0.843517 0.864554
vt 0.842866 0.881851
vt 0.844312 0.862851
vt 0.842381 0.879483
vt 0.845218 0.861585
vt 0.842083 0.876913
vt 0.846201 0.860806
vt 0.841982 0.874241
vt 0.846201 0.887676
vt 0.842083 0.871568
vt 0.845218 0.886896
vt 0.844312 0.861585
vt 0.845739 0.860806
vt 0.839760 0.876913
vt 0.839614 0.874241
vt 0.845739 0.887676
vt 0.839760 0.871568
vt 0.844312 0.886896
vt 0.840193 0.868999
vt 0.842996 0.885630
vt 0.840896 0.866630
vt 0.841843 0.883927
vt 0.841843 0.864554
vt 0.840896 0.881851
vt 0.842996 0.862851
vt 0.840193 0.879483
vt 0.841843 0.885630
vt 0.840375 0.883927
vt 0.839170 0.866630
vt 0.840375 0.864554
vt 0.839170 0.881851
vt 0.841843 0.862851
vt 0.838275 0.879483
vt 0.843517 0.861585
vt 0.837724 0.876913
vt 0.845334 0.860806
vt 0.837538 0.874241
vt 0.845334 0.887676
vt 0.837724 0.871568
vt 0.843517 0.886896
vt 0.838275 0.868999
vt 0.836053 0.876913
vt 0.835834 0.874241
vt 0.845002 0.887676
vt 0.845002 0.860806
vt 0.836053 0.871568
vt 0.842866 0.886896
vt 0.836701 0.868999
vt 0.840896 0.885630
vt 0.837754 0.866630
vt 0.839170 0.883927
vt 0.839170 0.864554
vt 0.837754 0.881851
vt 0.840896 0.862851
vt 0.836701 0.879483
vt 0.842866 0.861585
vt 0.836701 0.866630
vt 0.838275 0.864554
vt 0.838275 0.883927
vt 0.836701 0.881851
vt 0.840193 0.862851
vt 0.835532 0.879483
vt 0.842381 0.861585
vt 0.834812 0.876913
vt 0.844755 0.860806
vt 0.834569 0.874241
vt 0.844755 0.887676
vt 0.834812 0.871568
vt 0.842381 0.886896
vt 0.835532 0.868999
vt 0.840193 0.885630
vt 0.844603 0.887676
vt 0.844603 0.860806
vt 0.833789 0.874241
vt 0.834047 0.871568
vt 0.842083 0.886896
vt 0.834812 0.868999
vt 0.839760 0.885630
vt 0.836053 0.866630
vt 0.837724 0.883927
vt 0.837724 0.864554
vt 0.836053 0.881851
vt 0.839760 0.862851
vt 0.834812 0.879483
vt 0.842083 0.861585
vt 0.834047 0.876913
vt 0.837538 0.883927
vt 0.835834 0.881851
vt 0.837538 0.864554
vt 0.839614 0.862851
vt 0.834569 0.879483
vt 0.841982 0.861585
vt 0.833789 0.876913
vt 0.844552 0.860806
vt 0.833526 0.874241
vt 0.844552 0.887676
vt 0.833789 0.871568
vt 0.841982 0.886896
vt 0.834569 0.868999
vt 0.839614 0.885630
vt 0.835834 0.866630
vt 0.894298 0.558610
vt 0.898489 0.558610
vt 0.898489 0.942061
vt 0.894298 0.942061
vt 0.978554 0.558610
vt 0.983003 0.558610
vt 0.983003 0.942061
vt 0.978554 0.942061
vt 0.889850 0.558610
vt 0.889850 0.942061
vt 0.974364 0.558610
vt 0.974364 0.942061
vt 0.885314 0.558610
vt 0.885314 0.942061
vt 0.970593 0.558610
vt 0.970593 0.942061
vt 0.880866 0.558610
vt 0.880866 0.942061
vt 0.934823 0.558610
vt 0.938030 0.558610
vt 0.938030 0.942061
vt 0.934823 0.942061
vt 0.876675 0.558610
vt 0.876675 0.942061
vt 0.931051 0.558610
vt 0.931051 0.942061
vt 0.953647 0.558610
vt 0.958183 0.558610
vt 0.958183 0.942061
vt 0.953647 0.942061
vt 0.872904 0.558610
vt 0.872904 0.942061
vt 0.926861 0.558610
vt 0.926861 0.942061
vt 0.949199 0.558610
vt 0.949199 0.942061
vt 0.869697 0.558610
vt 0.869697 0.942061
vt 0.922413 0.558610
vt 0.922413 0.942061
vt 0.945008 0.558610
vt 0.945008 0.942061
vt 0.966821 0.558610
vt 0.970593 0.558610
vt 0.970593 0.942061
vt 0.966821 0.942061
vt 0.917877 0.558610
vt 0.917877 0.942061
vt 0.941237 0.558610
vt 0.941237 0.942061
vt 0.962631 0.558610
vt 0.962631 0.942061
vt 0.913429 0.558610
vt 0.913429 0.942061
vt 0.938030 0.558610
vt 0.938030 0.942061
vt 0.909238 0.558610
vt 0.909238 0.942061
vt 0.996177 0.558610
vt 0.999948 0.558610
vt 0.999948 0.942061
vt 0.996177 0.942061
vt 0.905467 0.558610
vt 0.905467 0.942061
vt 0.991987 0.558610
vt 0.991987 0.942061
vt 0.902260 0.558610
vt 0.902260 0.942061
vt 0.987538 0.558610
vt 0.987538 0.942061
vn 0.0000 0.0000 1.0000
vn 0.7031 -0.7110 0.0000
vn 0.7110 0.7031 0.0000
vn 0.3230 -0.4447 0.8354
vn 0.3251 0.4426 0.8357
vn -0.3264 0.4412 0.8360
vn -0.3214 -0.4460 0.8353
vn 0.5439 0.4742 0.6923
vn -0.5480 0.4647 0.6955
vn -0.3067 -0.2858 0.9079
vn 0.3072 -0.2787 0.9099
vn -0.9997 -0.0264 0.0000
vn -0.7164 0.6977 0.0000
vn 0.3230 -0.4446 -0.8354
vn -0.3214 -0.4460 -0.8353
vn -0.3264 0.4412 -0.8360
vn 0.3251 0.4426 -0.8357
vn 0.5439 0.4742 -0.6923
vn -0.5480 0.4647 -0.6955
vn -0.7033 -0.6554 0.2754
vn 0.7096 -0.6437 0.2866
vn 0.0000 -0.7071 0.7071
vn 0.0000 -1.0000 0.0000
vn -0.5416 0.5349 0.6485
vn -0.6905 0.6961 -0.1965
vn -0.8070 0.5445 -0.2287
vn -0.6395 0.4229 0.6420
vn -0.6395 -0.4229 0.6420
vn -0.8070 -0.5445 -0.2287
vn -0.6906 -0.6961 -0.1965
vn -0.5416 -0.5349 0.6485
vn -0.4236 0.6242 0.6564
vn -0.5469 0.8225 -0.1563
vn -0.7130 -0.2926 0.6372
vn -0.8926 -0.3737 -0.2523
vn -0.2912 0.6873 0.6654
vn -0.3809 0.9181 -0.1096
vn -0.7585 -0.1496 0.6342
vn -0.9449 -0.1900 -0.2666
vn -0.1501 0.7222 0.6752
vn -0.1989 0.9783 -0.0580
vn -0.7740 0.0000 0.6332
vn -0.9625 0.0000 -0.2714
vn -0.1501 -0.7223 0.6751
vn -0.1989 -0.9783 -0.0580
vn 0.0000 -0.7617 0.6480
vn 0.0000 0.7616 0.6480
vn -0.7585 0.1495 0.6342
vn -0.9449 0.1900 -0.2666
vn -0.2912 -0.6873 0.6654
vn -0.3809 -0.9181 -0.1096
vn -0.7130 0.2926 0.6372
vn -0.8926 0.3737 -0.2523
vn -0.4237 -0.6242 0.6564
vn -0.5469 -0.8225 -0.1563
vn -0.1856 -0.9762 -0.1126
vn -0.1855 0.9762 -0.1126
vn -0.8477 0.1812 -0.4986
vn -0.8621 -0.0000 -0.5068
vn -0.3544 -0.9107 -0.2123
vn -0.8045 0.3580 -0.4739
vn -0.5052 -0.8089 -0.3007
vn -0.7326 0.5255 -0.4326
vn -0.6324 -0.6781 -0.3746
vn -0.6323 0.6781 -0.3746
vn -0.7326 -0.5255 -0.4326
vn -0.5052 0.8089 -0.3007
vn -0.8045 -0.3580 -0.4739
vn -0.3545 0.9106 -0.2123
vn -0.8477 -0.1812 -0.4986
vn -0.6268 -0.5004 -0.5973
vn -0.5472 -0.6535 -0.5230
vn -0.4425 0.7899 -0.4247
vn -0.5472 0.6535 -0.5230
vn -0.6821 -0.3376 -0.6487
vn -0.3136 0.8999 -0.3029
vn -0.7144 -0.1699 -0.6788
vn -0.1648 0.9730 -0.1614
vn -0.7251 -0.0000 -0.6887
vn -0.1649 -0.9730 -0.1614
vn -0.7144 0.1698 -0.6788
vn -0.3136 -0.8999 -0.3029
vn -0.6821 0.3376 -0.6487
vn -0.4425 -0.7899 -0.4247
vn -0.6268 0.5004 -0.5973
vn -0.5675 0.1587 -0.8079
vn -0.5750 -0.0000 -0.8182
vn -0.2618 -0.8879 -0.3783
vn -0.1383 -0.9695 -0.2025
vn -0.5448 0.3173 -0.7762
vn -0.3653 -0.7690 -0.5245
vn -0.5051 0.4747 -0.7207
vn -0.4461 -0.6276 -0.6381
vn -0.4461 0.6276 -0.6381
vn -0.5051 -0.4748 -0.7207
vn -0.3653 0.7690 -0.5246
vn -0.5448 -0.3173 -0.7762
vn -0.2618 0.8879 -0.3784
vn -0.5676 -0.1587 -0.8079
vn -0.1383 0.9695 -0.2026
vn -0.2792 0.7498 -0.5999
vn -0.3372 0.6044 -0.7218
vn -0.4048 -0.3002 -0.8637
vn -0.3781 -0.4525 -0.8077
vn -0.2022 0.8764 -0.4372
vn -0.4198 -0.1495 -0.8952
vn -0.1073 0.9660 -0.2352
vn -0.4247 0.0000 -0.9054
vn -0.1074 -0.9660 -0.2353
vn -0.4198 0.1495 -0.8952
vn -0.2022 -0.8764 -0.4371
vn -0.4048 0.3002 -0.8637
vn -0.2792 -0.7498 -0.5999
vn -0.3781 0.4525 -0.8077
vn -0.3372 -0.6044 -0.7218
vn -0.1374 -0.8670 -0.4790
vn -0.0733 -0.9631 -0.2589
vn -0.2671 0.2875 -0.9198
vn -0.2761 0.1427 -0.9505
vn -0.1882 -0.7345 -0.6520
vn -0.2507 0.4358 -0.8644
vn -0.2253 -0.5865 -0.7780
vn -0.2252 0.5866 -0.7779
vn -0.2507 -0.4358 -0.8644
vn -0.1882 0.7345 -0.6520
vn -0.2671 -0.2875 -0.9198
vn -0.1374 0.8670 -0.4790
vn -0.2761 -0.1427 -0.9505
vn -0.0732 0.9631 -0.2589
vn -0.2790 -0.0000 -0.9603
vn -0.1326 -0.2799 -0.9508
vn -0.1248 -0.4256 -0.8963
vn -0.0695 0.8609 -0.5040
vn -0.0946 0.7248 -0.6824
vn -0.1368 -0.1387 -0.9808
vn -0.0371 0.9613 -0.2731
vn -0.1381 -0.0000 -0.9904
vn -0.0371 -0.9613 -0.2731
vn -0.1368 0.1387 -0.9808
vn -0.0695 -0.8609 -0.5040
vn -0.1326 0.2799 -0.9508
vn -0.0946 -0.7248 -0.6824
vn -0.1248 0.4256 -0.8963
vn -0.1126 -0.5754 -0.8101
vn -0.1126 0.5755 -0.8100
vn 0.0000 0.2773 -0.9608
vn 0.0000 0.1373 -0.9905
vn 0.0000 -0.7215 -0.6925
vn 0.0000 -0.8588 -0.5123
vn 0.0000 0.4221 -0.9065
vn 0.0000 -0.5717 -0.8205
vn 0.0000 0.5717 -0.8205
vn 0.0000 -0.4221 -0.9065
vn 0.0000 0.7215 -0.6925
vn 0.0000 -0.2773 -0.9608
vn 0.0000 0.8588 -0.5123
vn 0.0000 -0.1373 -0.9905
vn 0.0000 0.9606 -0.2779
vn 0.0000 0.0000 -1.0000
vn 0.0000 -0.9606 -0.2779
vn 0.0695 0.8609 -0.5040
vn 0.0946 0.7248 -0.6824
vn 0.1368 -0.1387 -0.9808
vn 0.1326 -0.2799 -0.9508
vn 0.0371 0.9613 -0.2731
vn 0.1381 -0.0000 -0.9904
vn 0.0371 -0.9613 -0.2732
vn 0.1368 0.1387 -0.9808
vn 0.0695 -0.8609 -0.5040
vn 0.1326 0.2799 -0.9508
vn 0.0946 -0.7248 -0.6824
vn 0.1248 0.4256 -0.8963
vn 0.1126 -0.5754 -0.8101
vn 0.1126 0.5755 -0.8100
vn 0.1248 -0.4256 -0.8963
vn 0.2507 0.4358 -0.8644
vn 0.2671 0.2875 -0.9198
vn 0.2253 -0.5865 -0.7780
vn 0.1882 -0.7345 -0.6520
vn 0.2252 0.5866 -0.7779
vn 0.2507 -0.4358 -0.8644
vn 0.1882 0.7345 -0.6520
vn 0.2671 -0.2875 -0.9198
vn 0.1374 0.8670 -0.4790
vn 0.2761 -0.1427 -0.9505
vn 0.0732 0.9631 -0.2589
vn 0.2790 -0.0000 -0.9603
vn 0.0732 -0.9631 -0.2589
vn 0.2761 0.1427 -0.9505
vn 0.1374 -0.8670 -0.4790
vn 0.1073 0.9660 -0.2352
vn 0.2022 0.8764 -0.4372
vn 0.4247 0.0000 -0.9054
vn 0.4198 -0.1495 -0.8952
vn 0.1073 -0.9660 -0.2353
vn 0.4198 0.1495 -0.8952
vn 0.2022 -0.8764 -0.4371
vn 0.4048 0.3002 -0.8637
vn 0.2792 -0.7498 -0.5999
vn 0.3781 0.4525 -0.8077
vn 0.3372 -0.6044 -0.7218
vn 0.3372 0.6044 -0.7218
vn 0.3781 -0.4525 -0.8077
vn 0.2792 0.7498 -0.5999
vn 0.4048 -0.3002 -0.8637
vn 0.4461 -0.6276 -0.6381
vn 0.3653 -0.7690 -0.5246
vn 0.4461 0.6276 -0.6381
vn 0.5051 0.4748 -0.7207
vn 0.5051 -0.4748 -0.7207
vn 0.3653 0.7690 -0.5246
vn 0.5448 -0.3174 -0.7762
vn 0.2618 0.8879 -0.3783
vn 0.5675 -0.1587 -0.8079
vn 0.1383 0.9695 -0.2026
vn 0.5749 -0.0000 -0.8182
vn 0.1383 -0.9694 -0.2026
vn 0.5675 0.1587 -0.8079
vn 0.2618 -0.8879 -0.3783
vn 0.5448 0.3173 -0.7762
vn 0.7251 -0.0000 -0.6886
vn 0.7144 -0.1698 -0.6788
vn 0.1648 -0.9730 -0.1614
vn 0.1648 0.9730 -0.1614
vn 0.7144 0.1698 -0.6788
vn 0.3136 -0.8999 -0.3029
vn 0.6821 0.3376 -0.6487
vn 0.4425 -0.7899 -0.4247
vn 0.6268 0.5004 -0.5973
vn 0.5472 -0.6535 -0.5230
vn 0.5472 0.6535 -0.5230
vn 0.6268 -0.5004 -0.5973
vn 0.4425 0.7898 -0.4247
vn 0.6821 -0.3376 -0.6487
vn 0.3136 0.8999 -0.3030
vn 0.6323 0.6781 -0.3746
vn 0.7326 0.5255 -0.4325
vn 0.7326 -0.5255 -0.4325
vn 0.6323 -0.6781 -0.3746
vn 0.5052 0.8089 -0.3007
vn 0.8045 -0.3580 -0.4739
vn 0.3545 0.9106 -0.2123
vn 0.8477 -0.1812 -0.4986
vn 0.1856 0.9762 -0.1126
vn 0.8621 0.0000 -0.5068
vn 0.1856 -0.9762 -0.1126
vn 0.8477 0.1812 -0.4986
vn 0.3544 -0.9107 -0.2123
vn 0.8045 0.3580 -0.4739
vn 0.5052 -0.8089 -0.3007
vn 0.1988 -0.9783 -0.0580
vn 0.1988 0.9783 -0.0580
vn 0.9449 0.1900 -0.2666
vn 0.9625 0.0000 -0.2714
vn 0.3809 -0.9181 -0.1096
vn 0.8926 0.3736 -0.2523
vn 0.5469 -0.8225 -0.1564
vn 0.8070 0.5445 -0.2287
vn 0.6906 -0.6961 -0.1965
vn 0.6905 0.6961 -0.1965
vn 0.8070 -0.5445 -0.2287
vn 0.5469 0.8225 -0.1564
vn 0.8926 -0.3737 -0.2523
vn 0.3809 0.9181 -0.1097
vn 0.9449 -0.1900 -0.2666
vn 0.6395 -0.4229 0.6420
vn 0.5416 -0.5349 0.6485
vn 0.4237 0.6242 0.6564
vn 0.5416 0.5350 0.6485
vn 0.7130 -0.2926 0.6372
vn 0.2912 0.6873 0.6654
vn 0.7586 -0.1496 0.6342
vn 0.1501 0.7223 0.6751
vn 0.7740 0.0000 0.6332
vn 0.1501 -0.7222 0.6751
vn 0.7586 0.1496 0.6342
vn 0.2912 -0.6873 0.6654
vn 0.7130 0.2926 0.6372
vn 0.4237 -0.6242 0.6564
vn 0.6395 0.4229 0.6420
vn 0.5416 -0.5350 -0.6485
vn 0.6395 -0.4229 -0.6420
vn 0.8070 -0.5445 0.2287
vn 0.6905 -0.6961 0.1965
vn 0.6395 0.4229 -0.6420
vn 0.5416 0.5350 -0.6485
vn 0.6905 0.6961 0.1965
vn 0.8070 0.5445 0.2287
vn 0.4236 -0.6242 -0.6564
vn 0.5469 -0.8225 0.1563
vn 0.7130 0.2926 -0.6372
vn 0.8926 0.3737 0.2523
vn 0.2912 -0.6873 -0.6655
vn 0.3809 -0.9181 0.1096
vn 0.7585 0.1495 -0.6342
vn 0.9449 0.1900 0.2666
vn 0.1501 -0.7222 -0.6752
vn 0.1989 -0.9783 0.0580
vn 0.7740 0.0000 -0.6332
vn 0.9625 0.0000 0.2714
vn 0.1501 0.7222 -0.6752
vn -0.0000 0.7617 -0.6480
vn 0.1989 0.9783 0.0580
vn 0.0000 -0.7617 -0.6480
vn 0.7585 -0.1495 -0.6342
vn 0.9449 -0.1900 0.2666
vn 0.2912 0.6873 -0.6655
vn 0.3809 0.9181 0.1096
vn 0.7130 -0.2926 -0.6372
vn 0.8926 -0.3737 0.2523
vn 0.4236 0.6242 -0.6564
vn 0.5469 0.8225 0.1563
vn 0.1856 0.9762 0.1126
vn 0.1856 -0.9762 0.1126
vn 0.8621 0.0000 0.5068
vn 0.8477 -0.1812 0.4986
vn 0.3544 0.9107 0.2123
vn 0.8045 -0.3580 0.4739
vn 0.5052 0.8089 0.3007
vn 0.7326 -0.5255 0.4326
vn 0.6323 0.6781 0.3746
vn 0.6323 -0.6781 0.3746
vn 0.7326 0.5255 0.4326
vn 0.5052 -0.8089 0.3007
vn 0.8045 0.3580 0.4739
vn 0.3544 -0.9107 0.2123
vn 0.8477 0.1812 0.4986
vn 0.5472 0.6535 0.5230
vn 0.6268 0.5004 0.5973
vn 0.5472 -0.6535 0.5230
vn 0.4425 -0.7899 0.4247
vn 0.6821 0.3376 0.6487
vn 0.3136 -0.8999 0.3029
vn 0.7145 0.1699 0.6788
vn 0.1649 -0.9730 0.1614
vn 0.7251 0.0000 0.6886
vn 0.1649 0.9730 0.1614
vn 0.7145 -0.1699 0.6788
vn 0.3136 0.8999 0.3029
vn 0.6821 -0.3376 0.6487
vn 0.4424 0.7899 0.4247
vn 0.6268 -0.5004 0.5973
vn 0.5749 0.0000 0.8182
vn 0.5676 -0.1587 0.8079
vn 0.1383 0.9694 0.2026
vn 0.2618 0.8879 0.3783
vn 0.5448 -0.3173 0.7762
vn 0.3653 0.7691 0.5245
vn 0.5051 -0.4747 0.7207
vn 0.4461 0.6276 0.6381
vn 0.4461 -0.6276 0.6381
vn 0.5051 0.4747 0.7207
vn 0.3653 -0.7691 0.5245
vn 0.5448 0.3173 0.7762
vn 0.2618 -0.8879 0.3783
vn 0.5676 0.1587 0.8079
vn 0.1383 -0.9694 0.2026
vn 0.3371 -0.6044 0.7218
vn 0.2792 -0.7498 0.5999
vn 0.3781 0.4525 0.8077
vn 0.4048 0.3002 0.8637
vn 0.2022 -0.8764 0.4371
vn 0.4198 0.1495 0.8952
vn 0.1073 -0.9660 0.2353
vn 0.4247 -0.0000 0.9054
vn 0.1073 0.9660 0.2353
vn 0.4198 -0.1495 0.8952
vn 0.2022 0.8764 0.4371
vn 0.4048 -0.3002 0.8637
vn 0.2792 0.7498 0.5999
vn 0.3781 -0.4525 0.8077
vn 0.3371 0.6044 0.7218
vn 0.0732 0.9631 0.2589
vn 0.1374 0.8670 0.4790
vn 0.2761 -0.1427 0.9505
vn 0.2671 -0.2875 0.9198
vn 0.1881 0.7345 0.6520
vn 0.2508 -0.4358 0.8644
vn 0.2253 0.5866 0.7779
vn 0.2253 -0.5866 0.7779
vn 0.2508 0.4358 0.8644
vn 0.1882 -0.7345 0.6520
vn 0.2671 0.2875 0.9198
vn 0.1374 -0.8670 0.4790
vn 0.2761 0.1427 0.9505
vn 0.0732 -0.9631 0.2589
vn 0.2790 0.0000 0.9603
vn 0.1248 0.4256 0.8963
vn 0.1325 0.2799 0.9508
vn 0.0946 -0.7248 0.6824
vn 0.0694 -0.8609 0.5040
vn 0.1368 0.1386 0.9809
vn 0.0371 -0.9612 0.2732
vn 0.1381 0.0000 0.9904
vn 0.0371 0.9612 0.2732
vn 0.1368 -0.1386 0.9809
vn 0.0694 0.8609 0.5040
vn 0.1325 -0.2799 0.9508
vn 0.0946 0.7248 0.6824
vn 0.1248 -0.4256 0.8963
vn 0.1127 0.5755 0.8100
vn 0.1127 -0.5755 0.8100
vn 0.0000 -0.1373 0.9905
vn 0.0000 -0.2773 0.9608
vn 0.0000 0.8588 0.5123
vn 0.0000 0.7215 0.6924
vn 0.0000 -0.4221 0.9065
vn 0.0000 0.5717 0.8205
vn 0.0000 -0.5717 0.8205
vn 0.0000 0.4221 0.9065
vn 0.0000 -0.7215 0.6924
vn 0.0000 0.2773 0.9608
vn 0.0000 -0.8588 0.5123
vn 0.0000 0.1373 0.9905
vn 0.0000 -0.9606 0.2780
vn 0.0000 0.9606 0.2780
vn -0.0946 -0.7248 0.6824
vn -0.0695 -0.8609 0.5040
vn -0.1325 0.2799 0.9508
vn -0.1368 0.1386 0.9809
vn -0.0371 -0.9612 0.2732
vn -0.1381 0.0000 0.9904
vn -0.0371 0.9613 0.2732
vn -0.1368 -0.1386 0.9809
vn -0.0695 0.8609 0.5040
vn -0.1325 -0.2799 0.9508
vn -0.0946 0.7248 0.6824
vn -0.1248 -0.4256 0.8963
vn -0.1127 0.5755 0.8100
vn -0.1127 -0.5755 0.8100
vn -0.1248 0.4256 0.8963
vn -0.2671 -0.2875 0.9198
vn -0.2507 -0.4358 0.8644
vn -0.1882 0.7345 0.6520
vn -0.2253 0.5866 0.7779
vn -0.2253 -0.5866 0.7779
vn -0.2508 0.4358 0.8644
vn -0.1882 -0.7345 0.6520
vn -0.2671 0.2875 0.9198
vn -0.1374 -0.8670 0.4790
vn -0.2761 0.1427 0.9505
vn -0.0732 -0.9631 0.2589
vn -0.2790 0.0000 0.9603
vn -0.0732 0.9631 0.2589
vn -0.2761 -0.1427 0.9505
vn -0.1374 0.8670 0.4790
vn -0.2022 -0.8764 0.4371
vn -0.1073 -0.9660 0.2353
vn -0.4198 0.1495 0.8952
vn -0.4247 0.0000 0.9053
vn -0.1073 0.9660 0.2353
vn -0.4198 -0.1495 0.8952
vn -0.2022 0.8764 0.4371
vn -0.4048 -0.3002 0.8637
vn -0.2792 0.7498 0.5999
vn -0.3781 -0.4525 0.8077
vn -0.3371 0.6044 0.7218
vn -0.3371 -0.6044 0.7218
vn -0.3781 0.4525 0.8077
vn -0.2792 -0.7498 0.5999
vn -0.4048 0.3002 0.8637
vn -0.3653 0.7691 0.5245
vn -0.4461 0.6276 0.6381
vn -0.5051 -0.4747 0.7207
vn -0.4461 -0.6276 0.6381
vn -0.5051 0.4747 0.7207
vn -0.3653 -0.7691 0.5245
vn -0.5448 0.3173 0.7762
vn -0.2618 -0.8879 0.3783
vn -0.5676 0.1587 0.8079
vn -0.1383 -0.9694 0.2026
vn -0.5750 0.0000 0.8182
vn -0.1383 0.9694 0.2026
vn -0.5676 -0.1587 0.8079
vn -0.2618 0.8879 0.3783
vn -0.5448 -0.3173 0.7762
vn -0.7145 0.1698 0.6788
vn -0.7251 0.0000 0.6886
vn -0.1649 0.9730 0.1614
vn -0.1649 -0.9730 0.1614
vn -0.7145 -0.1698 0.6788
vn -0.3136 0.8999 0.3029
vn -0.6821 -0.3376 0.6487
vn -0.4425 0.7899 0.4247
vn -0.6268 -0.5004 0.5973
vn -0.5472 0.6535 0.5230
vn -0.5472 -0.6535 0.5230
vn -0.6268 0.5004 0.5973
vn -0.4425 -0.7899 0.4247
vn -0.6821 0.3376 0.6487
vn -0.3136 -0.8999 0.3029
vn -0.7326 -0.5255 0.4325
vn -0.6323 -0.6781 0.3746
vn -0.6323 0.6781 0.3746
vn -0.7326 0.5255 0.4325
vn -0.5052 -0.8089 0.3007
vn -0.8045 0.3580 0.4739
vn -0.3544 -0.9107 0.2123
vn -0.8477 0.1812 0.4986
vn -0.1856 -0.9762 0.1126
vn -0.8621 0.0000 0.5068
vn -0.1856 0.9762 0.1126
vn -0.8477 -0.1812 0.4986
vn -0.3544 0.9107 0.2123
vn -0.8045 -0.3580 0.4739
vn -0.5052 0.8089 0.3007
vn -0.1989 0.9783 0.0580
vn -0.1989 -0.9783 0.0580
vn -0.9625 0.0000 0.2714
vn -0.9449 -0.1900 0.2666
vn -0.3809 0.9181 0.1096
vn -0.8926 -0.3737 0.2522
vn -0.5469 0.8225 0.1564
vn -0.8070 -0.5445 0.2287
vn -0.6905 0.6961 0.1965
vn -0.6905 -0.6961 0.1965
vn -0.8070 0.5445 0.2287
vn -0.5469 -0.8225 0.1564
vn -0.8926 0.3737 0.2522
vn -0.3809 -0.9181 0.1096
vn -0.9449 0.1900 0.2666
vn -0.5416 0.5349 -0.6485
vn -0.6395 0.4229 -0.6420
vn -0.5416 -0.5349 -0.6485
vn -0.4236 -0.6242 -0.6564
vn -0.7130 0.2926 -0.6372
vn -0.2912 -0.6873 -0.6654
vn -0.7585 0.1496 -0.6342
vn -0.1501 -0.7222 -0.6752
vn -0.7740 0.0000 -0.6332
vn -0.1501 0.7222 -0.6752
vn -0.7585 -0.1496 -0.6342
vn -0.2912 0.6873 -0.6654
vn -0.7130 -0.2926 -0.6372
vn -0.4236 0.6242 -0.6564
vn -0.6395 -0.4229 -0.6420
vn 0.5415 -0.5349 -0.6485
vn 0.6906 -0.6961 0.1965
vn 0.5416 0.5349 -0.6485
vn 0.6906 0.6961 0.1965
vn 0.2912 -0.6873 -0.6654
vn 0.2912 0.6873 -0.6654
vn 0.1855 -0.9762 0.1126
vn 0.6324 0.6781 0.3746
vn 0.6820 0.3376 0.6487
vn 0.7144 0.1698 0.6788
vn 0.1648 -0.9730 0.1614
vn 0.1648 0.9730 0.1614
vn 0.7144 -0.1698 0.6788
vn 0.6820 -0.3376 0.6487
vn 0.4425 0.7899 0.4247
vn 0.5750 0.0000 0.8182
vn 0.5448 -0.3174 0.7762
vn 0.3653 0.7690 0.5245
vn 0.3653 -0.7690 0.5245
vn 0.5448 0.3174 0.7762
vn 0.1383 -0.9695 0.2026
vn 0.3372 -0.6044 0.7218
vn 0.1073 -0.9660 0.2352
vn 0.1074 0.9660 0.2353
vn 0.3372 0.6044 0.7218
vn 0.1882 0.7345 0.6520
vn 0.2253 0.5865 0.7780
vn 0.1326 0.2799 0.9508
vn 0.1368 0.1387 0.9808
vn 0.0371 -0.9613 0.2731
vn 0.1382 0.0000 0.9904
vn 0.1368 -0.1387 0.9808
vn 0.1326 -0.2799 0.9508
vn 0.1126 0.5754 0.8101
vn 0.1126 -0.5754 0.8100
vn -0.0000 -0.9606 0.2779
vn -0.0000 0.9606 0.2779
vn -0.1326 0.2799 0.9508
vn -0.1368 0.1387 0.9808
vn -0.0371 -0.9613 0.2731
vn -0.1382 0.0000 0.9904
vn -0.1368 -0.1387 0.9808
vn -0.1326 -0.2799 0.9508
vn -0.1249 -0.4256 0.8963
vn -0.1126 0.5754 0.8101
vn -0.1126 -0.5754 0.8100
vn -0.1249 0.4256 0.8963
vn -0.2253 0.5865 0.7780
vn -0.2252 -0.5866 0.7779
vn -0.2507 0.4358 0.8644
vn -0.1074 0.9660 0.2353
vn -0.3780 -0.4525 0.8077
vn -0.3372 0.6044 0.7218
vn -0.3372 -0.6044 0.7218
vn -0.3780 0.4525 0.8077
vn -0.3653 0.7690 0.5245
vn -0.5051 0.4748 0.7207
vn -0.3653 -0.7690 0.5245
vn -0.5675 0.1587 0.8079
vn -0.1383 -0.9695 0.2026
vn -0.5749 -0.0000 0.8182
vn -0.5675 -0.1587 0.8079
vn -0.7144 0.1698 0.6788
vn -0.1648 -0.9730 0.1614
vn -0.7144 -0.1698 0.6788
vn -0.6324 0.6781 0.3746
vn -0.1855 -0.9762 0.1126
vn -0.1856 0.9761 0.1127
vn -0.1988 -0.9783 0.0580
vn -0.3809 0.9181 0.1097
vn -0.8926 -0.3737 0.2523
vn -0.6906 0.6961 0.1964
vn -0.6905 -0.6961 0.1964
vn -0.8926 0.3737 0.2523
vn -0.3809 -0.9181 0.1097
vn -0.5415 0.5349 -0.6485
vn -0.5415 -0.5349 -0.6485
vn -0.4237 -0.6242 -0.6564
vn -0.7585 -0.1495 -0.6342
vn -0.4237 0.6242 -0.6564
vn 0.5415 0.5349 -0.6485
vn 0.7586 0.1496 -0.6342
vn 0.1502 -0.7222 -0.6752
vn 0.1988 0.9783 0.0580
vn 0.7586 -0.1496 -0.6342
vn 0.9449 -0.1901 0.2666
vn 0.1855 0.9762 0.1126
vn 0.1856 -0.9762 0.1127
vn 0.7326 -0.5255 0.4325
vn 0.7326 0.5255 0.4325
vn 0.4425 -0.7898 0.4247
vn 0.7145 0.1698 0.6788
vn 0.1649 -0.9730 0.1613
vn 0.1648 0.9730 0.1613
vn 0.7145 -0.1698 0.6788
vn 0.4425 0.7898 0.4247
vn 0.5675 -0.1587 0.8079
vn 0.3653 0.7690 0.5246
vn 0.5675 0.1587 0.8079
vn 0.4246 0.0000 0.9054
vn 0.2022 0.8764 0.4372
vn 0.2253 -0.5865 0.7780
vn 0.0732 -0.9631 0.2590
vn 0.1248 0.4255 0.8963
vn 0.0371 0.9613 0.2731
vn 0.1248 -0.4255 0.8963
vn 0.1126 0.5754 0.8100
vn 0.1126 -0.5754 0.8101
vn -0.0371 0.9613 0.2731
vn -0.1249 -0.4255 0.8963
vn -0.1126 0.5754 0.8100
vn -0.1126 -0.5754 0.8101
vn -0.1249 0.4255 0.8963
vn -0.2508 -0.4358 0.8644
vn -0.2253 -0.5865 0.7780
vn -0.4246 0.0000 0.9054
vn -0.2022 0.8764 0.4372
vn -0.3653 0.7690 0.5246
vn -0.3653 -0.7690 0.5246
vn -0.5448 0.3174 0.7762
vn -0.1383 0.9695 0.2026
vn -0.5448 -0.3174 0.7762
vn -0.7145 0.1698 0.6787
vn -0.1648 0.9730 0.1614
vn -0.7145 -0.1698 0.6787
vn -0.4425 -0.7898 0.4247
vn -0.3136 -0.9000 0.3029
vn -0.1855 0.9762 0.1126
vn -0.1989 0.9783 0.0579
vn -0.9449 -0.1901 0.2666
vn -0.5469 0.8225 0.1563
vn -0.8070 -0.5444 0.2287
vn -0.6905 0.6961 0.1964
vn -0.6906 -0.6961 0.1964
vn -0.8070 0.5444 0.2287
vn -0.5469 -0.8225 0.1563
vn -0.8926 0.3736 0.2523
vn -0.7586 0.1496 -0.6342
vn -0.7586 -0.1496 -0.6342
vn 0.9808 0.0000 0.1951
vn 0.9239 0.0000 0.3827
vn -0.9239 0.0000 0.3827
vn -0.9808 0.0000 0.1951
vn 1.0000 0.0000 -0.0000
vn -0.8315 0.0000 0.5556
vn 0.9808 -0.0000 -0.1951
vn -0.7071 0.0000 0.7071
vn 0.9239 -0.0000 -0.3827
vn -0.5556 0.0000 0.8315
vn 0.8315 -0.0000 -0.5556
vn -0.3827 0.0000 0.9239
vn -0.1951 -0.0000 -0.9808
vn 0.7071 -0.0000 -0.7071
vn -0.1951 0.0000 0.9808
vn -0.3827 -0.0000 -0.9239
vn 0.5556 -0.0000 -0.8315
vn -0.5556 -0.0000 -0.8315
vn 0.3827 -0.0000 -0.9239
vn 0.1951 0.0000 0.9808
vn -0.7071 -0.0000 -0.7071
vn 0.1951 -0.0000 -0.9808
vn 0.3827 0.0000 0.9239
vn -0.8315 -0.0000 -0.5556
vn 0.5556 0.0000 0.8315
vn -0.9239 -0.0000 -0.3827
vn 0.7071 0.0000 0.7071
vn -0.9808 -0.0000 -0.1951
vn 0.8315 0.0000 0.5556
vn -1.0000 -0.0000 -0.0000
usemtl Sign
s 1
f 1/1/1 2/2/1 3/3/1 4/4/1
f 5/5/2 6/6/3 4/7/3 7/8/2
f 8/9/4 9/10/5 10/11/6 11/12/7
f 2/2/1 12/13/1 13/14/1 3/3/1
f 14/15/1 15/16/1 16/17/1 6/18/1
f 17/19/1 1/1/1 4/4/1 7/20/1
f 4/21/8 3/22/9 10/11/6 9/10/5
f 13/23/10 7/24/11 8/9/4 11/12/7
f 9/10/5 8/9/4 7/24/11 4/21/8
f 11/12/7 10/11/6 3/22/9 13/23/10
f 12/13/1 17/19/1 7/20/11 13/14/10
f 13/25/12 3/26/13 16/27/13 18/28/12
f 19/29/14 20/30/15 21/31/16 22/32/17
f 15/16/1 23/33/1 18/34/1 16/17/1
f 24/35/1 14/15/1 6/18/1 5/36/1
f 6/37/18 22/38/17 21/39/16 16/40/19
f 18/41/20 20/42/15 19/43/14 5/44/21
f 22/45/17 6/6/18 5/5/21 19/46/14
f 20/47/15 18/28/20 16/27/19 21/48/16
f 23/33/22 18/34/20 5/36/21 24/35/22
f 24/49/22 5/50/2 7/51/2 17/52/23 13/53/23 12/54/23 18/55/23 23/56/22
f 4/57/3 6/37/3 16/40/13 3/58/13
f 25/59/24 26/60/25 27/61/26 28/62/27
f 29/63/28 30/64/29 31/65/30 32/66/31
f 33/67/32 34/68/33 26/60/25 25/59/24
f 35/69/34 36/70/35 30/64/29 29/63/28
f 37/71/36 38/72/37 34/68/33 33/67/32
f 39/73/38 40/74/39 36/70/35 35/69/34
f 41/75/40 42/76/41 38/72/37 37/71/36
f 43/77/42 44/78/43 40/74/39 39/73/38
f 45/79/44 46/80/45 47/81/46
f 48/82/47 42/76/41 41/75/40
f 49/83/48 50/84/49 44/78/43 43/77/42
f 51/85/50 52/86/51 46/80/45 45/79/44
f 53/87/52 54/88/53 50/84/49 49/83/48
f 55/89/54 56/90/55 52/86/51 51/85/50
f 28/62/27 27/61/26 54/88/53 53/87/52
f 32/66/31 31/65/30 56/90/55 55/89/54
f 46/80/45 57/91/56 47/81/46
f 48/82/47 58/92/57 42/76/41
f 50/84/49 59/93/58 60/94/59 44/78/43
f 52/86/51 61/95/60 57/91/56 46/80/45
f 54/88/53 62/96/61 59/93/58 50/84/49
f 56/90/55 63/97/62 61/95/60 52/86/51
f 27/61/26 64/98/63 62/96/61 54/88/53
f 31/65/30 65/99/64 63/97/62 56/90/55
f 26/60/25 66/100/65 64/98/63 27/61/26
f 30/64/29 67/101/66 65/99/64 31/65/30
f 34/68/33 68/102/67 66/100/65 26/60/25
f 36/70/35 69/103/68 67/101/66 30/64/29
f 38/72/37 70/104/69 68/102/67 34/68/33
f 40/74/39 71/105/70 69/103/68 36/70/35
f 42/76/41 58/92/57 70/104/69 38/72/37
f 44/78/43 60/94/59 71/105/70 40/74/39
f 67/101/66 72/106/71 73/107/72 65/99/64
f 68/102/67 74/108/73 75/109/74 66/100/65
f 69/103/68 76/110/75 72/106/71 67/101/66
f 70/104/69 77/111/76 74/108/73 68/102/67
f 71/105/70 78/112/77 76/110/75 69/103/68
f 58/92/57 79/113/78 77/111/76 70/104/69
f 60/94/59 80/114/79 78/112/77 71/105/70
f 57/91/56 81/115/80 47/81/46
f 48/82/47 79/113/78 58/92/57
f 59/93/58 82/116/81 80/114/79 60/94/59
f 61/95/60 83/117/82 81/115/80 57/91/56
f 62/96/61 84/118/83 82/116/81 59/93/58
f 63/97/62 85/119/84 83/117/82 61/95/60
f 64/98/63 86/120/85 84/118/83 62/96/61
f 65/99/64 73/107/72 85/119/84 63/97/62
f 66/100/65 75/109/74 86/120/85 64/98/63
f 82/116/81 87/121/86 88/122/87 80/114/79
f 83/117/82 89/123/88 90/124/89 81/115/80
f 84/118/83 91/125/90 87/121/86 82/116/81
f 85/119/84 92/126/91 89/123/88 83/117/82
f 86/120/85 93/127/92 91/125/90 84/118/83
f 73/107/72 94/128/93 92/126/91 85/119/84
f 75/109/74 95/129/94 93/127/92 86/120/85
f 72/106/71 96/130/95 94/128/93 73/107/72
f 74/108/73 97/131/96 95/129/94 75/109/74
f 76/110/75 98/132/97 96/130/95 72/106/71
f 77/111/76 99/133/98 97/131/96 74/108/73
f 78/112/77 100/134/99 98/132/97 76/110/75
f 79/113/78 101/135/100 99/133/98 77/111/76
f 80/114/79 88/122/87 100/134/99 78/112/77
f 81/115/80 90/124/89 47/81/46
f 48/82/47 101/135/100 79/113/78
f 97/131/96 102/136/101 103/137/102 95/129/94
f 98/132/97 104/138/103 105/139/104 96/130/95
f 99/133/98 106/140/105 102/136/101 97/131/96
f 100/134/99 107/141/106 104/138/103 98/132/97
f 101/135/100 108/142/107 106/140/105 99/133/98
f 88/122/87 109/143/108 107/141/106 100/134/99
f 90/124/89 110/144/109 47/81/46
f 48/82/47 108/142/107 101/135/100
f 87/121/86 111/145/110 109/143/108 88/122/87
f 89/123/88 112/146/111 110/144/109 90/124/89
f 91/125/90 113/147/112 111/145/110 87/121/86
f 92/126/91 114/148/113 112/146/111 89/123/88
f 93/127/92 115/149/114 113/147/112 91/125/90
f 94/128/93 116/150/115 114/148/113 92/126/91
f 95/129/94 103/137/102 115/149/114 93/127/92
f 96/130/95 105/139/104 116/150/115 94/128/93
f 112/146/111 117/151/116 118/152/117 110/144/109
f 113/147/112 119/153/118 120/154/119 111/145/110
f 114/148/113 121/155/120 117/151/116 112/146/111
f 115/149/114 122/156/121 119/153/118 113/147/112
f 116/150/115 123/157/122 121/155/120 114/148/113
f 103/137/102 124/158/123 122/156/121 115/149/114
f 105/139/104 125/159/124 123/157/122 116/150/115
f 102/136/101 126/160/125 124/158/123 103/137/102
f 104/138/103 127/161/126 125/159/124 105/139/104
f 106/140/105 128/162/127 126/160/125 102/136/101
f 107/141/106 129/163/128 127/161/126 104/138/103
f 108/142/107 130/164/129 128/162/127 106/140/105
f 109/143/108 131/165/130 129/163/128 107/141/106
f 110/144/109 118/152/117 47/81/46
f 48/82/47 130/164/129 108/142/107
f 111/145/110 120/154/119 131/165/130 109/143/108
f 127/161/126 132/166/131 133/167/132 125/159/124
f 128/162/127 134/168/133 135/169/134 126/160/125
f 129/163/128 136/170/135 132/166/131 127/161/126
f 130/164/129 137/171/136 134/168/133 128/162/127
f 131/165/130 138/172/137 136/170/135 129/163/128
f 118/152/117 139/173/138 47/81/46
f 48/82/47 137/171/136 130/164/129
f 120/154/119 140/174/139 138/172/137 131/165/130
f 117/151/116 141/175/140 139/173/138 118/152/117
f 119/153/118 142/176/141 140/174/139 120/154/119
f 121/155/120 143/177/142 141/175/140 117/151/116
f 122/156/121 144/178/143 142/176/141 119/153/118
f 123/157/122 145/179/144 143/177/142 121/155/120
f 124/158/123 146/180/145 144/178/143 122/156/121
f 125/159/124 133/167/132 145/179/144 123/157/122
f 126/160/125 135/169/134 146/180/145 124/158/123
f 142/176/141 147/181/146 148/182/147 140/174/139
f 143/177/142 149/183/148 150/184/149 141/175/140
f 144/178/143 151/185/150 147/181/146 142/176/141
f 145/179/144 152/186/151 149/183/148 143/177/142
f 146/180/145 153/187/152 151/185/150 144/178/143
f 133/167/132 154/188/153 152/186/151 145/179/144
f 135/169/134 155/189/154 153/187/152 146/180/145
f 132/166/131 156/190/155 154/188/153 133/167/132
f 134/168/133 157/191/156 155/189/154 135/169/134
f 136/170/135 158/192/157 156/190/155 132/166/131
f 137/171/136 159/193/158 157/191/156 134/168/133
f 138/172/137 160/194/159 158/192/157 136/170/135
f 139/173/138 161/195/160 47/81/46
f 48/82/47 159/193/158 137/171/136
f 140/174/139 148/182/147 160/194/159 138/172/137
f 141/175/140 150/184/149 161/195/160 139/173/138
f 157/191/156 162/196/161 163/197/162 155/189/154
f 158/192/157 164/198/163 165/199/164 156/190/155
f 159/193/158 166/200/165 162/196/161 157/191/156
f 160/194/159 167/201/166 164/198/163 158/192/157
f 161/195/160 168/202/167 47/81/46
f 48/82/47 166/200/165 159/193/158
f 148/182/147 169/203/168 167/201/166 160/194/159
f 150/184/149 170/204/169 168/202/167 161/195/160
f 147/181/146 171/205/170 169/203/168 148/182/147
f 149/183/148 172/206/171 170/204/169 150/184/149
f 151/185/150 173/207/172 171/205/170 147/181/146
f 152/186/151 174/208/173 172/206/171 149/183/148
f 153/187/152 175/209/174 173/207/172 151/185/150
f 154/188/153 176/210/175 174/208/173 152/186/151
f 155/189/154 163/197/162 175/209/174 153/187/152
f 156/190/155 165/199/164 176/210/175 154/188/153
f 173/207/172 177/211/176 178/212/177 171/205/170
f 174/208/173 179/213/178 180/214/179 172/206/171
f 175/209/174 181/215/180 177/211/176 173/207/172
f 176/210/175 182/216/181 179/213/178 174/208/173
f 163/197/162 183/217/182 181/215/180 175/209/174
f 165/199/164 184/218/183 182/216/181 176/210/175
f 162/196/161 185/219/184 183/217/182 163/197/162
f 164/198/163 186/220/185 184/218/183 165/199/164
f 166/200/165 187/221/186 185/219/184 162/196/161
f 167/201/166 188/222/187 186/220/185 164/198/163
f 168/202/167 189/223/188 47/81/46
f 48/82/47 187/221/186 166/200/165
f 169/203/168 190/224/189 188/222/187 167/201/166
f 170/204/169 191/225/190 189/223/188 168/202/167
f 171/205/170 178/212/177 190/224/189 169/203/168
f 172/206/171 180/214/179 191/225/190 170/204/169
f 187/221/186 192/226/191 193/227/192 185/219/184
f 188/222/187 194/228/193 195/229/194 186/220/185
f 189/223/188 196/230/195 47/81/46
f 48/82/47 192/226/191 187/221/186
f 190/224/189 197/231/196 194/228/193 188/222/187
f 191/225/190 198/232/197 196/230/195 189/223/188
f 178/212/177 199/233/198 197/231/196 190/224/189
f 180/214/179 200/234/199 198/232/197 191/225/190
f 177/211/176 201/235/200 199/233/198 178/212/177
f 179/213/178 202/236/201 200/234/199 180/214/179
f 181/215/180 203/237/202 201/235/200 177/211/176
f 182/216/181 204/238/203 202/236/201 179/213/178
f 183/217/182 205/239/204 203/237/202 181/215/180
f 184/218/183 206/240/205 204/238/203 182/216/181
f 185/219/184 193/227/192 205/239/204 183/217/182
f 186/220/185 195/229/194 206/240/205 184/218/183
f 202/236/201 207/241/206 208/242/207 200/234/199
f 203/237/202 209/243/208 210/244/209 201/235/200
f 204/238/203 211/245/210 207/241/206 202/236/201
f 205/239/204 212/246/211 209/243/208 203/237/202
f 206/240/205 213/247/212 211/245/210 204/238/203
f 193/227/192 214/248/213 212/246/211 205/239/204
f 195/229/194 215/249/214 213/247/212 206/240/205
f 192/226/191 216/250/215 214/248/213 193/227/192
f 194/228/193 217/251/216 215/249/214 195/229/194
f 196/230/195 218/252/217 47/81/46
f 48/82/47 216/250/215 192/226/191
f 197/231/196 219/253/218 217/251/216 194/228/193
f 198/232/197 220/254/219 218/252/217 196/230/195
f 199/233/198 221/255/220 219/253/218 197/231/196
f 200/234/199 208/242/207 220/254/219 198/232/197
f 201/235/200 210/244/209 221/255/220 199/233/198
f 217/251/216 222/256/221 223/257/222 215/249/214
f 218/252/217 224/258/223 47/81/46
f 48/82/47 225/259/224 216/250/215
f 219/253/218 226/260/225 222/256/221 217/251/216
f 220/254/219 227/261/226 224/258/223 218/252/217
f 221/255/220 228/262/227 226/260/225 219/253/218
f 208/242/207 229/263/228 227/261/226 220/254/219
f 210/244/209 230/264/229 228/262/227 221/255/220
f 207/241/206 231/265/230 229/263/228 208/242/207
f 209/243/208 232/266/231 230/264/229 210/244/209
f 211/245/210 233/267/232 231/265/230 207/241/206
f 212/246/211 234/268/233 232/266/231 209/243/208
f 213/247/212 235/269/234 233/267/232 211/245/210
f 214/248/213 236/270/235 234/268/233 212/246/211
f 215/249/214 223/257/222 235/269/234 213/247/212
f 216/250/215 225/259/224 236/270/235 214/248/213
f 232/266/231 237/271/236 238/272/237 230/264/229
f 233/267/232 239/273/238 240/274/239 231/265/230
f 234/268/233 241/275/240 237/271/236 232/266/231
f 235/269/234 242/276/241 239/273/238 233/267/232
f 236/270/235 243/277/242 241/275/240 234/268/233
f 223/257/222 244/278/243 242/276/241 235/269/234
f 225/259/224 245/279/244 243/277/242 236/270/235
f 222/256/221 246/280/245 244/278/243 223/257/222
f 224/258/223 247/281/246 47/81/46
f 48/82/47 245/279/244 225/259/224
f 226/260/225 248/282/247 246/280/245 222/256/221
f 227/261/226 249/283/248 247/281/246 224/258/223
f 228/262/227 250/284/249 248/282/247 226/260/225
f 229/263/228 251/285/250 249/283/248 227/261/226
f 230/264/229 238/272/237 250/284/249 228/262/227
f 231/265/230 240/274/239 251/285/250 229/263/228
f 247/281/246 252/286/251 47/81/46
f 48/82/47 253/287/252 245/279/244
f 248/282/247 254/288/253 255/289/254 246/280/245
f 249/283/248 256/290/255 252/286/251 247/281/246
f 250/284/249 257/291/256 254/288/253 248/282/247
f 251/285/250 258/292/257 256/290/255 249/283/248
f 238/272/237 259/293/258 257/291/256 250/284/249
f 240/274/239 260/294/259 258/292/257 251/285/250
f 237/271/236 261/295/260 259/293/258 238/272/237
f 239/273/238 262/296/261 260/294/259 240/274/239
f 241/275/240 263/297/262 261/295/260 237/271/236
f 242/276/241 264/298/263 262/296/261 239/273/238
f 243/277/242 265/299/264 263/297/262 241/275/240
f 244/278/243 266/300/265 264/298/263 242/276/241
f 245/279/244 253/287/252 265/299/264 243/277/242
f 246/280/245 255/289/254 266/300/265 244/278/243
f 262/296/261 267/301/266 268/302/267 260/294/259
f 263/297/262 269/303/268 270/304/269 261/295/260
f 264/298/263 271/305/270 267/301/266 262/296/261
f 265/299/264 272/306/271 269/303/268 263/297/262
f 266/300/265 273/307/272 271/305/270 264/298/263
f 253/287/252 274/308/273 272/306/271 265/299/264
f 255/289/254 275/309/274 273/307/272 266/300/265
f 252/286/251 276/310/275 47/81/46
f 48/82/47 274/308/273 253/287/252
f 254/288/253 277/311/276 275/309/274 255/289/254
f 256/290/255 278/312/277 276/310/275 252/286/251
f 257/291/256 279/313/278 277/311/276 254/288/253
f 258/292/257 280/314/279 278/312/277 256/290/255
f 259/293/258 281/315/280 279/313/278 257/291/256
f 260/294/259 268/302/267 280/314/279 258/292/257
f 261/295/260 270/304/269 281/315/280 259/293/258
f 51/85/50 45/79/44 47/81/46 276/310/275 278/312/277 280/314/279 268/302/267 267/301/266 271/305/270 273/307/272 275/309/274 277/311/276 279/313/278 281/315/280 270/304/269 269/303/268 272/306/271 274/308/273 48/82/47 41/75/40 37/71/36 33/67/32 25/59/24 28/62/27 53/87/52 49/83/48 43/77/42 39/73/38 35/69/34 29/63/28 32/66/31 55/89/54
f 282/316/281 283/317/282 284/318/283 285/319/284
f 286/320/285 287/321/286 288/322/287 289/323/288
f 290/324/289 282/316/281 285/319/284 291/325/290
f 292/326/291 286/320/285 289/323/288 293/327/292
f 294/328/293 290/324/289 291/325/290 295/329/294
f 296/330/295 292/326/291 293/327/292 297/331/296
f 298/332/297 294/328/293 295/329/294 299/333/298
f 300/334/299 296/330/295 297/331/296 301/335/300
f 302/336/301 303/337/302 304/338/303
f 305/339/304 298/332/297 299/333/298
f 306/340/305 300/334/299 301/335/300 307/341/306
f 308/342/307 302/336/301 304/338/303 309/343/308
f 310/344/309 306/340/305 307/341/306 311/345/310
f 312/346/311 308/342/307 309/343/308 313/347/312
f 283/317/282 310/344/309 311/345/310 284/318/283
f 287/321/286 312/346/311 313/347/312 288/322/287
f 304/338/303 303/337/302 314/348/313
f 305/339/304 299/333/298 315/349/314
f 307/341/306 301/335/300 316/350/315 317/351/316
f 309/343/308 304/338/303 314/348/313 318/352/317
f 311/345/310 307/341/306 317/351/316 319/353/318
f 313/347/312 309/343/308 318/352/317 320/354/319
f 284/318/283 311/345/310 319/353/318 321/355/320
f 288/322/287 313/347/312 320/354/319 322/356/321
f 285/319/284 284/318/283 321/355/320 323/357/322
f 289/323/288 288/322/287 322/356/321 324/358/323
f 291/325/290 285/319/284 323/357/322 325/359/324
f 293/327/292 289/323/288 324/358/323 326/360/325
f 295/329/294 291/325/290 325/359/324 327/361/326
f 297/331/296 293/327/292 326/360/325 328/362/327
f 299/333/298 295/329/294 327/361/326 315/349/314
f 301/335/300 297/331/296 328/362/327 316/350/315
f 324/358/323 322/356/321 329/363/328 330/364/329
f 325/359/324 323/357/322 331/365/330 332/366/331
f 326/360/325 324/358/323 330/364/329 333/367/332
f 327/361/326 325/359/324 332/366/331 334/368/333
f 328/362/327 326/360/325 333/367/332 335/369/334
f 315/349/314 327/361/326 334/368/333 336/370/335
f 316/350/315 328/362/327 335/369/334 337/371/336
f 314/348/313 303/337/302 338/372/337
f 305/339/304 315/349/314 336/370/335
f 317/351/316 316/350/315 337/371/336 339/373/338
f 318/352/317 314/348/313 338/372/337 340/374/339
f 319/353/318 317/351/316 339/373/338 341/375/340
f 320/354/319 318/352/317 340/374/339 342/376/341
f 321/355/320 319/353/318 341/375/340 343/377/342
f 322/356/321 320/354/319 342/376/341 329/363/328
f 323/357/322 321/355/320 343/377/342 331/365/330
f 339/373/338 337/371/336 344/378/343 345/379/344
f 340/374/339 338/372/337 346/380/345 347/381/346
f 341/375/340 339/373/338 345/379/344 348/382/347
f 342/376/341 340/374/339 347/381/346 349/383/348
f 343/377/342 341/375/340 348/382/347 350/384/349
f 329/363/328 342/376/341 349/383/348 351/385/350
f 331/365/330 343/377/342 350/384/349 352/386/351
f 330/364/329 329/363/328 351/385/350 353/387/352
f 332/366/331 331/365/330 352/386/351 354/388/353
f 333/367/332 330/364/329 353/387/352 355/389/354
f 334/368/333 332/366/331 354/388/353 356/390/355
f 335/369/334 333/367/332 355/389/354 357/391/356
f 336/370/335 334/368/333 356/390/355 358/392/357
f 337/371/336 335/369/334 357/391/356 344/378/343
f 338/372/337 303/337/302 346/380/345
f 305/339/304 336/370/335 358/392/357
f 354/388/353 352/386/351 359/393/358 360/394/359
f 355/389/354 353/387/352 361/395/360 362/396/361
f 356/390/355 354/388/353 360/394/359 363/397/362
f 357/391/356 355/389/354 362/396/361 364/398/363
f 358/392/357 356/390/355 363/397/362 365/399/364
f 344/378/343 357/391/356 364/398/363 366/400/365
f 346/380/345 303/337/302 367/401/366
f 305/339/304 358/392/357 365/399/364
f 345/379/344 344/378/343 366/400/365 368/402/367
f 347/381/346 346/380/345 367/401/366 369/403/368
f 348/382/347 345/379/344 368/402/367 370/404/369
f 349/383/348 347/381/346 369/403/368 371/405/370
f 350/384/349 348/382/347 370/404/369 372/406/371
f 351/385/350 349/383/348 371/405/370 373/407/372
f 352/386/351 350/384/349 372/406/371 359/393/358
f 353/387/352 351/385/350 373/407/372 361/395/360
f 369/403/368 367/401/366 374/408/373 375/409/374
f 370/404/369 368/402/367 376/410/375 377/411/376
f 371/405/370 369/403/368 375/409/374 378/412/377
f 372/406/371 370/404/369 377/411/376 379/413/378
f 373/407/372 371/405/370 378/412/377 380/414/379
f 359/393/358 372/406/371 379/413/378 381/415/380
f 361/395/360 373/407/372 380/414/379 382/416/381
f 360/394/359 359/393/358 381/415/380 383/417/382
f 362/396/361 361/395/360 382/416/381 384/418/383
f 363/397/362 360/394/359 383/417/382 385/419/384
f 364/398/363 362/396/361 384/418/383 386/420/385
f 365/399/364 363/397/362 385/419/384 387/421/386
f 366/400/365 364/398/363 386/420/385 388/422/387
f 367/401/366 303/337/302 374/408/373
f 305/339/304 365/399/364 387/421/386
f 368/402/367 366/400/365 388/422/387 376/410/375
f 384/418/383 382/416/381 389/423/388 390/424/389
f 385/419/384 383/417/382 391/425/390 392/426/391
f 386/420/385 384/418/383 390/424/389 393/427/392
f 387/421/386 385/419/384 392/426/391 394/428/393
f 388/422/387 386/420/385 393/427/392 395/429/394
f 374/408/373 303/337/302 396/430/395
f 305/339/304 387/421/386 394/428/393
f 376/410/375 388/422/387 395/429/394 397/431/396
f 375/409/374 374/408/373 396/430/395 398/432/397
f 377/411/376 376/410/375 397/431/396 399/433/398
f 378/412/377 375/409/374 398/432/397 400/434/399
f 379/413/378 377/411/376 399/433/398 401/435/400
f 380/414/379 378/412/377 400/434/399 402/436/401
f 381/415/380 379/413/378 401/435/400 403/437/402
f 382/416/381 380/414/379 402/436/401 389/423/388
f 383/417/382 381/415/380 403/437/402 391/425/390
f 399/433/398 397/431/396 404/438/403 405/439/404
f 400/434/399 398/432/397 406/440/405 407/441/406
f 401/435/400 399/433/398 405/439/404 408/442/407
f 402/436/401 400/434/399 407/441/406 409/443/408
f 403/437/402 401/435/400 408/442/407 410/444/409
f 389/423/388 402/436/401 409/443/408 411/445/410
f 391/425/390 403/437/402 410/444/409 412/446/411
f 390/424/389 389/423/388 411/445/410 413/447/412
f 392/426/391 391/425/390 412/446/411 414/448/413
f 393/427/392 390/424/389 413/447/412 415/449/414
f 394/428/393 392/426/391 414/448/413 416/450/415
f 395/429/394 393/427/392 415/449/414 417/451/1
f 396/430/395 303/337/302 418/452/416
f 305/339/304 394/428/393 416/450/415
f 397/431/396 395/429/394 417/451/1 404/438/403
f 398/432/397 396/430/395 418/452/416 406/440/405
f 414/448/413 412/446/411 419/453/417 420/454/418
f 415/449/414 413/447/412 421/455/419 422/456/420
f 416/450/415 414/448/413 420/454/418 423/457/421
f 417/451/1 415/449/414 422/456/420 424/458/422
f 418/452/416 303/337/302 425/459/423
f 305/339/304 416/450/415 423/457/421
f 404/438/403 417/451/1 424/458/422 426/460/424
f 406/440/405 418/452/416 425/459/423 427/461/425
f 405/439/404 404/438/403 426/460/424 428/462/426
f 407/441/406 406/440/405 427/461/425 429/463/427
f 408/442/407 405/439/404 428/462/426 430/464/428
f 409/443/408 407/441/406 429/463/427 431/465/429
f 410/444/409 408/442/407 430/464/428 432/466/430
f 411/445/410 409/443/408 431/465/429 433/467/431
f 412/446/411 410/444/409 432/466/430 419/453/417
f 413/447/412 411/445/410 433/467/431 421/455/419
f 430/464/428 428/462/426 434/468/432 435/469/433
f 431/465/429 429/463/427 436/470/434 437/471/435
f 432/466/430 430/464/428 435/469/433 438/472/436
f 433/467/431 431/465/429 437/471/435 439/473/437
f 419/453/417 432/466/430 438/472/436 440/474/438
f 421/455/419 433/467/431 439/473/437 441/475/439
f 420/454/418 419/453/417 440/474/438 442/476/440
f 422/456/420 421/455/419 441/475/439 443/477/441
f 423/457/421 420/454/418 442/476/440 444/478/442
f 424/458/422 422/456/420 443/477/441 445/479/443
f 425/459/423 303/337/302 446/480/444
f 305/339/304 423/457/421 444/478/442
f 426/460/424 424/458/422 445/479/443 447/481/445
f 427/461/425 425/459/423 446/480/444 448/482/446
f 428/462/426 426/460/424 447/481/445 434/468/432
f 429/463/427 427/461/425 448/482/446 436/470/434
f 444/478/442 442/476/440 449/483/447 450/484/448
f 445/479/443 443/477/441 451/485/449 452/486/450
f 446/480/444 303/337/302 453/487/451
f 305/339/304 444/478/442 450/484/448
f 447/481/445 445/479/443 452/486/450 454/488/452
f 448/482/446 446/480/444 453/487/451 455/489/453
f 434/468/432 447/481/445 454/488/452 456/490/454
f 436/470/434 448/482/446 455/489/453 457/491/455
f 435/469/433 434/468/432 456/490/454 458/492/456
f 437/471/435 436/470/434 457/491/455 459/493/457
f 438/472/436 435/469/433 458/492/456 460/494/458
f 439/473/437 437/471/435 459/493/457 461/495/459
f 440/474/438 438/472/436 460/494/458 462/496/460
f 441/475/439 439/473/437 461/495/459 463/497/461
f 442/476/440 440/474/438 462/496/460 449/483/447
f 443/477/441 441/475/439 463/497/461 451/485/449
f 459/493/457 457/491/455 464/498/462 465/499/463
f 460/494/458 458/492/456 466/500/464 467/501/465
f 461/495/459 459/493/457 465/499/463 468/502/466
f 462/496/460 460/494/458 467/501/465 469/503/467
f 463/497/461 461/495/459 468/502/466 470/504/468
f 449/483/447 462/496/460 469/503/467 471/505/469
f 451/485/449 463/497/461 470/504/468 472/506/470
f 450/484/448 449/483/447 471/505/469 473/507/471
f 452/486/450 451/485/449 472/506/470 474/508/472
f 453/487/451 303/337/302 475/509/473
f 305/339/304 450/484/448 473/507/471
f 454/488/452 452/486/450 474/508/472 476/510/474
f 455/489/453 453/487/451 475/509/473 477/511/475
f 456/490/454 454/488/452 476/510/474 478/512/476
f 457/491/455 455/489/453 477/511/475 464/498/462
f 458/492/456 456/490/454 478/512/476 466/500/464
f 474/508/472 472/506/470 479/513/477 480/514/478
f 475/509/473 303/337/302 481/515/479
f 305/339/304 473/507/471 482/516/480
f 476/510/474 474/508/472 480/514/478 483/517/481
f 477/511/475 475/509/473 481/515/479 484/518/482
f 478/512/476 476/510/474 483/517/481 485/519/483
f 464/498/462 477/511/475 484/518/482 486/520/484
f 466/500/464 478/512/476 485/519/483 487/521/485
f 465/499/463 464/498/462 486/520/484 488/522/486
f 467/501/465 466/500/464 487/521/485 489/523/487
f 468/502/466 465/499/463 488/522/486 490/524/488
f 469/503/467 467/501/465 489/523/487 491/525/489
f 470/504/468 468/502/466 490/524/488 492/526/490
f 471/505/469 469/503/467 491/525/489 493/527/491
f 472/506/470 470/504/468 492/526/490 479/513/477
f 473/507/471 471/505/469 493/527/491 482/516/480
f 489/523/487 487/521/485 494/528/492 495/529/493
f 490/524/488 488/522/486 496/530/494 497/531/495
f 491/525/489 489/523/487 495/529/493 498/532/496
f 492/526/490 490/524/488 497/531/495 499/533/497
f 493/527/491 491/525/489 498/532/496 500/534/498
f 479/513/477 492/526/490 499/533/497 501/535/499
f 482/516/480 493/527/491 500/534/498 502/536/500
f 480/514/478 479/513/477 501/535/499 503/537/501
f 481/515/479 303/337/302 504/538/502
f 305/339/304 482/516/480 502/536/500
f 483/517/481 480/514/478 503/537/501 505/539/503
f 484/518/482 481/515/479 504/538/502 506/540/504
f 485/519/483 483/517/481 505/539/503 507/541/505
f 486/520/484 484/518/482 506/540/504 508/542/506
f 487/521/485 485/519/483 507/541/505 494/528/492
f 488/522/486 486/520/484 508/542/506 496/530/494
f 504/538/502 303/337/302 509/543/507
f 305/339/304 502/536/500 510/544/508
f 505/539/503 503/537/501 511/545/509 512/546/510
f 506/540/504 504/538/502 509/543/507 513/547/511
f 507/541/505 505/539/503 512/546/510 514/548/512
f 508/542/506 506/540/504 513/547/511 515/549/513
f 494/528/492 507/541/505 514/548/512 516/550/514
f 496/530/494 508/542/506 515/549/513 517/551/515
f 495/529/493 494/528/492 516/550/514 518/552/516
f 497/531/495 496/530/494 517/551/515 519/553/517
f 498/532/496 495/529/493 518/552/516 520/554/518
f 499/533/497 497/531/495 519/553/517 521/555/519
f 500/534/498 498/532/496 520/554/518 522/556/520
f 501/535/499 499/533/497 521/555/519 523/557/521
f 502/536/500 500/534/498 522/556/520 510/544/508
f 503/537/501 501/535/499 523/557/521 511/545/509
f 519/553/517 517/551/515 524/558/522 525/559/523
f 520/554/518 518/552/516 526/560/524 527/561/525
f 521/555/519 519/553/517 525/559/523 528/562/526
f 522/556/520 520/554/518 527/561/525 529/563/527
f 523/557/521 521/555/519 528/562/526 530/564/528
f 510/544/508 522/556/520 529/563/527 531/565/529
f 511/545/509 523/557/521 530/564/528 532/566/530
f 509/543/507 303/337/302 533/567/531
f 305/339/304 510/544/508 531/565/529
f 512/546/510 511/545/509 532/566/530 534/568/532
f 513/547/511 509/543/507 533/567/531 535/569/533
f 514/548/512 512/546/510 534/568/532 536/570/534
f 515/549/513 513/547/511 535/569/533 537/571/535
f 516/550/514 514/548/512 536/570/534 538/572/536
f 517/551/515 515/549/513 537/571/535 524/558/522
f 518/552/516 516/550/514 538/572/536 526/560/524
f 308/342/307 312/346/311 287/321/286 286/320/285 292/326/291 296/330/295 300/334/299 306/340/305 310/344/309 283/317/282 282/316/281 290/324/289 294/328/293 298/332/297 305/339/304 531/565/529 529/563/527 527/561/525 526/560/524 538/572/536 536/570/534 534/568/532 532/566/530 530/564/528 528/562/526 525/559/523 524/558/522 537/571/535 535/569/533 533/567/531 303/337/302 302/336/301
f 539/573/537 540/574/282 541/575/283 542/576/538
f 543/577/285 544/578/539 545/579/540 546/580/288
f 547/581/289 539/573/537 542/576/538 548/582/290
f 549/583/291 543/577/285 546/580/288 550/584/292
f 551/585/541 547/581/289 548/582/290 552/586/294
f 553/587/295 549/583/291 550/584/292 554/588/296
f 555/589/297 551/585/541 552/586/294 556/590/298
f 557/591/299 553/587/295 554/588/296 558/592/300
f 559/593/301 560/594/302 561/595/303
f 562/596/304 555/589/297 556/590/298
f 563/597/305 557/591/299 558/592/300 564/598/306
f 565/599/542 559/593/301 561/595/303 566/600/308
f 567/601/309 563/597/305 564/598/306 568/602/310
f 569/603/311 565/599/542 566/600/308 570/604/312
f 540/574/282 567/601/309 568/602/310 541/575/283
f 544/578/539 569/603/311 570/604/312 545/579/540
f 561/595/303 560/594/302 571/605/313
f 562/596/304 556/590/298 572/606/543
f 564/598/306 558/592/300 573/607/315 574/608/316
f 566/600/308 561/595/303 571/605/313 575/609/317
f 568/602/310 564/598/306 574/608/316 576/610/318
f 570/604/312 566/600/308 575/609/317 577/611/319
f 541/575/283 568/602/310 576/610/318 578/612/320
f 545/579/540 570/604/312 577/611/319 579/613/544
f 542/576/538 541/575/283 578/612/320 580/614/322
f 546/580/288 545/579/540 579/613/544 581/615/323
f 548/582/290 542/576/538 580/614/322 582/616/324
f 550/584/292 546/580/288 581/615/323 583/617/325
f 552/586/294 548/582/290 582/616/324 584/618/326
f 554/588/296 550/584/292 583/617/325 585/619/327
f 556/590/298 552/586/294 584/618/326 572/606/543
f 558/592/300 554/588/296 585/619/327 573/607/315
f 581/615/323 579/613/544 586/620/328 587/621/329
f 582/616/324 580/614/322 588/622/330 589/623/331
f 583/617/325 581/615/323 587/621/329 590/624/545
f 584/618/326 582/616/324 589/623/331 591/625/333
f 585/619/327 583/617/325 590/624/545 592/626/546
f 572/606/543 584/618/326 591/625/333 593/627/547
f 573/607/315 585/619/327 592/626/546 594/628/336
f 571/605/313 560/594/302 595/629/548
f 562/596/304 572/606/543 593/627/547
f 574/608/316 573/607/315 594/628/336 596/630/549
f 575/609/317 571/605/313 595/629/548 597/631/339
f 576/610/318 574/608/316 596/630/549 598/632/550
f 577/611/319 575/609/317 597/631/339 599/633/551
f 578/612/320 576/610/318 598/632/550 600/634/342
f 579/613/544 577/611/319 599/633/551 586/620/328
f 580/614/322 578/612/320 600/634/342 588/622/330
f 596/630/549 594/628/336 601/635/552 602/636/344
f 597/631/339 595/629/548 603/637/345 604/638/346
f 598/632/550 596/630/549 602/636/344 605/639/553
f 599/633/551 597/631/339 604/638/346 606/640/554
f 600/634/342 598/632/550 605/639/553 607/641/349
f 586/620/328 599/633/551 606/640/554 608/642/350
f 588/622/330 600/634/342 607/641/349 609/643/351
f 587/621/329 586/620/328 608/642/350 610/644/352
f 589/623/331 588/622/330 609/643/351 611/645/555
f 590/624/545 587/621/329 610/644/352 612/646/556
f 591/625/333 589/623/331 611/645/555 613/647/355
f 592/626/546 590/624/545 612/646/556 614/648/356
f 593/627/547 591/625/333 613/647/355 615/649/557
f 594/628/336 592/626/546 614/648/356 601/635/552
f 595/629/548 560/594/302 603/637/345
f 562/596/304 593/627/547 615/649/557
f 611/645/555 609/643/351 616/650/558 617/651/359
f 612/646/556 610/644/352 618/652/360 619/653/361
f 613/647/355 611/645/555 617/651/359 620/654/362
f 614/648/356 612/646/556 619/653/361 621/655/363
f 615/649/557 613/647/355 620/654/362 622/656/559
f 601/635/552 614/648/356 621/655/363 623/657/365
f 603/637/345 560/594/302 624/658/560
f 562/596/304 615/649/557 622/656/559
f 602/636/344 601/635/552 623/657/365 625/659/367
f 604/638/346 603/637/345 624/658/560 626/660/368
f 605/639/553 602/636/344 625/659/367 627/661/369
f 606/640/554 604/638/346 626/660/368 628/662/370
f 607/641/349 605/639/553 627/661/369 629/663/371
f 608/642/350 606/640/554 628/662/370 630/664/561
f 609/643/351 607/641/349 629/663/371 616/650/558
f 610/644/352 608/642/350 630/664/561 618/652/360
f 626/660/368 624/658/560 631/665/373 632/666/374
f 627/661/369 625/659/367 633/667/375 634/668/376
f 628/662/370 626/660/368 632/666/374 635/669/562
f 629/663/371 627/661/369 634/668/376 636/670/378
f 630/664/561 628/662/370 635/669/562 637/671/563
f 616/650/558 629/663/371 636/670/378 638/672/380
f 618/652/360 630/664/561 637/671/563 639/673/381
f 617/651/359 616/650/558 638/672/380 640/674/382
f 619/653/361 618/652/360 639/673/381 641/675/383
f 620/654/362 617/651/359 640/674/382 642/676/384
f 621/655/363 619/653/361 641/675/383 643/677/385
f 622/656/559 620/654/362 642/676/384 644/678/386
f 623/657/365 621/655/363 643/677/385 645/679/387
f 624/658/560 560/594/302 631/665/373
f 562/596/304 622/656/559 644/678/386
f 625/659/367 623/657/365 645/679/387 633/667/375
f 641/675/383 639/673/381 646/680/388 647/681/564
f 642/676/384 640/674/382 648/682/390 649/683/391
f 643/677/385 641/675/383 647/681/564 650/684/565
f 644/678/386 642/676/384 649/683/391 651/685/566
f 645/679/387 643/677/385 650/684/565 652/686/567
f 631/665/373 560/594/302 653/687/395
f 562/596/304 644/678/386 651/685/566
f 633/667/375 645/679/387 652/686/567 654/688/568
f 632/666/374 631/665/373 653/687/395 655/689/397
f 634/668/376 633/667/375 654/688/568 656/690/569
f 635/669/562 632/666/374 655/689/397 657/691/399
f 636/670/378 634/668/376 656/690/569 658/692/400
f 637/671/563 635/669/562 657/691/399 659/693/570
f 638/672/380 636/670/378 658/692/400 660/694/571
f 639/673/381 637/671/563 659/693/570 646/680/388
f 640/674/382 638/672/380 660/694/571 648/682/390
f 656/690/569 654/688/568 661/695/403 662/696/404
f 657/691/399 655/689/397 663/697/405 664/698/406
f 658/692/400 656/690/569 662/696/404 665/699/407
f 659/693/570 657/691/399 664/698/406 666/700/408
f 660/694/571 658/692/400 665/699/407 667/701/409
f 646/680/388 659/693/570 666/700/408 668/702/410
f 648/682/390 660/694/571 667/701/409 669/703/411
f 647/681/564 646/680/388 668/702/410 670/704/412
f 649/683/391 648/682/390 669/703/411 671/705/413
f 650/684/565 647/681/564 670/704/412 672/706/414
f 651/685/566 649/683/391 671/705/413 673/707/572
f 652/686/567 650/684/565 672/706/414 674/708/1
f 653/687/395 560/594/302 675/709/573
f 562/596/304 651/685/566 673/707/572
f 654/688/568 652/686/567 674/708/1 661/695/403
f 655/689/397 653/687/395 675/709/573 663/697/405
f 671/705/413 669/703/411 676/710/417 677/711/418
f 672/706/414 670/704/412 678/712/574 679/713/575
f 673/707/572 671/705/413 677/711/418 680/714/576
f 674/708/1 672/706/414 679/713/575 681/715/577
f 675/709/573 560/594/302 682/716/423
f 562/596/304 673/707/572 680/714/576
f 661/695/403 674/708/1 681/715/577 683/717/578
f 663/697/405 675/709/573 682/716/423 684/718/425
f 662/696/404 661/695/403 683/717/578 685/719/579
f 664/698/406 663/697/405 684/718/425 686/720/427
f 665/699/407 662/696/404 685/719/579 687/721/580
f 666/700/408 664/698/406 686/720/427 688/722/581
f 667/701/409 665/699/407 687/721/580 689/723/582
f 668/702/410 666/700/408 688/722/581 690/724/583
f 669/703/411 667/701/409 689/723/582 676/710/417
f 670/704/412 668/702/410 690/724/583 678/712/574
f 687/721/580 685/719/579 691/725/432 692/726/433
f 688/722/581 686/720/427 693/727/434 694/728/584
f 689/723/582 687/721/580 692/726/433 695/729/585
f 690/724/583 688/722/581 694/728/584 696/730/586
f 676/710/417 689/723/582 695/729/585 697/731/438
f 678/712/574 690/724/583 696/730/586 698/732/439
f 677/711/418 676/710/417 697/731/438 699/733/440
f 679/713/575 678/712/574 698/732/439 700/734/441
f 680/714/576 677/711/418 699/733/440 701/735/442
f 681/715/577 679/713/575 700/734/441 702/736/443
f 682/716/423 560/594/302 703/737/444
f 562/596/304 680/714/576 701/735/442
f 683/717/578 681/715/577 702/736/443 704/738/445
f 684/718/425 682/716/423 703/737/444 705/739/446
f 685/719/579 683/717/578 704/738/445 691/725/432
f 686/720/427 684/718/425 705/739/446 693/727/434
f 701/735/442 699/733/440 706/740/447 707/741/448
f 702/736/443 700/734/441 708/742/449 709/743/450
f 703/737/444 560/594/302 710/744/587
f 562/596/304 701/735/442 707/741/448
f 704/738/445 702/736/443 709/743/450 711/745/452
f 705/739/446 703/737/444 710/744/587 712/746/453
f 691/725/432 704/738/445 711/745/452 713/747/454
f 693/727/434 705/739/446 712/746/453 714/748/455
f 692/726/433 691/725/432 713/747/454 715/749/588
f 694/728/584 693/727/434 714/748/455 716/750/589
f 695/729/585 692/726/433 715/749/588 717/751/590
f 696/730/586 694/728/584 716/750/589 718/752/591
f 697/731/438 695/729/585 717/751/590 719/753/460
f 698/732/439 696/730/586 718/752/591 720/754/461
f 699/733/440 697/731/438 719/753/460 706/740/447
f 700/734/441 698/732/439 720/754/461 708/742/449
f 716/750/589 714/748/455 721/755/592 722/756/463
f 717/751/590 715/749/588 723/757/464 724/758/465
f 718/752/591 716/750/589 722/756/463 725/759/593
f 719/753/460 717/751/590 724/758/465 726/760/594
f 720/754/461 718/752/591 725/759/593 727/761/468
f 706/740/447 719/753/460 726/760/594 728/762/469
f 708/742/449 720/754/461 727/761/468 729/763/595
f 707/741/448 706/740/447 728/762/469 730/764/596
f 709/743/450 708/742/449 729/763/595 731/765/597
f 710/744/587 560/594/302 732/766/473
f 562/596/304 707/741/448 730/764/596
f 711/745/452 709/743/450 731/765/597 733/767/598
f 712/746/453 710/744/587 732/766/473 734/768/475
f 713/747/454 711/745/452 733/767/598 735/769/476
f 714/748/455 712/746/453 734/768/475 721/755/592
f 715/749/588 713/747/454 735/769/476 723/757/464
f 731/765/597 729/763/595 736/770/599 737/771/478
f 732/766/473 560/594/302 738/772/479
f 562/596/304 730/764/596 739/773/600
f 733/767/598 731/765/597 737/771/478 740/774/601
f 734/768/475 732/766/473 738/772/479 741/775/482
f 735/769/476 733/767/598 740/774/601 742/776/483
f 721/755/592 734/768/475 741/775/482 743/777/484
f 723/757/464 735/769/476 742/776/483 744/778/485
f 722/756/463 721/755/592 743/777/484 745/779/486
f 724/758/465 723/757/464 744/778/485 746/780/487
f 725/759/593 722/756/463 745/779/486 747/781/488
f 726/760/594 724/758/465 746/780/487 748/782/489
f 727/761/468 725/759/593 747/781/488 749/783/490
f 728/762/469 726/760/594 748/782/489 750/784/491
f 729/763/595 727/761/468 749/783/490 736/770/599
f 730/764/596 728/762/469 750/784/491 739/773/600
f 746/780/487 744/778/485 751/785/492 752/786/493
f 747/781/488 745/779/486 753/787/602 754/788/495
f 748/782/489 746/780/487 752/786/493 755/789/496
f 749/783/490 747/781/488 754/788/495 756/790/497
f 750/784/491 748/782/489 755/789/496 757/791/498
f 736/770/599 749/783/490 756/790/497 758/792/499
f 739/773/600 750/784/491 757/791/498 759/793/603
f 737/771/478 736/770/599 758/792/499 760/794/501
f 738/772/479 560/594/302 761/795/604
f 562/596/304 739/773/600 759/793/603
f 740/774/601 737/771/478 760/794/501 762/796/503
f 741/775/482 738/772/479 761/795/604 763/797/504
f 742/776/483 740/774/601 762/796/503 764/798/505
f 743/777/484 741/775/482 763/797/504 765/799/506
f 744/778/485 742/776/483 764/798/505 751/785/492
f 745/779/486 743/777/484 765/799/506 753/787/602
f 761/795/604 560/594/302 766/800/507
f 562/596/304 759/793/603 767/801/605
f 762/796/503 760/794/501 768/802/509 769/803/510
f 763/797/504 761/795/604 766/800/507 770/804/606
f 764/798/505 762/796/503 769/803/510 771/805/607
f 765/799/506 763/797/504 770/804/606 772/806/513
f 751/785/492 764/798/505 771/805/607 773/807/514
f 753/787/602 765/799/506 772/806/513 774/808/608
f 752/786/493 751/785/492 773/807/514 775/809/609
f 754/788/495 753/787/602 774/808/608 776/810/517
f 755/789/496 752/786/493 775/809/609 777/811/518
f 756/790/497 754/788/495 776/810/517 778/812/610
f 757/791/498 755/789/496 777/811/518 779/813/611
f 758/792/499 756/790/497 778/812/610 780/814/521
f 759/793/603 757/791/498 779/813/611 767/801/605
f 760/794/501 758/792/499 780/814/521 768/802/509
f 776/810/517 774/808/608 781/815/612 782/816/523
f 777/811/518 775/809/609 783/817/613 784/818/614
f 778/812/610 776/810/517 782/816/523 785/819/526
f 779/813/611 777/811/518 784/818/614 786/820/527
f 780/814/521 778/812/610 785/819/526 787/821/528
f 767/801/605 779/813/611 786/820/527 788/822/529
f 768/802/509 780/814/521 787/821/528 789/823/530
f 766/800/507 560/594/302 790/824/531
f 562/596/304 767/801/605 788/822/529
f 769/803/510 768/802/509 789/823/530 791/825/615
f 770/804/606 766/800/507 790/824/531 792/826/533
f 771/805/607 769/803/510 791/825/615 793/827/534
f 772/806/513 770/804/606 792/826/533 794/828/616
f 773/807/514 771/805/607 793/827/534 795/829/536
f 774/808/608 772/806/513 794/828/616 781/815/612
f 775/809/609 773/807/514 795/829/536 783/817/613
f 565/599/542 569/603/311 544/578/539 543/577/285 549/583/291 553/587/295 557/591/299 563/597/305 567/601/309 540/574/282 539/573/537 547/581/289 551/585/541 555/589/297 562/596/304 788/822/529 786/820/527 784/818/614 783/817/613 795/829/536 793/827/534 791/825/615 789/823/530 787/821/528 785/819/526 782/816/523 781/815/612 794/828/616 792/826/533 790/824/531 560/594/302 559/593/301
f 796/830/537 797/831/282 798/832/283 799/833/538
f 800/834/285 801/835/617 802/836/287 803/837/288
f 804/838/289 796/830/537 799/833/538 805/839/290
f 806/840/291 800/834/285 803/837/288 807/841/292
f 808/842/541 804/838/289 805/839/290 809/843/294
f 810/844/618 806/840/291 807/841/292 811/845/296
f 812/846/619 808/842/541 809/843/294 813/847/298
f 814/848/299 810/844/618 811/845/296 815/849/300
f 816/850/301 817/851/302 818/852/620
f 819/853/304 812/846/619 813/847/298
f 820/854/621 814/848/299 815/849/300 821/855/622
f 822/856/542 816/850/301 818/852/620 823/857/308
f 824/858/309 820/854/621 821/855/622 825/859/310
f 826/860/311 822/856/542 823/857/308 827/861/312
f 797/831/282 824/858/309 825/859/310 798/832/283
f 801/835/617 826/860/311 827/861/312 802/836/287
f 818/852/620 817/851/302 828/862/623
f 819/853/304 813/847/298 829/863/624
f 821/855/622 815/849/300 830/864/315 831/865/316
f 823/857/308 818/852/620 828/862/623 832/866/317
f 825/859/310 821/855/622 831/865/316 833/867/318
f 827/861/312 823/857/308 832/866/317 834/868/319
f 798/832/283 825/859/310 833/867/318 835/869/625
f 802/836/287 827/861/312 834/868/319 836/870/321
f 799/833/538 798/832/283 835/869/625 837/871/322
f 803/837/288 802/836/287 836/870/321 838/872/626
f 805/839/290 799/833/538 837/871/322 839/873/324
f 807/841/292 803/837/288 838/872/626 840/874/325
f 809/843/294 805/839/290 839/873/324 841/875/326
f 811/845/296 807/841/292 840/874/325 842/876/327
f 813/847/298 809/843/294 841/875/326 829/863/624
f 815/849/300 811/845/296 842/876/327 830/864/315
f 838/872/626 836/870/321 843/877/328 844/878/329
f 839/873/324 837/871/322 845/879/330 846/880/627
f 840/874/325 838/872/626 844/878/329 847/881/332
f 841/875/326 839/873/324 846/880/627 848/882/333
f 842/876/327 840/874/325 847/881/332 849/883/628
f 829/863/624 841/875/326 848/882/333 850/884/629
f 830/864/315 842/876/327 849/883/628 851/885/336
f 828/862/623 817/851/302 852/886/630
f 819/853/304 829/863/624 850/884/629
f 831/865/316 830/864/315 851/885/336 853/887/631
f 832/866/317 828/862/623 852/886/630 854/888/339
f 833/867/318 831/865/316 853/887/631 855/889/340
f 834/868/319 832/866/317 854/888/339 856/890/632
f 835/869/625 833/867/318 855/889/340 857/891/342
f 836/870/321 834/868/319 856/890/632 843/877/328
f 837/871/322 835/869/625 857/891/342 845/879/330
f 853/887/631 851/885/336 858/892/343 859/893/633
f 854/888/339 852/886/630 860/894/345 861/895/346
f 855/889/340 853/887/631 859/893/633 862/896/553
f 856/890/632 854/888/339 861/895/346 863/897/634
f 857/891/342 855/889/340 862/896/553 864/898/349
f 843/877/328 856/890/632 863/897/634 865/899/350
f 845/879/330 857/891/342 864/898/349 866/900/351
f 844/878/329 843/877/328 865/899/350 867/901/352
f 846/880/627 845/879/330 866/900/351 868/902/555
f 847/881/332 844/878/329 867/901/352 869/903/556
f 848/882/333 846/880/627 868/902/555 870/904/355
f 849/883/628 847/881/332 869/903/556 871/905/635
f 850/884/629 848/882/333 870/904/355 872/906/357
f 851/885/336 849/883/628 871/905/635 858/892/343
f 852/886/630 817/851/302 860/894/345
f 819/853/304 850/884/629 872/906/357
f 868/902/555 866/900/351 873/907/558 874/908/359
f 869/903/556 867/901/352 875/909/360 876/910/361
f 870/904/355 868/902/555 874/908/359 877/911/362
f 871/905/635 869/903/556 876/910/361 878/912/363
f 872/906/357 870/904/355 877/911/362 879/913/364
f 858/892/343 871/905/635 878/912/363 880/914/636
f 860/894/345 817/851/302 881/915/366
f 819/853/304 872/906/357 879/913/364
f 859/893/633 858/892/343 880/914/636 882/916/367
f 861/895/346 860/894/345 881/915/366 883/917/637
f 862/896/553 859/893/633 882/916/367 884/918/369
f 863/897/634 861/895/346 883/917/637 885/919/370
f 864/898/349 862/896/553 884/918/369 886/920/371
f 865/899/350 863/897/634 885/919/370 887/921/561
f 866/900/351 864/898/349 886/920/371 873/907/558
f 867/901/352 865/899/350 887/921/561 875/909/360
f 883/917/637 881/915/366 888/922/373 889/923/374
f 884/918/369 882/916/367 890/924/375 891/925/376
f 885/919/370 883/917/637 889/923/374 892/926/562
f 886/920/371 884/918/369 891/925/376 893/927/378
f 887/921/561 885/919/370 892/926/562 894/928/379
f 873/907/558 886/920/371 893/927/378 895/929/638
f 875/909/360 887/921/561 894/928/379 896/930/381
f 874/908/359 873/907/558 895/929/638 897/931/382
f 876/910/361 875/909/360 896/930/381 898/932/383
f 877/911/362 874/908/359 897/931/382 899/933/384
f 878/912/363 876/910/361 898/932/383 900/934/385
f 879/913/364 877/911/362 899/933/384 901/935/639
f 880/914/636 878/912/363 900/934/385 902/936/387
f 881/915/366 817/851/302 888/922/373
f 819/853/304 879/913/364 901/935/639
f 882/916/367 880/914/636 902/936/387 890/924/375
f 898/932/383 896/930/381 903/937/640 904/938/564
f 899/933/384 897/931/382 905/939/390 906/940/391
f 900/934/385 898/932/383 904/938/564 907/941/565
f 901/935/639 899/933/384 906/940/391 908/942/393
f 902/936/387 900/934/385 907/941/565 909/943/567
f 888/922/373 817/851/302 910/944/641
f 819/853/304 901/935/639 908/942/393
f 890/924/375 902/936/387 909/943/567 911/945/568
f 889/923/374 888/922/373 910/944/641 912/946/397
f 891/925/376 890/924/375 911/945/568 913/947/569
f 892/926/562 889/923/374 912/946/397 914/948/399
f 893/927/378 891/925/376 913/947/569 915/949/642
f 894/928/379 892/926/562 914/948/399 916/950/643
f 895/929/638 893/927/378 915/949/642 917/951/644
f 896/930/381 894/928/379 916/950/643 903/937/640
f 897/931/382 895/929/638 917/951/644 905/939/390
f 913/947/569 911/945/568 918/952/403 919/953/404
f 914/948/399 912/946/397 920/954/405 921/955/406
f 915/949/642 913/947/569 919/953/404 922/956/407
f 916/950/643 914/948/399 921/955/406 923/957/408
f 917/951/644 915/949/642 922/956/407 924/958/409
f 903/937/640 916/950/643 923/957/408 925/959/410
f 905/939/390 917/951/644 924/958/409 926/960/411
f 904/938/564 903/937/640 925/959/410 927/961/412
f 906/940/391 905/939/390 926/960/411 928/962/413
f 907/941/565 904/938/564 927/961/412 929/963/414
f 908/942/393 906/940/391 928/962/413 930/964/572
f 909/943/567 907/941/565 929/963/414 931/965/1
f 910/944/641 817/851/302 932/966/573
f 819/853/304 908/942/393 930/964/572
f 911/945/568 909/943/567 931/965/1 918/952/403
f 912/946/397 910/944/641 932/966/573 920/954/405
f 928/962/413 926/960/411 933/967/417 934/968/418
f 929/963/414 927/961/412 935/969/574 936/970/575
f 930/964/572 928/962/413 934/968/418 937/971/421
f 931/965/1 929/963/414 936/970/575 938/972/577
f 932/966/573 817/851/302 939/973/645
f 819/853/304 930/964/572 937/971/421
f 918/952/403 931/965/1 938/972/577 940/974/578
f 920/954/405 932/966/573 939/973/645 941/975/425
f 919/953/404 918/952/403 940/974/578 942/976/579
f 921/955/406 920/954/405 941/975/425 943/977/427
f 922/956/407 919/953/404 942/976/579 944/978/646
f 923/957/408 921/955/406 943/977/427 945/979/647
f 924/958/409 922/956/407 944/978/646 946/980/648
f 925/959/410 923/957/408 945/979/647 947/981/649
f 926/960/411 924/958/409 946/980/648 933/967/417
f 927/961/412 925/959/410 947/981/649 935/969/574
f 944/978/646 942/976/579 948/982/432 949/983/650
f 945/979/647 943/977/427 950/984/434 951/985/435
f 946/980/648 944/978/646 949/983/650 952/986/651
f 947/981/649 945/979/647 951/985/435 953/987/437
f 933/967/417 946/980/648 952/986/651 954/988/438
f 935/969/574 947/981/649 953/987/437 955/989/439
f 934/968/418 933/967/417 954/988/438 956/990/440
f 936/970/575 935/969/574 955/989/439 957/991/441
f 937/971/421 934/968/418 956/990/440 958/992/442
f 938/972/577 936/970/575 957/991/441 959/993/443
f 939/973/645 817/851/302 960/994/444
f 819/853/304 937/971/421 958/992/442
f 940/974/578 938/972/577 959/993/443 961/995/445
f 941/975/425 939/973/645 960/994/444 962/996/446
f 942/976/579 940/974/578 961/995/445 948/982/432
f 943/977/427 941/975/425 962/996/446 950/984/434
f 958/992/442 956/990/440 963/997/447 964/998/448
f 959/993/443 957/991/441 965/999/449 966/1000/652
f 960/994/444 817/851/302 967/1001/451
f 819/853/304 958/992/442 964/998/448
f 961/995/445 959/993/443 966/1000/652 968/1002/452
f 962/996/446 960/994/444 967/1001/451 969/1003/653
f 948/982/432 961/995/445 968/1002/452 970/1004/454
f 950/984/434 962/996/446 969/1003/653 971/1005/455
f 949/983/650 948/982/432 970/1004/454 972/1006/456
f 951/985/435 950/984/434 971/1005/455 973/1007/589
f 952/986/651 949/983/650 972/1006/456 974/1008/590
f 953/987/437 951/985/435 973/1007/589 975/1009/459
f 954/988/438 952/986/651 974/1008/590 976/1010/460
f 955/989/439 953/987/437 975/1009/459 977/1011/461
f 956/990/440 954/988/438 976/1010/460 963/997/447
f 957/991/441 955/989/439 977/1011/461 965/999/449
f 973/1007/589 971/1005/455 978/1012/654 979/1013/463
f 974/1008/590 972/1006/456 980/1014/464 981/1015/465
f 975/1009/459 973/1007/589 979/1013/463 982/1016/593
f 976/1010/460 974/1008/590 981/1015/465 983/1017/655
f 977/1011/461 975/1009/459 982/1016/593 984/1018/656
f 963/997/447 976/1010/460 983/1017/655 985/1019/469
f 965/999/449 977/1011/461 984/1018/656 986/1020/595
f 964/998/448 963/997/447 985/1019/469 987/1021/471
f 966/1000/652 965/999/449 986/1020/595 988/1022/597
f 967/1001/451 817/851/302 989/1023/657
f 819/853/304 964/998/448 987/1021/471
f 968/1002/452 966/1000/652 988/1022/597 990/1024/598
f 969/1003/653 967/1001/451 989/1023/657 991/1025/475
f 970/1004/454 968/1002/452 990/1024/598 992/1026/658
f 971/1005/455 969/1003/653 991/1025/475 978/1012/654
f 972/1006/456 970/1004/454 992/1026/658 980/1014/464
f 988/1022/597 986/1020/595 993/1027/659 994/1028/478
f 989/1023/657 817/851/302 995/1029/660
f 819/853/304 987/1021/471 996/1030/480
f 990/1024/598 988/1022/597 994/1028/478 997/1031/661
f 991/1025/475 989/1023/657 995/1029/660 998/1032/482
f 992/1026/658 990/1024/598 997/1031/661 999/1033/483
f 978/1012/654 991/1025/475 998/1032/482 1000/1034/484
f 980/1014/464 992/1026/658 999/1033/483 1001/1035/485
f 979/1013/463 978/1012/654 1000/1034/484 1002/1036/486
f 981/1015/465 980/1014/464 1001/1035/485 1003/1037/487
f 982/1016/593 979/1013/463 1002/1036/486 1004/1038/488
f 983/1017/655 981/1015/465 1003/1037/487 1005/1039/662
f 984/1018/656 982/1016/593 1004/1038/488 1006/1040/490
f 985/1019/469 983/1017/655 1005/1039/662 1007/1041/663
f 986/1020/595 984/1018/656 1006/1040/490 993/1027/659
f 987/1021/471 985/1019/469 1007/1041/663 996/1030/480
f 1003/1037/487 1001/1035/485 1008/1042/492 1009/1043/493
f 1004/1038/488 1002/1036/486 1010/1044/494 1011/1045/495
f 1005/1039/662 1003/1037/487 1009/1043/493 1012/1046/496
f 1006/1040/490 1004/1038/488 1011/1045/495 1013/1047/497
f 1007/1041/663 1005/1039/662 1012/1046/496 1014/1048/498
f 993/1027/659 1006/1040/490 1013/1047/497 1015/1049/499
f 996/1030/480 1007/1041/663 1014/1048/498 1016/1050/500
f 994/1028/478 993/1027/659 1015/1049/499 1017/1051/501
f 995/1029/660 817/851/302 1018/1052/664
f 819/853/304 996/1030/480 1016/1050/500
f 997/1031/661 994/1028/478 1017/1051/501 1019/1053/503
f 998/1032/482 995/1029/660 1018/1052/664 1020/1054/504
f 999/1033/483 997/1031/661 1019/1053/503 1021/1055/505
f 1000/1034/484 998/1032/482 1020/1054/504 1022/1056/506
f 1001/1035/485 999/1033/483 1021/1055/505 1008/1042/492
f 1002/1036/486 1000/1034/484 1022/1056/506 1010/1044/494
f 1018/1052/664 817/851/302 1023/1057/665
f 819/853/304 1016/1050/500 1024/1058/508
f 1019/1053/503 1017/1051/501 1025/1059/509 1026/1060/666
f 1020/1054/504 1018/1052/664 1023/1057/665 1027/1061/511
f 1021/1055/505 1019/1053/503 1026/1060/666 1028/1062/607
f 1022/1056/506 1020/1054/504 1027/1061/511 1029/1063/667
f 1008/1042/492 1021/1055/505 1028/1062/607 1030/1064/668
f 1010/1044/494 1022/1056/506 1029/1063/667 1031/1065/669
f 1009/1043/493 1008/1042/492 1030/1064/668 1032/1066/670
f 1011/1045/495 1010/1044/494 1031/1065/669 1033/1067/671
f 1012/1046/496 1009/1043/493 1032/1066/670 1034/1068/672
f 1013/1047/497 1011/1045/495 1033/1067/671 1035/1069/673
f 1014/1048/498 1012/1046/496 1034/1068/672 1036/1070/520
f 1015/1049/499 1013/1047/497 1035/1069/673 1037/1071/521
f 1016/1050/500 1014/1048/498 1036/1070/520 1024/1058/508
f 1017/1051/501 1015/1049/499 1037/1071/521 1025/1059/509
f 1033/1067/671 1031/1065/669 1038/1072/612 1039/1073/523
f 1034/1068/672 1032/1066/670 1040/1074/613 1041/1075/525
f 1035/1069/673 1033/1067/671 1039/1073/523 1042/1076/526
f 1036/1070/520 1034/1068/672 1041/1075/525 1043/1077/527
f 1037/1071/521 1035/1069/673 1042/1076/526 1044/1078/674
f 1024/1058/508 1036/1070/520 1043/1077/527 1045/1079/529
f 1025/1059/509 1037/1071/521 1044/1078/674 1046/1080/530
f 1023/1057/665 817/851/302 1047/1081/531
f 819/853/304 1024/1058/508 1045/1079/529
f 1026/1060/666 1025/1059/509 1046/1080/530 1048/1082/675
f 1027/1061/511 1023/1057/665 1047/1081/531 1049/1083/533
f 1028/1062/607 1026/1060/666 1048/1082/675 1050/1084/534
f 1029/1063/667 1027/1061/511 1049/1083/533 1051/1085/535
f 1030/1064/668 1028/1062/607 1050/1084/534 1052/1086/536
f 1031/1065/669 1029/1063/667 1051/1085/535 1038/1072/612
f 1032/1066/670 1030/1064/668 1052/1086/536 1040/1074/613
f 822/856/542 826/860/311 801/835/617 800/834/285 806/840/291 810/844/618 814/848/299 820/854/621 824/858/309 797/831/282 796/830/537 804/838/289 808/842/541 812/846/619 819/853/304 1045/1079/529 1043/1077/527 1041/1075/525 1040/1074/613 1052/1086/536 1050/1084/534 1048/1082/675 1046/1080/530 1044/1078/674 1042/1076/526 1039/1073/523 1038/1072/612 1051/1085/535 1049/1083/533 1047/1081/531 817/851/302 816/850/301
f 1053/1087/676 1054/1088/677 1055/1089/677 1056/1090/676
f 1057/1091/678 1058/1092/679 1059/1093/679 1060/1094/678
f 1061/1095/680 1053/1087/676 1056/1090/676 1062/1096/680
f 1063/1097/681 1057/1091/678 1060/1094/678 1064/1098/681
f 1065/1099/682 1061/1095/680 1062/1096/680 1066/1100/682
f 1067/1101/683 1063/1097/681 1064/1098/681 1068/1102/683
f 1069/1103/684 1065/1099/682 1066/1100/682 1070/1104/684
f 1071/1105/685 1067/1106/683 1068/1107/683 1072/1108/685
f 1073/1109/686 1069/1103/684 1070/1104/684 1074/1110/686
f 1075/1111/687 1071/1105/685 1072/1108/685 1076/1112/687
f 1077/1113/688 1078/1114/159 1079/1115/159 1080/1116/688
f 1081/1117/689 1073/1109/686 1074/1110/686 1082/1118/689
f 1083/1119/690 1075/1111/687 1076/1112/687 1084/1120/690
f 1085/1121/691 1077/1113/688 1080/1116/688 1086/1122/691
f 1087/1123/692 1081/1117/689 1082/1118/689 1088/1124/692
f 1089/1125/1 1083/1119/690 1084/1120/690 1090/1126/1
f 1091/1127/693 1085/1121/691 1086/1122/691 1092/1128/693
f 1093/1129/694 1087/1130/692 1088/1131/692 1094/1132/694
f 1095/1133/695 1089/1125/1 1090/1126/1 1096/1134/695
f 1097/1135/696 1091/1127/693 1092/1128/693 1098/1136/696
f 1099/1137/697 1093/1129/694 1094/1132/694 1100/1138/697
f 1101/1139/698 1095/1133/695 1096/1134/695 1102/1140/698
f 1103/1141/699 1097/1135/696 1098/1136/696 1104/1142/699
f 1078/1114/159 1099/1137/697 1100/1138/697 1079/1115/159
f 1105/1143/700 1101/1139/698 1102/1140/698 1106/1144/700
f 1107/1145/701 1103/1146/699 1104/1147/699 1108/1148/701
f 1109/1149/702 1105/1143/700 1106/1144/700 1110/1150/702
f 1111/1151/703 1107/1145/701 1108/1148/701 1112/1152/703
f 1113/1153/704 1109/1149/702 1110/1150/702 1114/1154/704
f 1115/1155/705 1111/1151/703 1112/1152/703 1116/1156/705
f 1054/1088/677 1113/1153/704 1114/1154/704 1055/1089/677
f 1058/1092/679 1115/1155/705 1116/1156/705 1059/1093/679
