# Blender v4.1.0 OBJ File: ''
# www.blender.org
mtllib monumentsign1_processed.mtl
o Cube.001
v 0.036741 8.138301 1.568512
v 0.036741 8.845848 1.568512
v 0.031089 8.845848 1.568512
v 0.025436 8.845848 1.568512
v 0.019784 8.845848 1.568512
v 0.014131 8.845848 1.568512
v 0.008479 8.845848 1.568512
v 0.002826 8.845848 1.568512
v -0.002826 8.845848 1.568512
v -0.008479 8.845848 1.568512
v -0.014131 8.845848 1.568512
v -0.019784 8.845848 1.568512
v -0.025436 8.845848 1.568512
v -0.031089 8.845848 1.568512
v -0.036741 8.845848 1.568512
v -0.036741 8.138301 1.568512
v -0.036741 8.138301 -1.557120
v 0.036741 8.138301 -1.557120
v 0.036741 8.085129 -1.614342
v -0.036741 8.085129 -1.614342
v -0.036741 8.861609 -1.557120
v -0.031089 8.861609 -1.557120
v -0.025436 8.861609 -1.557120
v -0.019784 8.861609 -1.557120
v -0.014131 8.861609 -1.557120
v -0.008479 8.861609 -1.557120
v -0.002826 8.861609 -1.557120
v 0.002826 8.861609 -1.557120
v 0.008479 8.861609 -1.557120
v 0.014131 8.861609 -1.557120
v 0.019784 8.861609 -1.557120
v 0.025436 8.861609 -1.557120
v 0.031089 8.861609 -1.557120
v 0.036741 8.861609 -1.557120
v 0.036741 8.085129 1.625734
v -0.036741 8.085129 1.625734
v -0.036741 7.393889 1.640249
v 0.036741 7.393889 1.640249
v -0.036741 7.336919 1.707220
v 0.036741 7.336919 1.707220
v 0.036741 7.393889 -1.628857
v -0.036741 7.393889 -1.628857
v -0.036741 7.336919 1.707220
v 0.036741 7.336919 1.707220
v 0.036741 7.336919 -1.695828
v -0.036741 7.336919 -1.695828
v -0.036741 6.672265 1.721304
v 0.036741 6.672265 1.721304
v 0.036741 7.336919 -1.695828
v -0.036741 7.336919 -1.695828
v 0.036741 6.672265 -1.709911
v -0.036741 6.672265 -1.709911
v 0.036741 6.562122 1.622800
v -0.036741 6.562122 1.622800
v -0.036741 6.562122 1.622800
v 0.036741 6.562122 1.622800
v 0.036741 6.562122 -1.611408
v -0.036741 6.562122 -1.611408
v 0.036741 6.562122 -1.611408
v -0.036741 6.562122 -1.611408
v 0.036741 6.562122 1.622800
v -0.036741 6.562122 1.622800
v -0.036741 6.562122 0.734000
v 0.036741 6.562122 0.734000
v 0.036741 6.562122 -1.611408
v -0.036741 6.562122 -1.611408
v -0.036741 6.520344 0.734000
v 0.036741 6.520344 0.734000
v 0.036741 6.562122 -0.639049
v -0.036741 6.562122 -0.639049
v 0.036741 6.520344 -0.639049
v -0.036741 6.520344 -0.639049
v 0.036741 6.492870 0.723315
v -0.036741 6.492870 0.723315
v -0.036741 6.470471 0.670736
v 0.036741 6.470471 0.670736
v 0.036741 6.492870 -0.639049
v -0.036741 6.492870 -0.639049
v -0.036741 6.464378 0.629672
v -0.028576 6.464378 0.629672
v -0.020412 6.464378 0.629672
v -0.012247 6.464378 0.629672
v -0.004082 6.464378 0.629672
v 0.004082 6.464378 0.629672
v 0.012247 6.464378 0.629672
v 0.020412 6.464378 0.629672
v 0.028576 6.464378 0.629672
v 0.036741 6.464378 0.629672
v 0.036741 6.476080 -0.621900
v -0.036741 6.476080 -0.621900
v 0.036741 6.447593 -0.564906
v 0.000000 6.447593 -0.564906
v -0.036741 6.447593 -0.564906
v -0.036741 6.363168 -0.226947
v -0.030061 6.363168 -0.226947
v -0.023381 6.363168 -0.226947
v -0.016701 6.363168 -0.226947
v -0.010020 6.363168 -0.226947
v -0.003340 6.363168 -0.226947
v 0.003340 6.363168 -0.226947
v 0.010020 6.363168 -0.226947
v 0.016701 6.363168 -0.226947
v 0.023381 6.363168 -0.226947
v 0.030061 6.363168 -0.226947
v 0.036741 6.363168 -0.226947
v 0.036741 6.332514 -0.198072
v 0.030061 6.332514 -0.198072
v 0.023381 6.332514 -0.198072
v 0.016701 6.332514 -0.198072
v 0.010020 6.332514 -0.198072
v 0.003340 6.332514 -0.198072
v -0.003340 6.332514 -0.198072
v -0.010020 6.332514 -0.198072
v -0.016701 6.332514 -0.198072
v -0.023381 6.332514 -0.198072
v -0.030061 6.332514 -0.198072
v -0.036741 6.332514 -0.198072
v -0.036741 6.446005 -0.520911
v -0.030061 6.446005 -0.520911
v -0.023381 6.446005 -0.520911
v -0.016701 6.446005 -0.520911
v -0.010020 6.446005 -0.520911
v -0.003340 6.446005 -0.520911
v 0.003340 6.446005 -0.520911
v 0.010020 6.446005 -0.520911
v 0.016701 6.446005 -0.520911
v 0.023381 6.446005 -0.520911
v 0.030061 6.446005 -0.520911
v 0.036741 6.446005 -0.520911
v 0.036741 6.441130 -0.475755
v 0.030061 6.441130 -0.475755
v 0.023381 6.441130 -0.475755
v 0.016701 6.441130 -0.475755
v 0.010020 6.441130 -0.475755
v 0.003340 6.441130 -0.475755
v -0.003340 6.441130 -0.475755
v -0.010020 6.441130 -0.475755
v -0.016701 6.441130 -0.475755
v -0.023381 6.441130 -0.475755
v -0.030061 6.441130 -0.475755
v -0.036741 6.441130 -0.475755
v 0.036741 6.435898 -0.430810
v 0.030061 6.435898 -0.430810
v 0.023381 6.435898 -0.430810
v 0.016701 6.435898 -0.430810
v 0.010020 6.435898 -0.430810
v 0.003340 6.435898 -0.430810
v -0.003340 6.435898 -0.430810
v -0.010020 6.435898 -0.430810
v -0.016701 6.435898 -0.430810
v -0.023381 6.435898 -0.430810
v -0.030061 6.435898 -0.430810
v -0.036741 6.435898 -0.430810
v 0.036741 6.427987 -0.387445
v 0.030061 6.427987 -0.387445
v 0.023381 6.427987 -0.387445
v 0.016701 6.427987 -0.387445
v 0.010020 6.427987 -0.387445
v 0.003340 6.427987 -0.387445
v -0.003340 6.427987 -0.387445
v -0.010020 6.427987 -0.387445
v -0.016701 6.427987 -0.387445
v -0.023381 6.427987 -0.387445
v -0.030061 6.427987 -0.387445
v -0.036741 6.427987 -0.387445
v 0.036741 6.417829 -0.344456
v 0.030061 6.417829 -0.344456
v 0.023381 6.417829 -0.344456
v 0.016701 6.417829 -0.344456
v 0.010020 6.417829 -0.344456
v 0.003340 6.417829 -0.344456
v -0.003340 6.417829 -0.344456
v -0.010020 6.417829 -0.344456
v -0.016701 6.417829 -0.344456
v -0.023381 6.417829 -0.344456
v -0.030061 6.417829 -0.344456
v -0.036741 6.417829 -0.344456
v 0.036741 6.404888 -0.301813
v 0.030061 6.404888 -0.301813
v 0.023381 6.404888 -0.301813
v 0.016701 6.404888 -0.301813
v 0.010020 6.404888 -0.301813
v 0.003340 6.404888 -0.301813
v -0.003340 6.404888 -0.301813
v -0.010020 6.404888 -0.301813
v -0.016701 6.404888 -0.301813
v -0.023381 6.404888 -0.301813
v -0.030061 6.404888 -0.301813
v -0.036741 6.404888 -0.301813
v 0.036741 6.387171 -0.261908
v 0.030061 6.387171 -0.261908
v 0.023381 6.387171 -0.261908
v 0.016701 6.387171 -0.261908
v 0.010020 6.387171 -0.261908
v 0.003340 6.387171 -0.261908
v -0.003340 6.387171 -0.261908
v -0.010020 6.387171 -0.261908
v -0.016701 6.387171 -0.261908
v -0.023381 6.387171 -0.261908
v -0.030061 6.387171 -0.261908
v -0.036741 6.387171 -0.261908
v 0.036741 6.364298 0.318278
v 0.028576 6.364298 0.318278
v 0.020412 6.364298 0.318278
v 0.012247 6.364298 0.318278
v 0.004082 6.364298 0.318278
v -0.004082 6.364298 0.318278
v -0.012247 6.364298 0.318278
v -0.020412 6.364298 0.318278
v -0.028576 6.364298 0.318278
v -0.036741 6.364298 0.318278
v -0.036741 6.324677 0.272052
v -0.028576 6.324677 0.272052
v -0.020412 6.324677 0.272052
v -0.012247 6.324677 0.272052
v -0.004082 6.324677 0.272052
v 0.004082 6.324677 0.272052
v 0.012247 6.324677 0.272052
v 0.020412 6.324677 0.272052
v 0.028576 6.324677 0.272052
v 0.036741 6.324677 0.272052
v 0.030061 6.304885 -0.170146
v 0.036741 6.304884 -0.170146
v 0.036741 6.265681 -0.132751
v 0.030061 6.265681 -0.132751
v 0.023381 6.265681 -0.132751
v 0.016701 6.265681 -0.132751
v 0.010020 6.265681 -0.132751
v 0.003340 6.265681 -0.132751
v -0.003340 6.265681 -0.132751
v -0.010020 6.265681 -0.132751
v -0.016701 6.265681 -0.132751
v -0.023381 6.265681 -0.132751
v -0.030061 6.265681 -0.132751
v -0.036741 6.265681 -0.132751
v -0.036741 6.304884 -0.170146
v -0.030061 6.304885 -0.170146
v -0.023381 6.304885 -0.170146
v -0.016701 6.304885 -0.170146
v -0.010020 6.304885 -0.170146
v -0.003340 6.304885 -0.170146
v 0.003340 6.304885 -0.170146
v 0.010020 6.304885 -0.170146
v 0.016701 6.304885 -0.170146
v 0.023381 6.304885 -0.170146
v -0.036741 6.460931 0.590034
v -0.028576 6.460931 0.590034
v -0.020412 6.460931 0.590034
v -0.012247 6.460931 0.590034
v -0.004082 6.460931 0.590034
v 0.004082 6.460931 0.590034
v 0.012247 6.460931 0.590034
v 0.020412 6.460931 0.590034
v 0.028576 6.460931 0.590034
v 0.036741 6.460931 0.590034
v -0.036741 6.456855 0.548077
v -0.028576 6.456855 0.548077
v -0.020412 6.456855 0.548077
v -0.012247 6.456855 0.548077
v -0.004082 6.456855 0.548077
v 0.004082 6.456855 0.548077
v 0.012247 6.456855 0.548077
v 0.020412 6.456855 0.548077
v 0.028576 6.456855 0.548077
v 0.036741 6.456855 0.548077
v 0.036741 6.390589 0.361626
v 0.028576 6.390589 0.361626
v 0.020412 6.390589 0.361626
v 0.012247 6.390589 0.361626
v 0.004082 6.390589 0.361626
v -0.004082 6.390589 0.361626
v -0.012247 6.390589 0.361626
v -0.020412 6.390589 0.361626
v -0.028576 6.390589 0.361626
v -0.036741 6.390589 0.361626
v -0.036741 6.454974 0.501256
v -0.028576 6.454974 0.501256
v -0.020412 6.454974 0.501256
v -0.012247 6.454974 0.501256
v -0.004082 6.454974 0.501256
v 0.004082 6.454974 0.501256
v 0.012247 6.454974 0.501256
v 0.020412 6.454974 0.501256
v 0.028576 6.454974 0.501256
v 0.036741 6.454974 0.501256
v -0.036741 6.442656 0.451440
v -0.028576 6.442656 0.451440
v -0.020412 6.442656 0.451440
v -0.012247 6.442656 0.451440
v -0.004082 6.442656 0.451440
v 0.004082 6.442656 0.451440
v 0.012247 6.442656 0.451440
v 0.020412 6.442656 0.451440
v 0.028576 6.442656 0.451440
v 0.036741 6.442656 0.451440
v -0.036741 6.415402 0.405764
v -0.028576 6.415402 0.405764
v -0.020412 6.415402 0.405764
v -0.012247 6.415402 0.405764
v -0.004082 6.415402 0.405764
v 0.004082 6.415402 0.405764
v 0.012247 6.415402 0.405764
v 0.020412 6.415402 0.405764
v 0.028576 6.415402 0.405764
v 0.036741 6.415402 0.405764
v 0.033915 9.099895 0.520129
v 0.031089 9.099895 0.520129
v 0.028262 9.099895 0.520129
v 0.025436 9.099895 0.520129
v 0.022610 9.099895 0.520129
v 0.019784 9.099895 0.520129
v 0.016957 9.099895 0.520129
v 0.014131 9.099895 0.520129
v 0.011305 9.099895 0.520129
v 0.008479 9.099895 0.520129
v 0.005652 9.099895 0.520129
v 0.002826 9.099895 0.520129
v 0.000000 9.099895 0.520129
v -0.002826 9.099895 0.520129
v -0.005652 9.099895 0.520129
v -0.008479 9.099895 0.520129
v -0.011305 9.099895 0.520129
v -0.014131 9.099895 0.520129
v -0.016957 9.099895 0.520129
v -0.019784 9.099895 0.520129
v -0.022610 9.099895 0.520129
v -0.025436 9.099895 0.520129
v -0.028262 9.099895 0.520129
v -0.031089 9.099895 0.520129
v -0.033915 9.099895 0.520129
v -0.036741 9.099895 0.520129
v -0.036741 9.004045 0.578904
v -0.033915 9.004045 0.578904
v -0.031089 9.004045 0.578904
v -0.028262 9.004045 0.578904
v -0.025436 9.004045 0.578904
v -0.022610 9.004045 0.578904
v -0.019784 9.004045 0.578904
v -0.016957 9.004045 0.578904
v -0.014131 9.004045 0.578904
v -0.011305 9.004045 0.578904
v -0.008479 9.004045 0.578904
v -0.005652 9.004045 0.578904
v -0.002826 9.004045 0.578904
v 0.000000 9.004045 0.578904
v 0.002826 9.004045 0.578904
v 0.005652 9.004045 0.578904
v 0.008479 9.004045 0.578904
v 0.011305 9.004045 0.578904
v 0.014131 9.004045 0.578904
v 0.016957 9.004045 0.578904
v 0.019784 9.004045 0.578904
v 0.022610 9.004045 0.578904
v 0.025436 9.004045 0.578904
v 0.028262 9.004045 0.578904
v 0.031089 9.004045 0.578904
v 0.033915 9.004045 0.578904
v 0.036741 9.004045 0.578904
v 0.036741 9.099895 0.520129
v -0.031089 9.004045 -0.554852
v -0.033915 9.004045 -0.554852
v -0.036741 9.004045 -0.554852
v -0.036741 9.099895 -0.494023
v -0.033915 9.099895 -0.494023
v -0.031089 9.099895 -0.494023
v -0.028262 9.099895 -0.494023
v -0.025436 9.099895 -0.494023
v -0.022610 9.099895 -0.494023
v -0.019784 9.099895 -0.494023
v -0.016957 9.099895 -0.494023
v -0.014131 9.099895 -0.494023
v -0.011305 9.099895 -0.494023
v -0.008479 9.099895 -0.494023
v -0.005652 9.099895 -0.494023
v -0.002826 9.099895 -0.494023
v 0.000000 9.099895 -0.494023
v 0.002826 9.099895 -0.494023
v 0.005652 9.099895 -0.494023
v 0.008479 9.099895 -0.494023
v 0.011305 9.099895 -0.494023
v 0.014131 9.099895 -0.494023
v 0.016957 9.099895 -0.494023
v 0.019784 9.099895 -0.494023
v 0.022610 9.099895 -0.494023
v 0.025436 9.099895 -0.494023
v 0.028262 9.099895 -0.494023
v 0.031089 9.099895 -0.494023
v 0.033915 9.099895 -0.494023
v 0.036741 9.099895 -0.494023
v 0.036741 9.004045 -0.554852
v 0.033915 9.004045 -0.554852
v 0.031089 9.004045 -0.554852
v 0.028262 9.004045 -0.554852
v 0.025436 9.004045 -0.554852
v 0.022610 9.004045 -0.554852
v 0.019784 9.004045 -0.554852
v 0.016957 9.004045 -0.554852
v 0.014131 9.004045 -0.554852
v 0.011305 9.004045 -0.554852
v 0.008479 9.004045 -0.554852
v 0.005652 9.004045 -0.554852
v 0.002826 9.004045 -0.554852
v 0.000000 9.004045 -0.554852
v -0.002826 9.004045 -0.554852
v -0.005652 9.004045 -0.554852
v -0.008479 9.004045 -0.554852
v -0.011305 9.004045 -0.554852
v -0.014131 9.004045 -0.554852
v -0.016957 9.004045 -0.554852
v -0.019784 9.004045 -0.554852
v -0.022610 9.004045 -0.554852
v -0.025436 9.004045 -0.554852
v -0.028262 9.004045 -0.554852
v -0.031089 9.203603 -0.449631
v -0.033915 9.203603 -0.449631
v -0.036741 9.203603 -0.449631
v -0.036741 9.306930 -0.397812
v -0.033915 9.306930 -0.397812
v -0.031089 9.306930 -0.397812
v -0.028262 9.306930 -0.397812
v -0.025436 9.306930 -0.397812
v -0.022610 9.306930 -0.397812
v -0.019784 9.306930 -0.397812
v -0.016957 9.306930 -0.397812
v -0.014131 9.306930 -0.397812
v -0.011305 9.306930 -0.397812
v -0.008479 9.306930 -0.397812
v -0.005652 9.306930 -0.397812
v -0.002826 9.306930 -0.397812
v 0.000000 9.306930 -0.397812
v 0.002826 9.306930 -0.397812
v 0.005652 9.306930 -0.397812
v 0.008479 9.306930 -0.397812
v 0.011305 9.306930 -0.397812
v 0.014131 9.306930 -0.397812
v 0.016957 9.306930 -0.397812
v 0.019784 9.306930 -0.397812
v 0.022610 9.306930 -0.397812
v 0.025436 9.306930 -0.397812
v 0.028262 9.306930 -0.397812
v 0.031089 9.306930 -0.397812
v 0.033915 9.306930 -0.397812
v 0.036741 9.306930 -0.397812
v 0.036741 9.203603 -0.449631
v 0.033915 9.203603 -0.449631
v 0.031089 9.203603 -0.449631
v 0.028262 9.203603 -0.449631
v 0.025436 9.203603 -0.449631
v 0.022610 9.203603 -0.449631
v 0.019784 9.203603 -0.449631
v 0.016957 9.203603 -0.449631
v 0.014131 9.203603 -0.449631
v 0.011305 9.203603 -0.449631
v 0.008479 9.203603 -0.449631
v 0.005652 9.203603 -0.449631
v 0.002826 9.203603 -0.449631
v 0.000000 9.203603 -0.449631
v -0.002826 9.203603 -0.449631
v -0.005652 9.203603 -0.449631
v -0.008479 9.203603 -0.449631
v -0.011305 9.203603 -0.449631
v -0.014131 9.203603 -0.449631
v -0.016957 9.203603 -0.449631
v -0.019784 9.203603 -0.449631
v -0.022610 9.203603 -0.449631
v -0.025436 9.203603 -0.449631
v -0.028262 9.203603 -0.449631
v -0.031089 9.401636 -0.328747
v -0.033915 9.401636 -0.328747
v -0.036741 9.401636 -0.328747
v -0.036741 9.479484 -0.227643
v -0.033915 9.479484 -0.227643
v -0.031089 9.479484 -0.227643
v -0.028262 9.479484 -0.227643
v -0.025436 9.479484 -0.227643
v -0.022610 9.479484 -0.227643
v -0.019784 9.479484 -0.227643
v -0.016957 9.479484 -0.227643
v -0.014131 9.479484 -0.227643
v -0.011305 9.479484 -0.227643
v -0.008479 9.479484 -0.227643
v -0.005652 9.479484 -0.227643
v -0.002826 9.479484 -0.227643
v 0.000000 9.479484 -0.227643
v 0.002826 9.479484 -0.227643
v 0.005652 9.479484 -0.227643
v 0.008479 9.479484 -0.227643
v 0.011305 9.479484 -0.227643
v 0.014131 9.479484 -0.227643
v 0.016957 9.479484 -0.227643
v 0.019784 9.479484 -0.227643
v 0.022610 9.479484 -0.227643
v 0.025436 9.479484 -0.227643
v 0.028262 9.479484 -0.227643
v 0.031089 9.479484 -0.227643
v 0.033915 9.479484 -0.227643
v 0.036741 9.479484 -0.227643
v 0.036741 9.401636 -0.328747
v 0.033915 9.401636 -0.328747
v 0.031089 9.401636 -0.328747
v 0.028262 9.401636 -0.328747
v 0.025436 9.401636 -0.328747
v 0.022610 9.401636 -0.328747
v 0.019784 9.401636 -0.328747
v 0.016957 9.401636 -0.328747
v 0.014131 9.401636 -0.328747
v 0.011305 9.401636 -0.328747
v 0.008479 9.401636 -0.328747
v 0.005652 9.401636 -0.328747
v 0.002826 9.401636 -0.328747
v 0.000000 9.401636 -0.328747
v -0.002826 9.401636 -0.328747
v -0.005652 9.401636 -0.328747
v -0.008479 9.401636 -0.328747
v -0.011305 9.401636 -0.328747
v -0.014131 9.401636 -0.328747
v -0.016957 9.401636 -0.328747
v -0.019784 9.401636 -0.328747
v -0.022610 9.401636 -0.328747
v -0.025436 9.401636 -0.328747
v -0.028262 9.401636 -0.328747
v -0.031089 9.532234 -0.108209
v -0.033915 9.532234 -0.108209
v -0.036741 9.532234 -0.108209
v -0.036741 9.551649 0.005696
v -0.033915 9.551649 0.005696
v -0.031089 9.551649 0.005696
v -0.028262 9.551649 0.005696
v -0.025436 9.551649 0.005696
v -0.022610 9.551649 0.005696
v -0.019784 9.551649 0.005696
v -0.016957 9.551649 0.005696
v -0.014131 9.551649 0.005696
v -0.011305 9.551649 0.005696
v -0.008479 9.551649 0.005696
v -0.005652 9.551649 0.005696
v -0.002826 9.551649 0.005696
v 0.000000 9.551649 0.005696
v 0.002826 9.551649 0.005696
v 0.005652 9.551649 0.005696
v 0.008479 9.551649 0.005696
v 0.011305 9.551649 0.005696
v 0.014131 9.551649 0.005696
v 0.016957 9.551649 0.005696
v 0.019784 9.551649 0.005696
v 0.022610 9.551649 0.005696
v 0.025436 9.551649 0.005696
v 0.028262 9.551649 0.005696
v 0.031089 9.551649 0.005696
v 0.033915 9.551649 0.005696
v 0.036741 9.551649 0.005696
v 0.036741 9.532234 -0.108209
v 0.033915 9.532234 -0.108209
v 0.031089 9.532234 -0.108209
v 0.028262 9.532234 -0.108209
v 0.025436 9.532234 -0.108209
v 0.022610 9.532234 -0.108209
v 0.019784 9.532234 -0.108209
v 0.016957 9.532234 -0.108209
v 0.014131 9.532234 -0.108209
v 0.011305 9.532234 -0.108209
v 0.008479 9.532234 -0.108209
v 0.005652 9.532234 -0.108209
v 0.002826 9.532234 -0.108209
v 0.000000 9.532234 -0.108209
v -0.002826 9.532234 -0.108209
v -0.005652 9.532234 -0.108209
v -0.008479 9.532234 -0.108209
v -0.011305 9.532234 -0.108209
v -0.014131 9.532234 -0.108209
v -0.016957 9.532234 -0.108209
v -0.019784 9.532234 -0.108209
v -0.022610 9.532234 -0.108209
v -0.025436 9.532234 -0.108209
v -0.028262 9.532234 -0.108209
v -0.031089 9.532234 0.141565
v -0.033915 9.532234 0.141565
v -0.036741 9.532234 0.141565
v -0.036741 9.479484 0.268080
v -0.033915 9.479484 0.268080
v -0.031089 9.479484 0.268080
v -0.028262 9.479484 0.268080
v -0.025436 9.479484 0.268080
v -0.022610 9.479484 0.268080
v -0.019784 9.479484 0.268080
v -0.016957 9.479484 0.268080
v -0.014131 9.479484 0.268080
v -0.011305 9.479484 0.268080
v -0.008479 9.479484 0.268080
v -0.005652 9.479484 0.268080
v -0.002826 9.479484 0.268080
v 0.000000 9.479484 0.268080
v 0.002826 9.479484 0.268080
v 0.005652 9.479484 0.268080
v 0.008479 9.479484 0.268080
v 0.011305 9.479484 0.268080
v 0.014131 9.479484 0.268080
v 0.016957 9.479484 0.268080
v 0.019784 9.479484 0.268080
v 0.022610 9.479484 0.268080
v 0.025436 9.479484 0.268080
v 0.028262 9.479484 0.268080
v 0.031089 9.479484 0.268080
v 0.033915 9.479484 0.268080
v 0.036741 9.479484 0.268080
v 0.036741 9.532234 0.141565
v 0.033915 9.532234 0.141565
v 0.031089 9.532234 0.141565
v 0.028262 9.532234 0.141565
v 0.025436 9.532234 0.141565
v 0.022610 9.532234 0.141565
v 0.019784 9.532234 0.141565
v 0.016957 9.532234 0.141565
v 0.014131 9.532234 0.141565
v 0.011305 9.532234 0.141565
v 0.008479 9.532234 0.141565
v 0.005652 9.532234 0.141565
v 0.002826 9.532234 0.141565
v 0.000000 9.532234 0.141565
v -0.002826 9.532234 0.141565
v -0.005652 9.532234 0.141565
v -0.008479 9.532234 0.141565
v -0.011305 9.532234 0.141565
v -0.014131 9.532234 0.141565
v -0.016957 9.532234 0.141565
v -0.019784 9.532234 0.141565
v -0.022610 9.532234 0.141565
v -0.025436 9.532234 0.141565
v -0.028262 9.532234 0.141565
v -0.031089 9.401636 0.356803
v -0.033915 9.401636 0.356803
v -0.036741 9.401636 0.356803
v -0.036741 9.306930 0.431359
v -0.033915 9.306930 0.431359
v -0.031089 9.306930 0.431359
v -0.028262 9.306930 0.431359
v -0.025436 9.306930 0.431359
v -0.022610 9.306930 0.431359
v -0.019784 9.306930 0.431359
v -0.016957 9.306930 0.431359
v -0.014131 9.306930 0.431359
v -0.011305 9.306930 0.431359
v -0.008479 9.306930 0.431359
v -0.005652 9.306930 0.431359
v -0.002826 9.306930 0.431359
v 0.000000 9.306930 0.431359
v 0.002826 9.306930 0.431359
v 0.005652 9.306930 0.431359
v 0.008479 9.306930 0.431359
v 0.011305 9.306930 0.431359
v 0.014131 9.306930 0.431359
v 0.016957 9.306930 0.431359
v 0.019784 9.306930 0.431359
v 0.022610 9.306930 0.431359
v 0.025436 9.306930 0.431359
v 0.028262 9.306930 0.431359
v 0.031089 9.306930 0.431359
v 0.033915 9.306930 0.431359
v 0.036741 9.306930 0.431359
v 0.036741 9.401636 0.356803
v 0.033915 9.401636 0.356803
v 0.031089 9.401636 0.356803
v 0.028262 9.401636 0.356803
v 0.025436 9.401636 0.356803
v 0.022610 9.401636 0.356803
v 0.019784 9.401636 0.356803
v 0.016957 9.401636 0.356803
v 0.014131 9.401636 0.356803
v 0.011305 9.401636 0.356803
v 0.008479 9.401636 0.356803
v 0.005652 9.401636 0.356803
v 0.002826 9.401636 0.356803
v 0.000000 9.401636 0.356803
v -0.002826 9.401636 0.356803
v -0.005652 9.401636 0.356803
v -0.008479 9.401636 0.356803
v -0.011305 9.401636 0.356803
v -0.014131 9.401636 0.356803
v -0.016957 9.401636 0.356803
v -0.019784 9.401636 0.356803
v -0.022610 9.401636 0.356803
v -0.025436 9.401636 0.356803
v -0.028262 9.401636 0.356803
v -0.036741 8.924291 0.670822
v -0.033915 8.924291 0.670822
v -0.031089 8.924291 0.670822
v -0.028262 8.924291 0.670822
v -0.025436 8.924291 0.670822
v -0.022610 8.924291 0.670822
v -0.019784 8.924291 0.670822
v -0.016957 8.924291 0.670822
v -0.014131 8.924291 0.670822
v -0.011305 8.924291 0.670822
v -0.008479 8.924291 0.670822
v -0.005652 8.924291 0.670822
v -0.002826 8.924291 0.670822
v 0.000000 8.924291 0.670822
v 0.002826 8.924291 0.670822
v 0.005652 8.924291 0.670822
v 0.008479 8.924291 0.670822
v 0.011305 8.924291 0.670822
v 0.014131 8.924291 0.670822
v 0.016957 8.924291 0.670822
v 0.019784 8.924291 0.670822
v 0.022610 8.924291 0.670822
v 0.025436 8.924291 0.670822
v 0.028262 8.924291 0.670822
v 0.031089 8.924291 0.670822
v 0.033915 8.924291 0.670822
v 0.036741 8.924291 0.670822
v 0.002826 8.855230 -0.862489
v 0.000000 8.855230 -0.862489
v -0.002826 8.855230 -0.862489
v -0.005652 8.855230 -0.862489
v -0.008479 8.855230 -0.862489
v -0.011305 8.855230 -0.862489
v -0.014131 8.855230 -0.862489
v -0.016957 8.855230 -0.862489
v -0.019784 8.855230 -0.862489
v -0.022610 8.855230 -0.862489
v -0.025436 8.855230 -0.862489
v -0.028262 8.855230 -0.862489
v -0.031089 8.855230 -0.862489
v -0.033915 8.855230 -0.862489
v -0.036741 8.855230 -0.862489
v -0.036741 8.855230 -0.862489
v -0.036741 8.868871 -0.787643
v -0.036741 8.868871 -0.787643
v -0.033915 8.868871 -0.787643
v -0.031089 8.868871 -0.787643
v -0.028262 8.868871 -0.787643
v -0.025436 8.868871 -0.787643
v -0.022610 8.868871 -0.787643
v -0.019784 8.868871 -0.787643
v -0.016957 8.868871 -0.787643
v -0.014131 8.868871 -0.787643
v -0.011305 8.868871 -0.787643
v -0.008479 8.868871 -0.787643
v -0.005652 8.868871 -0.787643
v -0.002826 8.868871 -0.787643
v 0.000000 8.868871 -0.787643
v 0.002826 8.868871 -0.787643
v 0.005652 8.868871 -0.787643
v 0.008479 8.868871 -0.787643
v 0.011305 8.868871 -0.787643
v 0.014131 8.868871 -0.787643
v 0.016957 8.868871 -0.787643
v 0.019784 8.868871 -0.787643
v 0.022610 8.868871 -0.787643
v 0.025436 8.868871 -0.787643
v 0.028262 8.868871 -0.787643
v 0.031089 8.868871 -0.787643
v 0.033915 8.868871 -0.787643
v 0.036741 8.868871 -0.787643
v 0.036741 8.868871 -0.787643
v 0.036741 8.855230 -0.862489
v 0.036741 8.855230 -0.862489
v 0.033915 8.855230 -0.862489
v 0.031089 8.855230 -0.862489
v 0.028262 8.855230 -0.862489
v 0.025436 8.855230 -0.862489
v 0.022610 8.855230 -0.862489
v 0.019784 8.855230 -0.862489
v 0.016957 8.855230 -0.862489
v 0.014131 8.855230 -0.862489
v 0.011305 8.855230 -0.862489
v 0.008479 8.855230 -0.862489
v 0.005652 8.855230 -0.862489
v -0.031089 8.845849 0.912562
v -0.033915 8.845849 0.912562
v -0.036741 8.845849 0.912562
v 0.036741 8.845849 0.912562
v 0.033915 8.845849 0.912562
v 0.031089 8.845849 0.912562
v 0.028262 8.845849 0.912562
v 0.025436 8.845849 0.912562
v 0.022610 8.845849 0.912562
v 0.019784 8.845849 0.912562
v 0.016957 8.845849 0.912562
v 0.014131 8.845849 0.912562
v 0.011305 8.845849 0.912562
v 0.008479 8.845849 0.912562
v 0.005652 8.845849 0.912562
v 0.002826 8.845849 0.912562
v 0.000000 8.845849 0.912562
v -0.002826 8.845849 0.912562
v -0.005652 8.845849 0.912562
v -0.008479 8.845849 0.912562
v -0.011305 8.845849 0.912562
v -0.014131 8.845849 0.912562
v -0.016957 8.845849 0.912562
v -0.019784 8.845849 0.912562
v -0.022610 8.845849 0.912562
v -0.025436 8.845849 0.912562
v -0.028262 8.845849 0.912562
v 0.036741 8.845849 0.912562
v 0.036741 8.846025 0.859379
v 0.033915 8.846025 0.859379
v 0.031089 8.846025 0.859379
v 0.028262 8.846025 0.859379
v 0.025436 8.846025 0.859379
v 0.022610 8.846025 0.859379
v 0.019784 8.846025 0.859379
v 0.016957 8.846025 0.859379
v 0.014131 8.846025 0.859379
v 0.011305 8.846025 0.859379
v 0.008479 8.846025 0.859379
v 0.005652 8.846025 0.859379
v 0.002826 8.846025 0.859379
v 0.000000 8.846025 0.859379
v -0.002826 8.846025 0.859379
v -0.005652 8.846025 0.859379
v -0.008479 8.846025 0.859379
v -0.011305 8.846025 0.859379
v -0.014131 8.846025 0.859379
v -0.016957 8.846025 0.859379
v -0.019784 8.846025 0.859379
v -0.022610 8.846025 0.859379
v -0.025436 8.846025 0.859379
v -0.028262 8.846025 0.859379
v -0.031089 8.846025 0.859379
v -0.033915 8.846025 0.859379
v -0.036741 8.846025 0.859379
v -0.036741 8.845849 0.912562
v -0.031089 9.203603 0.486673
v -0.033915 9.203603 0.486673
v -0.036741 9.203603 0.486673
v 0.036741 9.203603 0.486673
v 0.033915 9.203603 0.486673
v 0.031089 9.203603 0.486673
v 0.028262 9.203603 0.486673
v 0.025436 9.203603 0.486673
v 0.022610 9.203603 0.486673
v 0.019784 9.203603 0.486673
v 0.016957 9.203603 0.486673
v 0.014131 9.203603 0.486673
v 0.011305 9.203603 0.486673
v 0.008479 9.203603 0.486673
v 0.005652 9.203603 0.486673
v 0.002826 9.203603 0.486673
v 0.000000 9.203603 0.486673
v -0.002826 9.203603 0.486673
v -0.005652 9.203603 0.486673
v -0.008479 9.203603 0.486673
v -0.011305 9.203603 0.486673
v -0.014131 9.203603 0.486673
v -0.016957 9.203603 0.486673
v -0.019784 9.203603 0.486673
v -0.022610 9.203603 0.486673
v -0.025436 9.203603 0.486673
v -0.028262 9.203603 0.486673
v 0.031089 8.868871 -0.787643
v 0.033915 8.868871 -0.787643
v 0.036741 8.868871 -0.787643
v -0.036741 8.868871 -0.787643
v -0.033915 8.868871 -0.787643
v -0.031089 8.868871 -0.787643
v -0.028262 8.868871 -0.787643
v -0.025436 8.868871 -0.787643
v -0.022610 8.868871 -0.787643
v -0.019784 8.868871 -0.787643
v -0.016957 8.868871 -0.787643
v -0.014131 8.868871 -0.787643
v -0.011305 8.868871 -0.787643
v -0.008479 8.868871 -0.787643
v -0.005652 8.868871 -0.787643
v -0.002826 8.868871 -0.787643
v 0.000000 8.868871 -0.787643
v 0.002826 8.868871 -0.787643
v 0.005652 8.868871 -0.787643
v 0.008479 8.868871 -0.787643
v 0.011305 8.868871 -0.787643
v 0.014131 8.868871 -0.787643
v 0.016957 8.868871 -0.787643
v 0.019784 8.868871 -0.787643
v 0.022610 8.868871 -0.787643
v 0.025436 8.868871 -0.787643
v 0.028262 8.868871 -0.787643
v -0.031089 8.868871 0.779334
v -0.033915 8.868871 0.779334
v -0.036741 8.868871 0.779334
v 0.036741 8.868871 0.779334
v 0.033915 8.868871 0.779334
v 0.031089 8.868871 0.779334
v 0.028262 8.868871 0.779334
v 0.025436 8.868871 0.779334
v 0.022610 8.868871 0.779334
v 0.019784 8.868871 0.779334
v 0.016957 8.868871 0.779334
v 0.014131 8.868871 0.779334
v 0.011305 8.868871 0.779334
v 0.008479 8.868871 0.779334
v 0.005652 8.868871 0.779334
v 0.002826 8.868871 0.779334
v 0.000000 8.868871 0.779334
v -0.002826 8.868871 0.779334
v -0.005652 8.868871 0.779334
v -0.008479 8.868871 0.779334
v -0.011305 8.868871 0.779334
v -0.014131 8.868871 0.779334
v -0.016957 8.868871 0.779334
v -0.019784 8.868871 0.779334
v -0.022610 8.868871 0.779334
v -0.025436 8.868871 0.779334
v -0.028262 8.868871 0.779334
v 0.033915 8.924290 -0.650666
v 0.031089 8.924290 -0.650666
v 0.028262 8.924290 -0.650666
v 0.025436 8.924290 -0.650666
v 0.022610 8.924290 -0.650666
v 0.019784 8.924290 -0.650666
v 0.016957 8.924290 -0.650666
v 0.014131 8.924290 -0.650666
v 0.011305 8.924290 -0.650666
v 0.008479 8.924290 -0.650666
v 0.005652 8.924290 -0.650666
v 0.002826 8.924290 -0.650666
v 0.000000 8.924290 -0.650666
v -0.002826 8.924290 -0.650666
v -0.005652 8.924290 -0.650666
v -0.008479 8.924290 -0.650666
v -0.011305 8.924290 -0.650666
v -0.014131 8.924290 -0.650666
v -0.016957 8.924290 -0.650666
v -0.019784 8.924290 -0.650666
v -0.022610 8.924290 -0.650666
v -0.025436 8.924290 -0.650666
v -0.028262 8.924290 -0.650666
v -0.031089 8.924290 -0.650666
v -0.033915 8.924290 -0.650666
v -0.036741 8.924290 -0.650666
v 0.036741 8.924290 -0.650666
v 0.036741 6.269468 0.221452
v 0.028576 6.269468 0.221452
v 0.020412 6.269468 0.221452
v 0.012247 6.269468 0.221452
v 0.004082 6.269468 0.221452
v -0.004082 6.269468 0.221452
v -0.012247 6.269468 0.221452
v -0.020412 6.269468 0.221452
v -0.028576 6.269468 0.221452
v -0.036741 6.269468 0.221452
v -0.033915 8.850351 -0.905284
v -0.036741 8.850351 -0.905284
v -0.036741 8.850351 -0.905284
v 0.036741 8.850351 -0.905284
v 0.036741 8.850351 -0.905284
v 0.033915 8.850351 -0.905284
v 0.031089 8.850351 -0.905284
v 0.028262 8.850351 -0.905284
v 0.025436 8.850351 -0.905284
v 0.022610 8.850351 -0.905284
v 0.019784 8.850351 -0.905284
v 0.016957 8.850351 -0.905284
v 0.014131 8.850351 -0.905284
v 0.011305 8.850351 -0.905284
v 0.008479 8.850351 -0.905284
v 0.005652 8.850351 -0.905284
v 0.002826 8.850351 -0.905284
v 0.000000 8.850351 -0.905284
v -0.002826 8.850351 -0.905284
v -0.005652 8.850351 -0.905284
v -0.008479 8.850351 -0.905284
v -0.011305 8.850351 -0.905284
v -0.014131 8.850351 -0.905284
v -0.016957 8.850351 -0.905284
v -0.019784 8.850351 -0.905284
v -0.022610 8.850351 -0.905284
v -0.025436 8.850351 -0.905284
v -0.028262 8.850351 -0.905284
v -0.031089 8.850351 -0.905284
v 0.000000 6.243289 -0.143029
v 0.000000 6.271871 -0.143877
v 0.037002 6.271871 -0.140233
v 0.036837 6.243289 -0.139401
v 0.000000 6.526099 -0.002027
v 0.000000 6.536221 0.045790
v 0.009329 6.526099 -0.001108
v 0.000000 6.489666 -0.048006
v 0.018299 6.489666 -0.046204
v 0.000000 6.432871 -0.088018
v 0.026105 6.432871 -0.085447
v 0.000000 6.382113 -0.116619
v 0.031684 6.382113 -0.113498
v 0.000000 6.338967 -0.133299
v 0.034939 6.338967 -0.129858
v 0.000000 6.302960 -0.141154
v 0.036471 6.302960 -0.137562
v 0.071541 6.302960 -0.126924
v 0.072583 6.271871 -0.129440
v 0.072258 6.243289 -0.128656
v 0.018299 6.526099 0.001613
v 0.035894 6.489666 -0.040866
v 0.051206 6.432871 -0.077833
v 0.062151 6.382113 -0.104256
v 0.068535 6.338967 -0.119667
v 0.074340 6.432871 -0.065467
v 0.090230 6.382113 -0.089248
v 0.099497 6.338967 -0.103117
v 0.103861 6.302960 -0.109648
v 0.105374 6.271871 -0.111912
v 0.104902 6.243289 -0.111207
v 0.026566 6.526099 0.006032
v 0.052111 6.489666 -0.032199
v 0.134115 6.271871 -0.088325
v 0.133515 6.243289 -0.087725
v 0.033812 6.526099 0.011978
v 0.066324 6.489666 -0.020534
v 0.094617 6.432871 -0.048827
v 0.114841 6.382113 -0.069050
v 0.126635 6.338967 -0.080845
v 0.132190 6.302960 -0.086399
v 0.111258 6.432871 -0.028550
v 0.135038 6.382113 -0.044439
v 0.148907 6.338967 -0.053707
v 0.155439 6.302960 -0.058071
v 0.157703 6.271871 -0.059583
v 0.156997 6.243289 -0.059112
v 0.039758 6.526099 0.019225
v 0.077989 6.489666 -0.006320
v 0.175230 6.271871 -0.026792
v 0.174446 6.243289 -0.026468
v 0.044177 6.526099 0.027491
v 0.086657 6.489666 0.009896
v 0.123623 6.432872 -0.005416
v 0.150046 6.382113 -0.016361
v 0.165457 6.338967 -0.022744
v 0.172714 6.302960 -0.025750
v 0.159289 6.382113 0.014106
v 0.175648 6.338967 0.010852
v 0.183352 6.302960 0.009319
v 0.186023 6.271871 0.008788
v 0.185191 6.243289 0.008953
v 0.046898 6.526099 0.036462
v 0.091994 6.489666 0.027491
v 0.131237 6.432872 0.019686
v 0.047817 6.526099 0.045790
v 0.093796 6.489666 0.045790
v 0.133808 6.432872 0.045790
v 0.162409 6.382113 0.045790
v 0.179089 6.338967 0.045790
v 0.186944 6.302960 0.045790
v 0.189667 6.271871 0.045790
v 0.188819 6.243289 0.045790
v 0.159288 6.382113 0.077475
v 0.175648 6.338967 0.080729
v 0.183352 6.302960 0.082261
v 0.186023 6.271871 0.082792
v 0.185191 6.243289 0.082627
v 0.046898 6.526099 0.055119
v 0.091994 6.489666 0.064089
v 0.131237 6.432872 0.071895
v 0.044177 6.526099 0.064089
v 0.086657 6.489666 0.081685
v 0.123623 6.432872 0.096997
v 0.150047 6.382113 0.107942
v 0.165457 6.338967 0.114325
v 0.172714 6.302960 0.117331
v 0.175230 6.271871 0.118373
v 0.174446 6.243289 0.118048
v 0.148907 6.338967 0.145287
v 0.155439 6.302960 0.149651
v 0.157703 6.271871 0.151164
v 0.156997 6.243289 0.150693
v 0.039758 6.526099 0.072356
v 0.077989 6.489666 0.097901
v 0.111258 6.432872 0.120130
v 0.135038 6.382113 0.136020
v 0.066324 6.489666 0.112114
v 0.094617 6.432872 0.140407
v 0.114841 6.382113 0.160631
v 0.126635 6.338967 0.172426
v 0.132190 6.302960 0.177980
v 0.134115 6.271871 0.179905
v 0.133515 6.243289 0.179306
v 0.033812 6.526099 0.079602
v 0.103861 6.302960 0.201229
v 0.105373 6.271871 0.203493
v 0.104902 6.243289 0.202788
v 0.026566 6.526099 0.085549
v 0.052111 6.489666 0.123779
v 0.074340 6.432872 0.157048
v 0.090230 6.382113 0.180828
v 0.099497 6.338967 0.194698
v 0.035894 6.489666 0.132447
v 0.051206 6.432872 0.169413
v 0.062151 6.382113 0.195837
v 0.068535 6.338967 0.211247
v 0.071541 6.302960 0.218504
v 0.072583 6.271871 0.221020
v 0.072258 6.243289 0.220236
v 0.018299 6.526099 0.089967
v 0.036471 6.302960 0.229143
v 0.037002 6.271871 0.231813
v 0.036837 6.243289 0.230981
v 0.009329 6.526099 0.092688
v 0.018299 6.489666 0.137784
v 0.026105 6.432872 0.177028
v 0.031684 6.382113 0.205079
v 0.034939 6.338967 0.221438
v 0.000000 6.432872 0.179599
v 0.000000 6.382113 0.208199
v 0.000000 6.338967 0.224880
v 0.000000 6.302960 0.232735
v 0.000000 6.271871 0.235457
v 0.000000 6.243289 0.234609
v 0.000000 6.526099 0.093607
v 0.000000 6.489666 0.139587
v -0.037002 6.271871 0.231813
v -0.036837 6.243289 0.230981
v -0.009329 6.526099 0.092688
v -0.018299 6.489666 0.137784
v -0.026105 6.432872 0.177028
v -0.031684 6.382113 0.205079
v -0.034939 6.338967 0.221438
v -0.036471 6.302960 0.229143
v -0.051206 6.432872 0.169413
v -0.062151 6.382113 0.195837
v -0.068535 6.338967 0.211247
v -0.071541 6.302960 0.218504
v -0.072583 6.271871 0.221020
v -0.072258 6.243289 0.220236
v -0.018299 6.526099 0.089967
v -0.035894 6.489666 0.132447
v -0.105373 6.271871 0.203493
v -0.104902 6.243289 0.202788
v -0.026566 6.526099 0.085549
v -0.052111 6.489666 0.123779
v -0.074340 6.432872 0.157048
v -0.090230 6.382113 0.180828
v -0.099497 6.338967 0.194698
v -0.103861 6.302960 0.201229
v -0.114841 6.382113 0.160631
v -0.126635 6.338967 0.172426
v -0.132190 6.302960 0.177980
v -0.134115 6.271871 0.179905
v -0.133515 6.243289 0.179305
v -0.033812 6.526099 0.079602
v -0.066324 6.489666 0.112114
v -0.094617 6.432872 0.140407
v -0.039758 6.526099 0.072356
v -0.077989 6.489666 0.097901
v -0.111258 6.432872 0.120130
v -0.135038 6.382113 0.136020
v -0.148907 6.338967 0.145287
v -0.155439 6.302960 0.149651
v -0.157703 6.271871 0.151164
v -0.156997 6.243289 0.150692
v -0.165457 6.338967 0.114325
v -0.172714 6.302960 0.117331
v -0.175230 6.271871 0.118373
v -0.174446 6.243289 0.118048
v -0.044177 6.526099 0.064089
v -0.086657 6.489666 0.081685
v -0.123623 6.432872 0.096996
v -0.150046 6.382113 0.107942
v -0.046898 6.526099 0.055119
v -0.091994 6.489666 0.064089
v -0.131237 6.432872 0.071895
v -0.159288 6.382113 0.077475
v -0.175648 6.338967 0.080729
v -0.183352 6.302960 0.082261
v -0.186023 6.271871 0.082792
v -0.185191 6.243289 0.082627
v -0.179089 6.338967 0.045790
v -0.186944 6.302960 0.045790
v -0.189667 6.271871 0.045790
v -0.188819 6.243289 0.045790
v -0.047817 6.526099 0.045790
v -0.093796 6.489666 0.045790
v -0.133808 6.432872 0.045790
v -0.162409 6.382113 0.045790
v -0.091994 6.489666 0.027491
v -0.131237 6.432872 0.019685
v -0.159288 6.382113 0.014106
v -0.175648 6.338967 0.010852
v -0.183352 6.302960 0.009319
v -0.186023 6.271871 0.008788
v -0.185191 6.243289 0.008953
v -0.046898 6.526099 0.036462
v -0.172714 6.302960 -0.025750
v -0.175230 6.271871 -0.026792
v -0.174446 6.243289 -0.026468
v -0.044177 6.526099 0.027491
v -0.086657 6.489666 0.009896
v -0.123623 6.432872 -0.005416
v -0.150046 6.382113 -0.016361
v -0.165457 6.338967 -0.022744
v -0.077989 6.489666 -0.006320
v -0.111258 6.432872 -0.028550
v -0.135038 6.382113 -0.044439
v -0.148907 6.338967 -0.053707
v -0.155439 6.302960 -0.058071
v -0.157703 6.271871 -0.059583
v -0.156997 6.243289 -0.059112
v -0.039758 6.526099 0.019225
v -0.132190 6.302960 -0.086399
v -0.134115 6.271871 -0.088325
v -0.133515 6.243289 -0.087725
v -0.033812 6.526099 0.011978
v -0.066324 6.489666 -0.020534
v -0.094617 6.432872 -0.048827
v -0.114841 6.382113 -0.069050
v -0.126635 6.338967 -0.080845
v -0.074340 6.432872 -0.065467
v -0.090230 6.382113 -0.089248
v -0.099497 6.338967 -0.103117
v -0.103861 6.302960 -0.109648
v -0.105373 6.271871 -0.111912
v -0.104902 6.243289 -0.111207
v -0.026566 6.526099 0.006032
v -0.052110 6.489666 -0.032199
v -0.072582 6.271871 -0.129439
v -0.072258 6.243289 -0.128656
v -0.018299 6.526099 0.001613
v -0.035894 6.489666 -0.040866
v -0.051206 6.432872 -0.077833
v -0.062151 6.382113 -0.104256
v -0.068535 6.338967 -0.119667
v -0.071541 6.302960 -0.126924
v -0.031684 6.382113 -0.113498
v -0.034939 6.338967 -0.129858
v -0.036471 6.302960 -0.137562
v -0.037002 6.271871 -0.140233
v -0.036837 6.243289 -0.139401
v -0.009329 6.526099 -0.001108
v -0.018299 6.489666 -0.046204
v -0.026105 6.432872 -0.085447
v 0.167832 6.143286 0.161580
v 0.142729 6.143286 0.192168
v 0.127901 6.117372 0.177340
v 0.150396 6.117372 0.149930
v -0.072258 2.132306 -0.128656
v -0.104902 2.132306 -0.111207
v -0.133515 2.132306 -0.087725
v 0.174446 2.132306 0.118048
v 0.185191 2.132306 0.082627
v -0.036837 2.132306 -0.139401
v -0.077244 6.143286 0.235923
v -0.112142 6.143286 0.217270
v -0.100491 6.117372 0.199834
v -0.069220 6.117372 0.216549
v -0.185191 2.132306 0.008953
v -0.188819 2.132306 0.045790
v -0.185191 2.132306 0.082627
v -0.174446 2.132306 0.118048
v 0.036837 2.132306 0.230981
v 0.072258 2.132306 0.220236
v -0.077244 6.143286 -0.137046
v -0.039379 6.143286 -0.148532
v -0.035288 6.117372 -0.127965
v -0.069219 6.117372 -0.117672
v 0.197971 6.143286 0.088817
v 0.186485 6.143286 0.126683
v 0.167111 6.117372 0.118658
v 0.177404 6.117372 0.084726
v 0.112141 6.143286 0.217270
v 0.100491 6.117372 0.199834
v 0.000000 2.132306 -0.143029
v 0.077244 6.143286 0.235923
v 0.069219 6.117372 0.216549
v 0.142729 6.143286 -0.093291
v 0.167832 6.143286 -0.062703
v 0.150396 6.117372 -0.051053
v 0.127901 6.117372 -0.078462
v 0.072258 2.132306 -0.128656
v 0.036837 2.132306 -0.139401
v 0.077244 6.143286 -0.137046
v 0.112142 6.143286 -0.118393
v 0.100491 6.117372 -0.100957
v 0.069220 6.117372 -0.117672
v 0.185191 2.132306 0.008953
v 0.174446 2.132306 -0.026468
v 0.197971 6.143286 0.010060
v 0.201849 6.143286 0.049439
v 0.180879 6.117372 0.049439
v 0.177404 6.117372 0.014151
v 0.000000 2.132306 0.234609
v 0.000000 6.143286 0.251288
v -0.039379 6.143286 0.247409
v -0.035288 6.117372 0.226842
v 0.000000 6.117372 0.230318
v 0.104902 2.132306 0.202788
v 0.133515 2.132306 0.179306
v 0.000000 6.143286 -0.152411
v 0.039379 6.143286 -0.148533
v 0.035288 6.117372 -0.127965
v 0.000000 6.117372 -0.131441
v -0.036837 2.132306 0.230981
v 0.167111 6.117372 -0.019781
v 0.035288 6.117372 0.226842
v -0.127901 6.117372 0.177339
v -0.150396 6.117372 0.149930
v -0.167111 6.117372 0.118658
v -0.177404 6.117372 0.084726
v -0.180879 6.117372 0.049438
v -0.177404 6.117372 0.014151
v -0.167111 6.117372 -0.019781
v -0.150395 6.117372 -0.051053
v -0.127901 6.117372 -0.078462
v -0.100491 6.117372 -0.100957
v 0.156997 2.132306 0.150693
v 0.104902 2.132306 -0.111207
v 0.186485 6.143286 -0.027806
v 0.039379 6.143286 0.247410
v -0.142729 6.143286 0.192168
v -0.167832 6.143286 0.161580
v -0.156997 2.132306 -0.059112
v -0.174446 2.132306 -0.026468
v 0.156997 2.132306 -0.059112
v -0.133515 2.132306 0.179305
v -0.104902 2.132306 0.202788
v -0.072258 2.132306 0.220236
v -0.156997 2.132306 0.150692
v -0.112141 6.143286 -0.118393
v 0.133515 2.132306 -0.087725
v -0.167832 6.143286 -0.062703
v -0.142729 6.143286 -0.093291
v 0.188819 2.132306 0.045790
v -0.197971 6.143286 0.010060
v -0.186484 6.143286 -0.027806
v -0.201849 6.143286 0.049438
v -0.197971 6.143286 0.088817
v -0.186485 6.143286 0.126683
v 0.186485 6.191675 0.126683
v 0.167832 6.191675 0.161580
v -0.201849 6.191675 0.049438
v -0.197971 6.191675 0.010060
v 0.142729 6.191675 0.192168
v -0.186484 6.191675 -0.027806
v 0.112141 6.191675 0.217270
v -0.167832 6.191675 -0.062703
v 0.077244 6.191675 0.235923
v -0.142729 6.191675 -0.093291
v 0.039379 6.191675 0.247410
v 0.039379 6.191675 -0.148533
v 0.077244 6.191675 -0.137046
v -0.112141 6.191675 -0.118393
v 0.000000 6.191675 0.251288
v 0.112142 6.191675 -0.118393
v -0.077244 6.191675 -0.137046
v -0.039379 6.191675 0.247409
v 0.142729 6.191675 -0.093291
v -0.039379 6.191675 -0.148532
v -0.077244 6.191675 0.235923
v 0.167832 6.191675 -0.062703
v 0.000000 6.191675 -0.152411
v -0.112142 6.191675 0.217270
v 0.186485 6.191675 -0.027806
v -0.142729 6.191675 0.192168
v 0.197971 6.191675 0.010060
v -0.167832 6.191675 0.161580
v 0.201849 6.191675 0.049439
v -0.186485 6.191675 0.126683
v 0.197971 6.191675 0.088817
v -0.197971 6.191675 0.088817
v -0.184711 6.215129 0.012697
v -0.173994 6.215129 -0.022632
v 0.104631 6.215129 -0.107152
v 0.072071 6.215129 -0.124556
v 0.036741 6.215129 -0.135273
v 0.000000 6.215129 -0.138891
v -0.036741 6.215129 -0.135272
v -0.072071 6.215129 -0.124555
v -0.104630 6.215129 -0.107152
v -0.133169 6.215129 -0.083731
v -0.156590 6.215129 -0.055192
v -0.188330 6.215129 0.049438
v -0.184711 6.215129 0.086180
v -0.173994 6.215129 0.121509
v -0.156591 6.215129 0.154069
v -0.133169 6.215129 0.182608
v -0.104630 6.215129 0.206029
v -0.072071 6.215129 0.223433
v -0.036741 6.215129 0.234150
v 0.000000 6.215129 0.237768
v 0.036741 6.215129 0.234150
v 0.072071 6.215129 0.223433
v 0.104630 6.215129 0.206029
v 0.133169 6.215129 0.182608
v 0.156591 6.215129 0.154069
v 0.173994 6.215129 0.121509
v 0.184711 6.215129 0.086180
v 0.188330 6.215129 0.049439
v 0.184711 6.215129 0.012697
v 0.173994 6.215129 -0.022632
v 0.156591 6.215129 -0.055192
v 0.133169 6.215129 -0.083731
v 0.028262 9.401636 -0.328747
v 0.031089 9.401636 -0.328747
v 0.022610 9.401636 -0.328747
v 0.025436 9.401636 -0.328747
v 0.016957 9.401636 -0.328747
v 0.019784 9.401636 -0.328747
v 0.011305 9.401636 -0.328747
v 0.014131 9.401636 -0.328747
v 0.005652 9.401636 -0.328747
v 0.008479 9.401636 -0.328747
v 0.000000 9.401636 -0.328747
v 0.002826 9.401636 -0.328747
v -0.005652 9.401636 -0.328747
v -0.002826 9.401636 -0.328747
v -0.011305 9.401636 -0.328747
v -0.008479 9.401636 -0.328747
v -0.016957 9.401636 -0.328747
v -0.014131 9.401636 -0.328747
v -0.022610 9.401636 -0.328747
v -0.019784 9.401636 -0.328747
v -0.028262 9.401636 -0.328747
v -0.025436 9.401636 -0.328747
v -0.033915 9.401636 -0.328747
v -0.031089 9.401636 -0.328747
v 0.033915 9.401636 -0.328747
v 0.000000 6.536221 0.045790
v 0.000000 6.536221 0.045790
vt 0.912727 0.594207
vt 0.912727 0.777389
vt 0.912178 0.777389
vt 0.911630 0.777389
vt 0.911081 0.777389
vt 0.910532 0.777389
vt 0.909983 0.777389
vt 0.909434 0.777389
vt 0.908886 0.777389
vt 0.908337 0.777389
vt 0.907788 0.777389
vt 0.907239 0.777389
vt 0.906691 0.777389
vt 0.906142 0.777389
vt 0.905593 0.777389
vt 0.905593 0.594207
vt 0.856692 0.604791
vt 0.849498 0.604791
vt 0.849498 0.590912
vt 0.856692 0.590912
vt 0.856692 0.793598
vt 0.856138 0.793598
vt 0.855585 0.793598
vt 0.855031 0.793598
vt 0.854478 0.793598
vt 0.853925 0.793598
vt 0.853372 0.793598
vt 0.852818 0.793598
vt 0.852265 0.793598
vt 0.851712 0.793598
vt 0.851158 0.793598
vt 0.850605 0.793598
vt 0.850052 0.793598
vt 0.849498 0.793598
vt 0.912727 0.580441
vt 0.905593 0.580441
vt 0.905593 0.401481
vt 0.912727 0.401481
vt 0.905593 0.386731
vt 0.912727 0.386731
vt 0.849498 0.410476
vt 0.856692 0.410476
vt 0.375000 0.750000
vt 0.375000 1.000000
vt 0.375000 1.000000
vt 0.375000 0.750000
vt 0.849498 0.395605
vt 0.856692 0.395605
vt 0.912727 0.386731
vt 0.905593 0.386731
vt 0.905593 0.214654
vt 0.912727 0.214654
vt 0.375000 0.250000
vt 0.375000 0.500000
vt 0.375000 0.500000
vt 0.375000 0.250000
vt 0.856692 0.395605
vt 0.849498 0.395605
vt 0.849498 0.222110
vt 0.856692 0.222110
vt 0.375000 0.750000
vt 0.375000 1.000000
vt 0.375000 1.000000
vt 0.375000 0.750000
vt 0.849498 0.193359
vt 0.856692 0.193359
vt 0.905593 0.186138
vt 0.912727 0.186138
vt 0.375000 0.250000
vt 0.375000 0.500000
vt 0.375000 0.500000
vt 0.375000 0.250000
vt 0.375000 0.750000
vt 0.375000 1.000000
vt 0.375000 1.000000
vt 0.375000 0.750000
vt 0.375000 0.500000
vt 0.375000 0.250000
vt 0.912727 0.186138
vt 0.905593 0.186138
vt 0.905593 0.175322
vt 0.912727 0.175322
vt 0.375000 0.500000
vt 0.375000 0.250000
vt 0.856692 0.193359
vt 0.849498 0.193359
vt 0.849498 0.182454
vt 0.856692 0.182454
vt 0.912727 0.168209
vt 0.905593 0.168209
vt 0.905593 0.162410
vt 0.912727 0.162410
vt 0.849498 0.175282
vt 0.856692 0.175282
vt 0.905593 0.160833
vt 0.906386 0.160833
vt 0.907178 0.160833
vt 0.907971 0.160833
vt 0.908764 0.160833
vt 0.909556 0.160833
vt 0.910349 0.160833
vt 0.911142 0.160833
vt 0.911934 0.160833
vt 0.912727 0.160833
vt 0.849498 0.170900
vt 0.856692 0.170900
vt 0.849498 0.163464
vt 0.853095 0.163464
vt 0.856692 0.163464
vt 0.856692 0.141426
vt 0.856037 0.141426
vt 0.855383 0.141426
vt 0.854729 0.141426
vt 0.854076 0.141426
vt 0.853422 0.141426
vt 0.852768 0.141426
vt 0.852114 0.141426
vt 0.851460 0.141426
vt 0.850806 0.141426
vt 0.850152 0.141426
vt 0.849498 0.141426
vt 0.849498 0.133424
vt 0.850152 0.133424
vt 0.850806 0.133424
vt 0.851460 0.133424
vt 0.852114 0.133424
vt 0.852768 0.133424
vt 0.853422 0.133424
vt 0.854076 0.133424
vt 0.854729 0.133424
vt 0.855383 0.133424
vt 0.856037 0.133424
vt 0.856692 0.133424
vt 0.375000 0.250000
vt 0.375000 0.272727
vt 0.375000 0.295455
vt 0.375000 0.318182
vt 0.375000 0.340909
vt 0.375000 0.363636
vt 0.375000 0.386364
vt 0.375000 0.409091
vt 0.375000 0.431818
vt 0.375000 0.454545
vt 0.375000 0.477273
vt 0.375000 0.500000
vt 0.375000 0.500000
vt 0.375000 0.477273
vt 0.375000 0.454545
vt 0.375000 0.431818
vt 0.375000 0.409091
vt 0.375000 0.386364
vt 0.375000 0.363636
vt 0.375000 0.340909
vt 0.375000 0.318182
vt 0.375000 0.295455
vt 0.375000 0.272727
vt 0.375000 0.250000
vt 0.856692 0.161776
vt 0.856037 0.161776
vt 0.855383 0.161776
vt 0.854729 0.161776
vt 0.854076 0.161776
vt 0.853422 0.161776
vt 0.852768 0.161776
vt 0.852114 0.161776
vt 0.851460 0.161776
vt 0.850806 0.161776
vt 0.850152 0.161776
vt 0.849498 0.161776
vt 0.849498 0.160411
vt 0.850152 0.160411
vt 0.850806 0.160411
vt 0.851460 0.160411
vt 0.852114 0.160411
vt 0.852768 0.160411
vt 0.853422 0.160411
vt 0.854076 0.160411
vt 0.854729 0.160411
vt 0.855383 0.160411
vt 0.856037 0.160411
vt 0.856692 0.160411
vt 0.849498 0.158346
vt 0.850152 0.158346
vt 0.850806 0.158346
vt 0.851460 0.158346
vt 0.852114 0.158346
vt 0.852768 0.158346
vt 0.853422 0.158346
vt 0.854076 0.158346
vt 0.854729 0.158346
vt 0.855383 0.158346
vt 0.856037 0.158346
vt 0.856692 0.158346
vt 0.849498 0.155694
vt 0.850152 0.155694
vt 0.850806 0.155694
vt 0.851460 0.155694
vt 0.852114 0.155694
vt 0.852768 0.155694
vt 0.853422 0.155694
vt 0.854076 0.155694
vt 0.854729 0.155694
vt 0.855383 0.155694
vt 0.856037 0.155694
vt 0.856692 0.155694
vt 0.849498 0.152316
vt 0.850152 0.152316
vt 0.850806 0.152316
vt 0.851460 0.152316
vt 0.852114 0.152316
vt 0.852768 0.152316
vt 0.853422 0.152316
vt 0.854076 0.152316
vt 0.854729 0.152316
vt 0.855383 0.152316
vt 0.856037 0.152316
vt 0.856692 0.152316
vt 0.849498 0.147691
vt 0.850152 0.147691
vt 0.850806 0.147691
vt 0.851460 0.147691
vt 0.852114 0.147691
vt 0.852768 0.147691
vt 0.853422 0.147691
vt 0.854076 0.147691
vt 0.854729 0.147691
vt 0.855383 0.147691
vt 0.856037 0.147691
vt 0.856692 0.147691
vt 0.912727 0.134922
vt 0.911934 0.134922
vt 0.911142 0.134922
vt 0.910349 0.134922
vt 0.909556 0.134922
vt 0.908764 0.134922
vt 0.907971 0.134922
vt 0.907178 0.134922
vt 0.906386 0.134922
vt 0.905593 0.134922
vt 0.905593 0.124664
vt 0.906386 0.124664
vt 0.907178 0.124664
vt 0.907971 0.124664
vt 0.908764 0.124664
vt 0.909556 0.124664
vt 0.910349 0.124664
vt 0.911142 0.124664
vt 0.911934 0.124664
vt 0.912727 0.124664
vt 0.850152 0.126212
vt 0.849498 0.126212
vt 0.849498 0.115979
vt 0.850152 0.115979
vt 0.850806 0.115979
vt 0.851460 0.115979
vt 0.852114 0.115979
vt 0.852768 0.115979
vt 0.853422 0.115979
vt 0.854076 0.115979
vt 0.854729 0.115979
vt 0.855383 0.115979
vt 0.856037 0.115979
vt 0.856692 0.115979
vt 0.856692 0.126212
vt 0.856037 0.126212
vt 0.855383 0.126212
vt 0.854729 0.126212
vt 0.854076 0.126212
vt 0.853422 0.126212
vt 0.852768 0.126212
vt 0.852114 0.126212
vt 0.851460 0.126212
vt 0.850806 0.126212
vt 0.375000 0.750000
vt 0.375000 0.777778
vt 0.375000 0.805556
vt 0.375000 0.833333
vt 0.375000 0.861111
vt 0.375000 0.888889
vt 0.375000 0.916667
vt 0.375000 0.944444
vt 0.375000 0.972222
vt 0.375000 1.000000
vt 0.375000 1.000000
vt 0.375000 0.972222
vt 0.375000 0.944444
vt 0.375000 0.916667
vt 0.375000 0.888889
vt 0.375000 0.861111
vt 0.375000 0.833333
vt 0.375000 0.805556
vt 0.375000 0.777778
vt 0.375000 0.750000
vt 0.912727 0.159940
vt 0.911934 0.159940
vt 0.911142 0.159940
vt 0.910349 0.159940
vt 0.909556 0.159940
vt 0.908764 0.159940
vt 0.907971 0.159940
vt 0.907178 0.159940
vt 0.906386 0.159940
vt 0.905593 0.159940
vt 0.905593 0.158885
vt 0.906386 0.158885
vt 0.907178 0.158885
vt 0.907971 0.158885
vt 0.908764 0.158885
vt 0.909556 0.158885
vt 0.910349 0.158885
vt 0.911142 0.158885
vt 0.911934 0.158885
vt 0.912727 0.158885
vt 0.912727 0.141728
vt 0.911934 0.141728
vt 0.911142 0.141728
vt 0.910349 0.141728
vt 0.909556 0.141728
vt 0.908764 0.141728
vt 0.907971 0.141728
vt 0.907178 0.141728
vt 0.906386 0.141728
vt 0.905593 0.141728
vt 0.375000 0.750000
vt 0.375000 0.777778
vt 0.375000 0.805556
vt 0.375000 0.833333
vt 0.375000 0.861111
vt 0.375000 0.888889
vt 0.375000 0.916667
vt 0.375000 0.944444
vt 0.375000 0.972222
vt 0.375000 1.000000
vt 0.375000 1.000000
vt 0.375000 0.972222
vt 0.375000 0.944444
vt 0.375000 0.916667
vt 0.375000 0.888889
vt 0.375000 0.861111
vt 0.375000 0.833333
vt 0.375000 0.805556
vt 0.375000 0.777778
vt 0.375000 0.750000
vt 0.912727 0.158398
vt 0.911934 0.158398
vt 0.911142 0.158398
vt 0.910349 0.158398
vt 0.909556 0.158398
vt 0.908764 0.158398
vt 0.907971 0.158398
vt 0.907178 0.158398
vt 0.906386 0.158398
vt 0.905593 0.158398
vt 0.905593 0.155209
vt 0.906386 0.155209
vt 0.907178 0.155209
vt 0.907971 0.155209
vt 0.908764 0.155209
vt 0.909556 0.155209
vt 0.910349 0.155209
vt 0.911142 0.155209
vt 0.911934 0.155209
vt 0.912727 0.155209
vt 0.905593 0.148153
vt 0.906386 0.148153
vt 0.907178 0.148153
vt 0.907971 0.148153
vt 0.908764 0.148153
vt 0.909556 0.148153
vt 0.910349 0.148153
vt 0.911142 0.148153
vt 0.911934 0.148153
vt 0.912727 0.148153
vt 0.912453 0.843161
vt 0.912178 0.843161
vt 0.911904 0.843161
vt 0.911630 0.843161
vt 0.911355 0.843161
vt 0.911081 0.843161
vt 0.910806 0.843161
vt 0.910532 0.843161
vt 0.910258 0.843161
vt 0.909983 0.843161
vt 0.909709 0.843161
vt 0.909434 0.843161
vt 0.909160 0.843161
vt 0.908886 0.843161
vt 0.908611 0.843161
vt 0.908337 0.843161
vt 0.908062 0.843161
vt 0.907788 0.843161
vt 0.907514 0.843161
vt 0.907239 0.843161
vt 0.906965 0.843161
vt 0.906691 0.843161
vt 0.906416 0.843161
vt 0.906142 0.843161
vt 0.905867 0.843161
vt 0.905593 0.843161
vt 0.905593 0.818346
vt 0.905867 0.818346
vt 0.906142 0.818346
vt 0.906416 0.818346
vt 0.906691 0.818346
vt 0.906965 0.818346
vt 0.907239 0.818346
vt 0.907514 0.818346
vt 0.907788 0.818346
vt 0.908062 0.818346
vt 0.908337 0.818346
vt 0.908611 0.818346
vt 0.908886 0.818346
vt 0.909160 0.818346
vt 0.909434 0.818346
vt 0.909709 0.818346
vt 0.909983 0.818346
vt 0.910258 0.818346
vt 0.910532 0.818346
vt 0.910806 0.818346
vt 0.911081 0.818346
vt 0.911355 0.818346
vt 0.911630 0.818346
vt 0.911904 0.818346
vt 0.912178 0.818346
vt 0.912453 0.818346
vt 0.912727 0.818346
vt 0.912727 0.843161
vt 0.856138 0.830778
vt 0.856415 0.830778
vt 0.856692 0.830778
vt 0.856692 0.855798
vt 0.856415 0.855798
vt 0.856138 0.855798
vt 0.855861 0.855798
vt 0.855585 0.855798
vt 0.855308 0.855798
vt 0.855031 0.855798
vt 0.854755 0.855798
vt 0.854478 0.855798
vt 0.854201 0.855798
vt 0.853925 0.855798
vt 0.853648 0.855798
vt 0.853372 0.855798
vt 0.853095 0.855798
vt 0.852818 0.855798
vt 0.852541 0.855798
vt 0.852265 0.855798
vt 0.851989 0.855798
vt 0.851712 0.855798
vt 0.851435 0.855798
vt 0.851158 0.855798
vt 0.850882 0.855798
vt 0.850605 0.855798
vt 0.850328 0.855798
vt 0.850052 0.855798
vt 0.849775 0.855798
vt 0.849498 0.855798
vt 0.849498 0.830778
vt 0.849775 0.830778
vt 0.850052 0.830778
vt 0.850328 0.830778
vt 0.850605 0.830778
vt 0.850882 0.830778
vt 0.851158 0.830778
vt 0.851435 0.830778
vt 0.851712 0.830778
vt 0.851989 0.830778
vt 0.852265 0.830778
vt 0.852541 0.830778
vt 0.852818 0.830778
vt 0.853095 0.830778
vt 0.853372 0.830778
vt 0.853648 0.830778
vt 0.853925 0.830778
vt 0.854201 0.830778
vt 0.854478 0.830778
vt 0.854755 0.830778
vt 0.855031 0.830778
vt 0.855308 0.830778
vt 0.855585 0.830778
vt 0.855861 0.830778
vt 0.856138 0.882868
vt 0.856415 0.882868
vt 0.856692 0.882868
vt 0.856692 0.909840
vt 0.856415 0.909840
vt 0.856138 0.909840
vt 0.855861 0.909840
vt 0.855585 0.909840
vt 0.855308 0.909840
vt 0.855031 0.909840
vt 0.854755 0.909840
vt 0.854478 0.909840
vt 0.854201 0.909840
vt 0.853925 0.909840
vt 0.853648 0.909840
vt 0.853372 0.909840
vt 0.853095 0.909840
vt 0.852818 0.909840
vt 0.852541 0.909840
vt 0.852265 0.909840
vt 0.851989 0.909840
vt 0.851712 0.909840
vt 0.851435 0.909840
vt 0.851158 0.909840
vt 0.850882 0.909840
vt 0.850605 0.909840
vt 0.850328 0.909840
vt 0.850052 0.909840
vt 0.849775 0.909840
vt 0.849498 0.909840
vt 0.849498 0.882868
vt 0.849775 0.882868
vt 0.850052 0.882868
vt 0.850328 0.882868
vt 0.850605 0.882868
vt 0.850882 0.882868
vt 0.851158 0.882868
vt 0.851435 0.882868
vt 0.851712 0.882868
vt 0.851989 0.882868
vt 0.852265 0.882868
vt 0.852541 0.882868
vt 0.852818 0.882868
vt 0.853095 0.882868
vt 0.853372 0.882868
vt 0.853648 0.882868
vt 0.853925 0.882868
vt 0.854201 0.882868
vt 0.854478 0.882868
vt 0.854755 0.882868
vt 0.855031 0.882868
vt 0.855308 0.882868
vt 0.855585 0.882868
vt 0.855861 0.882868
vt 0.856138 0.934561
vt 0.856415 0.934561
vt 0.856692 0.934561
vt 0.856692 0.954882
vt 0.856415 0.954882
vt 0.856138 0.954882
vt 0.855861 0.954882
vt 0.855585 0.954882
vt 0.855308 0.954882
vt 0.855031 0.954882
vt 0.854755 0.954882
vt 0.854478 0.954882
vt 0.854201 0.954882
vt 0.853925 0.954882
vt 0.853648 0.954882
vt 0.853372 0.954882
vt 0.853095 0.954882
vt 0.852818 0.954882
vt 0.852541 0.954882
vt 0.852265 0.954882
vt 0.851989 0.954882
vt 0.851712 0.954882
vt 0.851435 0.954882
vt 0.851158 0.954882
vt 0.850882 0.954882
vt 0.850605 0.954882
vt 0.850328 0.954882
vt 0.850052 0.954882
vt 0.849775 0.954882
vt 0.849498 0.954882
vt 0.849498 0.934561
vt 0.849775 0.934561
vt 0.850052 0.934561
vt 0.850328 0.934561
vt 0.850605 0.934561
vt 0.850882 0.934561
vt 0.851158 0.934561
vt 0.851435 0.934561
vt 0.851712 0.934561
vt 0.851989 0.934561
vt 0.852265 0.934561
vt 0.852541 0.934561
vt 0.852818 0.934561
vt 0.853095 0.934561
vt 0.853372 0.934561
vt 0.853648 0.934561
vt 0.853925 0.934561
vt 0.854201 0.934561
vt 0.854478 0.934561
vt 0.854755 0.934561
vt 0.855031 0.934561
vt 0.855308 0.934561
vt 0.855585 0.934561
vt 0.855861 0.934561
vt 0.856138 0.968652
vt 0.856415 0.968652
vt 0.856692 0.968652
vt 0.856692 0.973720
vt 0.856415 0.973720
vt 0.856138 0.973720
vt 0.855861 0.973720
vt 0.855585 0.973720
vt 0.855308 0.973720
vt 0.855031 0.973720
vt 0.854755 0.973720
vt 0.854478 0.973720
vt 0.854201 0.973720
vt 0.853925 0.973720
vt 0.853648 0.973720
vt 0.853372 0.973720
vt 0.853095 0.973720
vt 0.852818 0.973720
vt 0.852541 0.973720
vt 0.852265 0.973720
vt 0.851989 0.973720
vt 0.851712 0.973720
vt 0.851435 0.973720
vt 0.851158 0.973720
vt 0.850882 0.973720
vt 0.850605 0.973720
vt 0.850328 0.973720
vt 0.850052 0.973720
vt 0.849775 0.973720
vt 0.849498 0.973720
vt 0.849498 0.968652
vt 0.849775 0.968652
vt 0.850052 0.968652
vt 0.850328 0.968652
vt 0.850605 0.968652
vt 0.850882 0.968652
vt 0.851158 0.968652
vt 0.851435 0.968652
vt 0.851712 0.968652
vt 0.851989 0.968652
vt 0.852265 0.968652
vt 0.852541 0.968652
vt 0.852818 0.968652
vt 0.853095 0.968652
vt 0.853372 0.968652
vt 0.853648 0.968652
vt 0.853925 0.968652
vt 0.854201 0.968652
vt 0.854478 0.968652
vt 0.854755 0.968652
vt 0.855031 0.968652
vt 0.855308 0.968652
vt 0.855585 0.968652
vt 0.855861 0.968652
vt 0.906142 0.955093
vt 0.905867 0.955093
vt 0.905593 0.955093
vt 0.905593 0.941436
vt 0.905867 0.941436
vt 0.906142 0.941436
vt 0.906416 0.941436
vt 0.906691 0.941436
vt 0.906965 0.941436
vt 0.907239 0.941436
vt 0.907514 0.941436
vt 0.907788 0.941436
vt 0.908062 0.941436
vt 0.908337 0.941436
vt 0.908611 0.941436
vt 0.908886 0.941436
vt 0.909160 0.941436
vt 0.909434 0.941436
vt 0.909709 0.941436
vt 0.909983 0.941436
vt 0.910258 0.941436
vt 0.910532 0.941436
vt 0.910806 0.941436
vt 0.911081 0.941436
vt 0.911355 0.941436
vt 0.911630 0.941436
vt 0.911904 0.941436
vt 0.912178 0.941436
vt 0.912453 0.941436
vt 0.912727 0.941436
vt 0.912727 0.955093
vt 0.912453 0.955093
vt 0.912178 0.955093
vt 0.911904 0.955093
vt 0.911630 0.955093
vt 0.911355 0.955093
vt 0.911081 0.955093
vt 0.910806 0.955093
vt 0.910532 0.955093
vt 0.910258 0.955093
vt 0.909983 0.955093
vt 0.909709 0.955093
vt 0.909434 0.955093
vt 0.909160 0.955093
vt 0.908886 0.955093
vt 0.908611 0.955093
vt 0.908337 0.955093
vt 0.908062 0.955093
vt 0.907788 0.955093
vt 0.907514 0.955093
vt 0.907239 0.955093
vt 0.906965 0.955093
vt 0.906691 0.955093
vt 0.906416 0.955093
vt 0.906142 0.921281
vt 0.905867 0.921281
vt 0.905593 0.921281
vt 0.905593 0.896762
vt 0.905867 0.896762
vt 0.906142 0.896762
vt 0.906416 0.896762
vt 0.906691 0.896762
vt 0.906965 0.896762
vt 0.907239 0.896762
vt 0.907514 0.896762
vt 0.907788 0.896762
vt 0.908062 0.896762
vt 0.908337 0.896762
vt 0.908611 0.896762
vt 0.908886 0.896762
vt 0.909160 0.896762
vt 0.909434 0.896762
vt 0.909709 0.896762
vt 0.909983 0.896762
vt 0.910258 0.896762
vt 0.910532 0.896762
vt 0.910806 0.896762
vt 0.911081 0.896762
vt 0.911355 0.896762
vt 0.911630 0.896762
vt 0.911904 0.896762
vt 0.912178 0.896762
vt 0.912453 0.896762
vt 0.912727 0.896762
vt 0.912727 0.921281
vt 0.912453 0.921281
vt 0.912178 0.921281
vt 0.911904 0.921281
vt 0.911630 0.921281
vt 0.911355 0.921281
vt 0.911081 0.921281
vt 0.910806 0.921281
vt 0.910532 0.921281
vt 0.910258 0.921281
vt 0.909983 0.921281
vt 0.909709 0.921281
vt 0.909434 0.921281
vt 0.909160 0.921281
vt 0.908886 0.921281
vt 0.908611 0.921281
vt 0.908337 0.921281
vt 0.908062 0.921281
vt 0.907788 0.921281
vt 0.907514 0.921281
vt 0.907239 0.921281
vt 0.906965 0.921281
vt 0.906691 0.921281
vt 0.906416 0.921281
vt 0.905593 0.797698
vt 0.905867 0.797698
vt 0.906142 0.797698
vt 0.906416 0.797698
vt 0.906691 0.797698
vt 0.906965 0.797698
vt 0.907239 0.797698
vt 0.907514 0.797698
vt 0.907788 0.797698
vt 0.908062 0.797698
vt 0.908337 0.797698
vt 0.908611 0.797698
vt 0.908886 0.797698
vt 0.909160 0.797698
vt 0.909434 0.797698
vt 0.909709 0.797698
vt 0.909983 0.797698
vt 0.910258 0.797698
vt 0.910532 0.797698
vt 0.910806 0.797698
vt 0.911081 0.797698
vt 0.911355 0.797698
vt 0.911630 0.797698
vt 0.911904 0.797698
vt 0.912178 0.797698
vt 0.912453 0.797698
vt 0.912727 0.797698
vt 0.852818 0.791932
vt 0.853095 0.791932
vt 0.853372 0.791932
vt 0.853648 0.791932
vt 0.853925 0.791932
vt 0.854201 0.791932
vt 0.854478 0.791932
vt 0.854755 0.791932
vt 0.855031 0.791932
vt 0.855308 0.791932
vt 0.855585 0.791932
vt 0.855861 0.791932
vt 0.856138 0.791932
vt 0.856415 0.791932
vt 0.856692 0.791932
vt 0.856692 0.791932
vt 0.856692 0.795493
vt 0.856692 0.795493
vt 0.856415 0.795493
vt 0.856138 0.795493
vt 0.855861 0.795493
vt 0.855585 0.795493
vt 0.855308 0.795493
vt 0.855031 0.795493
vt 0.854755 0.795493
vt 0.854478 0.795493
vt 0.854201 0.795493
vt 0.853925 0.795493
vt 0.853648 0.795493
vt 0.853372 0.795493
vt 0.853095 0.795493
vt 0.852818 0.795493
vt 0.852541 0.795493
vt 0.852265 0.795493
vt 0.851989 0.795493
vt 0.851712 0.795493
vt 0.851435 0.795493
vt 0.851158 0.795493
vt 0.850882 0.795493
vt 0.850605 0.795493
vt 0.850328 0.795493
vt 0.850052 0.795493
vt 0.849775 0.795493
vt 0.849498 0.795493
vt 0.849498 0.795493
vt 0.849498 0.791932
vt 0.849498 0.791932
vt 0.849775 0.791932
vt 0.850052 0.791932
vt 0.850328 0.791932
vt 0.850605 0.791932
vt 0.850882 0.791932
vt 0.851158 0.791932
vt 0.851435 0.791932
vt 0.851712 0.791932
vt 0.851989 0.791932
vt 0.852265 0.791932
vt 0.852541 0.791932
vt 0.855769 0.730769
vt 0.865385 0.730769
vt 0.875000 0.730769
vt 0.875000 0.750000
vt 0.855769 0.750000
vt 0.836538 0.750000
vt 0.817308 0.750000
vt 0.798077 0.750000
vt 0.778846 0.750000
vt 0.759615 0.750000
vt 0.740385 0.750000
vt 0.721154 0.750000
vt 0.701923 0.750000
vt 0.682692 0.750000
vt 0.663462 0.750000
vt 0.644231 0.750000
vt 0.625000 0.750000
vt 0.625000 0.730769
vt 0.634615 0.730769
vt 0.644231 0.730769
vt 0.653846 0.730769
vt 0.663462 0.730769
vt 0.673077 0.730769
vt 0.682692 0.730769
vt 0.692308 0.730769
vt 0.701923 0.730769
vt 0.711538 0.730769
vt 0.721154 0.730769
vt 0.730769 0.730769
vt 0.740385 0.730769
vt 0.750000 0.730769
vt 0.759615 0.730769
vt 0.769231 0.730769
vt 0.778846 0.730769
vt 0.788462 0.730769
vt 0.798077 0.730769
vt 0.807692 0.730769
vt 0.817308 0.730769
vt 0.826923 0.730769
vt 0.836538 0.730769
vt 0.846154 0.730769
vt 0.625000 0.730769
vt 0.625000 0.721154
vt 0.634615 0.721154
vt 0.644231 0.721154
vt 0.653846 0.721154
vt 0.663462 0.721154
vt 0.673077 0.721154
vt 0.682692 0.721154
vt 0.692308 0.721154
vt 0.701923 0.721154
vt 0.711538 0.721154
vt 0.721154 0.721154
vt 0.730769 0.721154
vt 0.740385 0.721154
vt 0.750000 0.721154
vt 0.759615 0.721154
vt 0.769231 0.721154
vt 0.778846 0.721154
vt 0.788462 0.721154
vt 0.798077 0.721154
vt 0.807692 0.721154
vt 0.817308 0.721154
vt 0.826923 0.721154
vt 0.836538 0.721154
vt 0.846154 0.721154
vt 0.855769 0.721154
vt 0.865385 0.721154
vt 0.875000 0.721154
vt 0.875000 0.730769
vt 0.906142 0.870011
vt 0.905867 0.870011
vt 0.905593 0.870011
vt 0.912727 0.870011
vt 0.912453 0.870011
vt 0.912178 0.870011
vt 0.911904 0.870011
vt 0.911630 0.870011
vt 0.911355 0.870011
vt 0.911081 0.870011
vt 0.910806 0.870011
vt 0.910532 0.870011
vt 0.910258 0.870011
vt 0.909983 0.870011
vt 0.909709 0.870011
vt 0.909434 0.870011
vt 0.909160 0.870011
vt 0.908886 0.870011
vt 0.908611 0.870011
vt 0.908337 0.870011
vt 0.908062 0.870011
vt 0.907788 0.870011
vt 0.907514 0.870011
vt 0.907239 0.870011
vt 0.906965 0.870011
vt 0.906691 0.870011
vt 0.906416 0.870011
vt 0.912453 0.960119
vt 0.912178 0.960119
vt 0.911904 0.960119
vt 0.911630 0.960119
vt 0.911355 0.960119
vt 0.911081 0.960119
vt 0.910806 0.960119
vt 0.910532 0.960119
vt 0.910258 0.960119
vt 0.909983 0.960119
vt 0.909709 0.960119
vt 0.909434 0.960119
vt 0.909160 0.960119
vt 0.908886 0.960119
vt 0.908611 0.960119
vt 0.908337 0.960119
vt 0.908062 0.960119
vt 0.907788 0.960119
vt 0.907514 0.960119
vt 0.907239 0.960119
vt 0.906965 0.960119
vt 0.906691 0.960119
vt 0.906416 0.960119
vt 0.906142 0.960119
vt 0.905867 0.960119
vt 0.905593 0.960119
vt 0.912727 0.960119
vt 0.000000 0.000000
vt 0.000000 0.000000
vt 0.000000 0.000000
vt 0.000000 0.000000
vt 0.000000 0.000000
vt 0.000000 0.000000
vt 0.000000 0.000000
vt 0.000000 0.000000
vt 0.000000 0.000000
vt 0.000000 0.000000
vt 0.000000 0.000000
vt 0.000000 0.000000
vt 0.000000 0.000000
vt 0.000000 0.000000
vt 0.000000 0.000000
vt 0.000000 0.000000
vt 0.000000 0.000000
vt 0.000000 0.000000
vt 0.000000 0.000000
vt 0.000000 0.000000
vt 0.000000 0.000000
vt 0.000000 0.000000
vt 0.000000 0.000000
vt 0.000000 0.000000
vt 0.000000 0.000000
vt 0.000000 0.000000
vt 0.000000 0.000000
vt 0.906142 0.783350
vt 0.905867 0.783350
vt 0.905593 0.783350
vt 0.905593 0.777435
vt 0.905867 0.777435
vt 0.906142 0.777435
vt 0.906416 0.777435
vt 0.906691 0.777435
vt 0.906965 0.777435
vt 0.907239 0.777435
vt 0.907514 0.777435
vt 0.907788 0.777435
vt 0.908062 0.777435
vt 0.908337 0.777435
vt 0.908611 0.777435
vt 0.908886 0.777435
vt 0.909160 0.777435
vt 0.909434 0.777435
vt 0.909709 0.777435
vt 0.909983 0.777435
vt 0.910258 0.777435
vt 0.910532 0.777435
vt 0.910806 0.777435
vt 0.911081 0.777435
vt 0.911355 0.777435
vt 0.911630 0.777435
vt 0.911904 0.777435
vt 0.912178 0.777435
vt 0.912453 0.777435
vt 0.912727 0.777435
vt 0.912727 0.783350
vt 0.912453 0.783350
vt 0.912178 0.783350
vt 0.911904 0.783350
vt 0.911630 0.783350
vt 0.911355 0.783350
vt 0.911081 0.783350
vt 0.910806 0.783350
vt 0.910532 0.783350
vt 0.910258 0.783350
vt 0.909983 0.783350
vt 0.909709 0.783350
vt 0.909434 0.783350
vt 0.909160 0.783350
vt 0.908886 0.783350
vt 0.908611 0.783350
vt 0.908337 0.783350
vt 0.908062 0.783350
vt 0.907788 0.783350
vt 0.907514 0.783350
vt 0.907239 0.783350
vt 0.906965 0.783350
vt 0.906691 0.783350
vt 0.906416 0.783350
vt 0.849775 0.809959
vt 0.850052 0.809959
vt 0.850328 0.809959
vt 0.850605 0.809959
vt 0.850882 0.809959
vt 0.851158 0.809959
vt 0.851435 0.809959
vt 0.851712 0.809959
vt 0.851989 0.809959
vt 0.852265 0.809959
vt 0.852541 0.809959
vt 0.852818 0.809959
vt 0.853095 0.809959
vt 0.853372 0.809959
vt 0.853648 0.809959
vt 0.853925 0.809959
vt 0.854201 0.809959
vt 0.854478 0.809959
vt 0.854755 0.809959
vt 0.855031 0.809959
vt 0.855308 0.809959
vt 0.855585 0.809959
vt 0.855861 0.809959
vt 0.856138 0.809959
vt 0.856415 0.809959
vt 0.856692 0.809959
vt 0.849498 0.809959
vt 0.375000 0.750000
vt 0.375000 0.777778
vt 0.375000 0.805556
vt 0.375000 0.833333
vt 0.375000 0.861111
vt 0.375000 0.888889
vt 0.375000 0.916667
vt 0.375000 0.944444
vt 0.375000 0.972222
vt 0.375000 1.000000
vt 0.375000 0.250000
vt 0.375000 0.272727
vt 0.375000 0.295455
vt 0.375000 0.318182
vt 0.375000 0.340909
vt 0.375000 0.363636
vt 0.375000 0.386364
vt 0.375000 0.409091
vt 0.375000 0.431818
vt 0.375000 0.454545
vt 0.375000 0.477273
vt 0.375000 0.500000
vt 0.856138 0.795493
vt 0.856415 0.795493
vt 0.856692 0.795493
vt 0.849498 0.795493
vt 0.849775 0.795493
vt 0.850052 0.795493
vt 0.850328 0.795493
vt 0.850605 0.795493
vt 0.850882 0.795493
vt 0.851158 0.795493
vt 0.851435 0.795493
vt 0.851712 0.795493
vt 0.851989 0.795493
vt 0.852265 0.795493
vt 0.852541 0.795493
vt 0.852818 0.795493
vt 0.853095 0.795493
vt 0.853372 0.795493
vt 0.853648 0.795493
vt 0.853925 0.795493
vt 0.854201 0.795493
vt 0.854478 0.795493
vt 0.854755 0.795493
vt 0.855031 0.795493
vt 0.855308 0.795493
vt 0.855585 0.795493
vt 0.855861 0.795493
vt 0.865385 0.519231
vt 0.000000 0.000000
vt 0.000000 0.000000
vt 0.000000 0.000000
vt 0.875000 0.519231
vt 0.865385 0.519231
vt 0.855769 0.519231
vt 0.846154 0.519231
vt 0.836538 0.519231
vt 0.826923 0.519231
vt 0.817308 0.519231
vt 0.807692 0.519231
vt 0.798077 0.519231
vt 0.788462 0.519231
vt 0.778846 0.519231
vt 0.769231 0.519231
vt 0.759615 0.519231
vt 0.750000 0.519231
vt 0.740385 0.519231
vt 0.730769 0.519231
vt 0.721154 0.519231
vt 0.711538 0.519231
vt 0.701923 0.519231
vt 0.692308 0.519231
vt 0.682692 0.519231
vt 0.673077 0.519231
vt 0.663462 0.519231
vt 0.653846 0.519231
vt 0.644231 0.519231
vt 0.634615 0.519231
vt 0.000000 0.000000
vt 0.000000 0.000000
vt 0.000000 0.000000
vt 0.625000 0.519231
vt 0.634615 0.519231
vt 0.644231 0.519231
vt 0.653846 0.519231
vt 0.663462 0.519231
vt 0.673077 0.519231
vt 0.682692 0.519231
vt 0.692308 0.519231
vt 0.701923 0.519231
vt 0.711538 0.519231
vt 0.721154 0.519231
vt 0.730769 0.519231
vt 0.740385 0.519231
vt 0.750000 0.519231
vt 0.759615 0.519231
vt 0.769231 0.519231
vt 0.778846 0.519231
vt 0.788462 0.519231
vt 0.798077 0.519231
vt 0.807692 0.519231
vt 0.817308 0.519231
vt 0.826923 0.519231
vt 0.836538 0.519231
vt 0.846154 0.519231
vt 0.855769 0.519231
vt 0.625000 0.500000
vt 0.644231 0.500000
vt 0.663462 0.500000
vt 0.682692 0.500000
vt 0.701923 0.500000
vt 0.721154 0.500000
vt 0.740385 0.500000
vt 0.759615 0.500000
vt 0.778846 0.500000
vt 0.798077 0.500000
vt 0.817308 0.500000
vt 0.836538 0.500000
vt 0.855769 0.500000
vt 0.875000 0.500000
vt 0.875000 0.519231
vt 0.905593 0.110371
vt 0.906386 0.110371
vt 0.907178 0.110371
vt 0.907971 0.110371
vt 0.908764 0.110371
vt 0.909556 0.110371
vt 0.910349 0.110371
vt 0.911142 0.110371
vt 0.911934 0.110371
vt 0.912727 0.110371
vt 0.849498 0.163049
vt 0.850152 0.163049
vt 0.850806 0.163049
vt 0.851460 0.163049
vt 0.852114 0.163049
vt 0.852768 0.163049
vt 0.853422 0.163049
vt 0.854076 0.163049
vt 0.854729 0.163049
vt 0.855383 0.163049
vt 0.856037 0.163049
vt 0.856692 0.163049
vt 0.170699 0.762389
vt 0.105068 0.762389
vt 0.105068 0.573475
vt 0.099343 0.559277
vt 0.097890 0.374717
vt 0.091190 0.359506
vt 0.091190 0.359506
vt 0.089781 0.182044
vt 0.099636 0.152636
vt 0.099636 0.152636
vt 0.099636 0.152636
vt 0.188565 0.152636
vt 0.188565 0.141481
vt 0.189634 0.134145
vt 0.194895 0.128165
vt 0.199004 0.126538
vt 0.202970 0.125618
vt 0.207168 0.124529
vt 0.211852 0.124027
vt 0.216837 0.120738
vt 0.221407 0.113462
vt 0.225823 0.106836
vt 0.230160 0.099817
vt 0.234785 0.089238
vt 0.239848 0.074497
vt 0.275288 0.073486
vt 0.279029 0.083953
vt 0.281824 0.091331
vt 0.284713 0.099515
vt 0.288211 0.105924
vt 0.292203 0.110654
vt 0.296470 0.114110
vt 0.300771 0.116822
vt 0.305110 0.118934
vt 0.309607 0.120331
vt 0.314125 0.121633
vt 0.318527 0.122057
vt 0.324230 0.129663
vt 0.325945 0.134145
vt 0.325945 0.141481
vt 0.325945 0.152636
vt 0.423235 0.152636
vt 0.423235 0.152636
vt 0.423235 0.152636
vt 0.433091 0.182044
vt 0.431681 0.359506
vt 0.431681 0.359506
vt 0.424980 0.374717
vt 0.423528 0.559277
vt 0.417803 0.573475
vt 0.417803 0.766598
vt 0.352583 0.763592
vt 0.352583 0.763592
vt 0.348302 0.764894
vt 0.348302 0.764894
vt 0.340813 0.768536
vt 0.340813 0.768536
vt 0.340813 0.768536
vt 0.327108 0.783333
vt 0.317521 0.804628
vt 0.311435 0.830219
vt 0.306993 0.857909
vt 0.301808 0.885497
vt 0.294898 0.910784
vt 0.284782 0.931570
vt 0.272832 0.945654
vt 0.261436 0.950838
vt 0.247841 0.945654
vt 0.235183 0.931570
vt 0.226306 0.910784
vt 0.218846 0.885497
vt 0.213311 0.857909
vt 0.209964 0.830219
vt 0.204083 0.804628
vt 0.194886 0.783333
vt 0.184029 0.768536
vt 0.176020 0.762437
vt 0.170699 0.762389
vt 0.913637 0.757850
vt 0.852623 0.757850
vt 0.852623 0.757850
vt 0.847677 0.757894
vt 0.840231 0.763560
vt 0.830137 0.777307
vt 0.821588 0.797089
vt 0.816121 0.820864
vt 0.813009 0.846588
vt 0.807864 0.872218
vt 0.800929 0.895709
vt 0.792677 0.915019
vt 0.780908 0.928103
vt 0.768270 0.932919
vt 0.757675 0.928103
vt 0.746566 0.915019
vt 0.737161 0.895709
vt 0.730738 0.872218
vt 0.725917 0.846588
vt 0.721789 0.820864
vt 0.716130 0.797089
vt 0.707218 0.777307
vt 0.694477 0.763560
vt 0.694477 0.763560
vt 0.694477 0.763560
vt 0.687515 0.760177
vt 0.687515 0.760177
vt 0.683534 0.758967
vt 0.683534 0.758967
vt 0.622903 0.761759
vt 0.622903 0.582347
vt 0.617580 0.569158
vt 0.616230 0.397701
vt 0.610001 0.383570
vt 0.610001 0.383570
vt 0.608691 0.218707
vt 0.617853 0.191386
vt 0.617853 0.191386
vt 0.617853 0.191386
vt 0.708299 0.191386
vt 0.708299 0.181023
vt 0.708299 0.174209
vt 0.709894 0.170044
vt 0.715195 0.162978
vt 0.719287 0.162584
vt 0.723487 0.161375
vt 0.727668 0.160077
vt 0.731702 0.158115
vt 0.735700 0.155595
vt 0.739667 0.152386
vt 0.743379 0.147991
vt 0.746631 0.142037
vt 0.749316 0.134434
vt 0.751914 0.127580
vt 0.755392 0.117856
vt 0.788339 0.118795
vt 0.793046 0.132490
vt 0.797346 0.142317
vt 0.801377 0.148839
vt 0.805483 0.154993
vt 0.809732 0.161753
vt 0.814365 0.164809
vt 0.818721 0.165275
vt 0.822623 0.166287
vt 0.826310 0.167142
vt 0.830129 0.168653
vt 0.835020 0.174209
vt 0.836014 0.181023
vt 0.836014 0.191386
vt 0.918688 0.191386
vt 0.918688 0.191386
vt 0.918688 0.191386
vt 0.927850 0.218707
vt 0.926540 0.383570
vt 0.926540 0.383570
vt 0.920310 0.397701
vt 0.918960 0.569158
vt 0.913637 0.582347
vt 0.853095 0.110134
vt 0.853095 0.117595
vt 0.849473 0.117595
vt 0.849489 0.110134
vt 0.750000 0.937500
vt 0.734375 1.000000
vt 0.718750 0.937500
vt 0.750000 0.875000
vt 0.718750 0.875000
vt 0.750000 0.812500
vt 0.718750 0.812500
vt 0.750000 0.750000
vt 0.718750 0.750000
vt 0.750000 0.687500
vt 0.718750 0.687500
vt 0.750000 0.625000
vt 0.718750 0.625000
vt 0.853095 0.125710
vt 0.849525 0.125710
vt 0.846092 0.125710
vt 0.845990 0.117595
vt 0.846022 0.110134
vt 0.703125 1.000000
vt 0.687500 0.937500
vt 0.687500 0.875000
vt 0.850540 0.159621
vt 0.851304 0.174446
vt 0.849581 0.174446
vt 0.848083 0.159621
vt 0.849993 0.146371
vt 0.847011 0.146371
vt 0.849675 0.135109
vt 0.846386 0.135109
vt 0.845818 0.159621
vt 0.844263 0.146371
vt 0.843355 0.135109
vt 0.842928 0.125710
vt 0.842780 0.117595
vt 0.842826 0.110134
vt 0.671875 1.000000
vt 0.656250 0.937500
vt 0.851304 0.183956
vt 0.850495 0.183956
vt 0.847994 0.174446
vt 0.839967 0.117595
vt 0.840026 0.110134
vt 0.640625 1.000000
vt 0.625000 0.937500
vt 0.849785 0.183956
vt 0.846603 0.174446
vt 0.843833 0.159621
vt 0.841853 0.146371
vt 0.840699 0.135109
vt 0.840155 0.125710
vt 0.842204 0.159621
vt 0.839877 0.146371
vt 0.838519 0.135109
vt 0.837880 0.125710
vt 0.837658 0.117595
vt 0.837727 0.110134
vt 0.609375 1.000000
vt 0.593750 0.937500
vt 0.849203 0.183956
vt 0.845461 0.174446
vt 0.835942 0.117595
vt 0.836019 0.110134
vt 0.853095 0.186598
vt 0.848771 0.183956
vt 0.844612 0.174446
vt 0.840994 0.159621
vt 0.838407 0.146371
vt 0.836899 0.135109
vt 0.836189 0.125710
vt 0.837503 0.146371
vt 0.835901 0.135109
vt 0.835147 0.125710
vt 0.834886 0.117595
vt 0.834967 0.110134
vt 0.486319 0.424881
vt 0.485026 0.425834
vt 0.485685 0.424881
vt 0.848504 0.183956
vt 0.844090 0.174446
vt 0.840249 0.159621
vt 0.485026 0.424881
vt 0.848414 0.183956
vt 0.843913 0.174446
vt 0.839997 0.159621
vt 0.837197 0.146371
vt 0.835564 0.135109
vt 0.834796 0.125710
vt 0.834529 0.117595
vt 0.834612 0.110134
vt 0.926547 0.128364
vt 0.924928 0.139534
vt 0.924625 0.139534
vt 0.926213 0.128364
vt 0.927310 0.119042
vt 0.926961 0.119042
vt 0.927574 0.110993
vt 0.927220 0.110993
vt 0.927492 0.103593
vt 0.927140 0.103593
vt 0.484367 0.424881
vt 0.918266 0.167379
vt 0.913802 0.176812
vt 0.913713 0.176812
vt 0.918091 0.167379
vt 0.922151 0.152675
vt 0.921901 0.152675
vt 0.913449 0.176812
vt 0.917573 0.167379
vt 0.921162 0.152675
vt 0.923727 0.139534
vt 0.925224 0.128364
vt 0.925928 0.119042
vt 0.926172 0.110993
vt 0.926096 0.103593
vt 0.483733 0.424881
vt 0.923617 0.128364
vt 0.924251 0.119042
vt 0.924471 0.110993
vt 0.924402 0.103593
vt 0.909160 0.179432
vt 0.913020 0.176812
vt 0.916732 0.167379
vt 0.919962 0.152675
vt 0.922270 0.139534
vt 0.915599 0.167379
vt 0.918346 0.152675
vt 0.920310 0.139534
vt 0.921454 0.128364
vt 0.921994 0.119042
vt 0.922181 0.110993
vt 0.922123 0.103593
vt 0.483149 0.424881
vt 0.482637 0.424881
vt 0.912443 0.176812
vt 0.919243 0.119042
vt 0.919390 0.110993
vt 0.919344 0.103593
vt 0.375000 0.937500
vt 0.359375 1.000000
vt 0.343750 0.937500
vt 0.911739 0.176812
vt 0.914219 0.167379
vt 0.916377 0.152675
vt 0.917920 0.139534
vt 0.918820 0.128364
vt 0.912645 0.167379
vt 0.914131 0.152675
vt 0.915194 0.139534
vt 0.915814 0.128364
vt 0.916106 0.119042
vt 0.916207 0.110993
vt 0.916175 0.103593
vt 0.328125 1.000000
vt 0.312500 0.937500
vt 0.910936 0.176812
vt 0.912701 0.119042
vt 0.912753 0.110993
vt 0.912736 0.103593
vt 0.296875 1.000000
vt 0.281250 0.937500
vt 0.312500 0.875000
vt 0.281250 0.875000
vt 0.910936 0.167379
vt 0.911694 0.152675
vt 0.912236 0.139534
vt 0.912552 0.128364
vt 0.281250 0.750000
vt 0.281250 0.812500
vt 0.250000 0.812500
vt 0.250000 0.750000
vt 0.281250 0.687500
vt 0.250000 0.687500
vt 0.281250 0.625000
vt 0.250000 0.625000
vt 0.909160 0.119042
vt 0.909160 0.110993
vt 0.909160 0.103593
vt 0.265625 1.000000
vt 0.250000 0.937500
vt 0.250000 0.875000
vt 0.905568 0.110993
vt 0.905584 0.103593
vt 0.234375 1.000000
vt 0.218750 0.937500
vt 0.218750 0.875000
vt 0.218750 0.812500
vt 0.218750 0.750000
vt 0.218750 0.687500
vt 0.218750 0.625000
vt 0.905619 0.119042
vt 0.906084 0.139534
vt 0.906626 0.152675
vt 0.904189 0.152675
vt 0.903126 0.139534
vt 0.905768 0.128364
vt 0.902506 0.128364
vt 0.902214 0.119042
vt 0.902113 0.110993
vt 0.902145 0.103593
vt 0.203125 1.000000
vt 0.187500 0.937500
vt 0.187500 0.875000
vt 0.907383 0.167379
vt 0.905675 0.167379
vt 0.898930 0.110993
vt 0.898975 0.103593
vt 0.171875 1.000000
vt 0.156250 0.937500
vt 0.907383 0.176812
vt 0.906581 0.176812
vt 0.904101 0.167379
vt 0.901942 0.152675
vt 0.900400 0.139534
vt 0.899500 0.128364
vt 0.899076 0.119042
vt 0.898010 0.139534
vt 0.896865 0.128364
vt 0.896326 0.119042
vt 0.896139 0.110993
vt 0.896197 0.103593
vt 0.140625 1.000000
vt 0.125000 0.937500
vt 0.905877 0.176812
vt 0.902721 0.167379
vt 0.899974 0.152675
vt 0.905300 0.176812
vt 0.901588 0.167379
vt 0.898358 0.152675
vt 0.896049 0.139534
vt 0.894703 0.128364
vt 0.894069 0.119042
vt 0.893849 0.110993
vt 0.893918 0.103593
vt 0.109375 1.000000
vt 0.093750 0.937500
vt 0.893096 0.128364
vt 0.892392 0.119042
vt 0.892147 0.110993
vt 0.892224 0.103593
vt 0.904871 0.176812
vt 0.900747 0.167379
vt 0.897158 0.152675
vt 0.894592 0.139534
vt 0.904607 0.176812
vt 0.900229 0.167379
vt 0.896419 0.152675
vt 0.893695 0.139534
vt 0.892107 0.128364
vt 0.891359 0.119042
vt 0.891100 0.110993
vt 0.891180 0.103593
vt 0.062500 0.937500
vt 0.046875 1.000000
vt 0.031250 0.937500
vt 0.891773 0.128364
vt 0.891010 0.119042
vt 0.890746 0.110993
vt 0.890828 0.103593
vt 0.015625 1.000000
vt 0.000000 0.937500
vt 0.904518 0.176812
vt 0.900054 0.167379
vt 0.896169 0.152675
vt 0.893392 0.139534
vt 0.866193 0.159621
vt 0.862277 0.174446
vt 0.862100 0.174446
vt 0.865941 0.159621
vt 0.868993 0.146371
vt 0.868687 0.146371
vt 0.870626 0.135109
vt 0.870289 0.135109
vt 0.871394 0.125710
vt 0.871043 0.125710
vt 0.871661 0.117595
vt 0.871304 0.117595
vt 0.871578 0.110134
vt 0.871222 0.110134
vt 1.000000 0.937500
vt 0.984375 1.000000
vt 0.968750 0.937500
vt 0.857776 0.183956
vt 0.857686 0.183956
vt 0.870001 0.125710
vt 0.870248 0.117595
vt 0.870171 0.110134
vt 0.953125 1.000000
vt 0.937500 0.937500
vt 0.857419 0.183956
vt 0.861578 0.174446
vt 0.865196 0.159621
vt 0.867783 0.146371
vt 0.869291 0.135109
vt 0.860729 0.174446
vt 0.863986 0.159621
vt 0.866313 0.146371
vt 0.867671 0.135109
vt 0.868310 0.125710
vt 0.868532 0.117595
vt 0.868463 0.110134
vt 0.856987 0.183956
vt 0.866034 0.125710
vt 0.866223 0.117595
vt 0.866164 0.110134
vt 0.906250 0.937500
vt 0.890625 1.000000
vt 0.875000 0.937500
vt 0.856405 0.183956
vt 0.859587 0.174446
vt 0.862357 0.159621
vt 0.864336 0.146371
vt 0.865491 0.135109
vt 0.860372 0.159621
vt 0.861927 0.146371
vt 0.862834 0.135109
vt 0.863261 0.125710
vt 0.863409 0.117595
vt 0.863363 0.110134
vt 0.859375 1.000000
vt 0.843750 0.937500
vt 0.855695 0.183956
vt 0.858196 0.174446
vt 0.860200 0.117595
vt 0.860168 0.110134
vt 0.828125 1.000000
vt 0.812500 0.937500
vt 0.854886 0.183956
vt 0.856608 0.174446
vt 0.858107 0.159621
vt 0.859179 0.146371
vt 0.859804 0.135109
vt 0.860098 0.125710
vt 0.856196 0.146371
vt 0.856515 0.135109
vt 0.856665 0.125710
vt 0.856717 0.117595
vt 0.856701 0.110134
vt 0.796875 1.000000
vt 0.781250 0.937500
vt 0.812500 0.875000
vt 0.781250 0.875000
vt 0.854886 0.174446
vt 0.855650 0.159621
vt 0.765625 1.000000
vt 0.781250 0.812500
vt 0.781250 0.750000
vt 0.781250 0.687500
vt 0.781250 0.625000
vt 0.925454 0.077703
vt 0.923017 0.077703
vt 0.921577 0.070993
vt 0.923761 0.070993
vt 0.860168 0.044896
vt 0.863363 0.044896
vt 0.866164 0.044896
vt 0.926096 0.038889
vt 0.927140 0.038889
vt 0.856701 0.044896
vt 0.901661 0.077703
vt 0.898273 0.077703
vt 0.899404 0.070993
vt 0.902440 0.070993
vt 0.871222 0.044896
vt 0.871578 0.044896
vt 0.891180 0.038889
vt 0.892224 0.038889
vt 0.912736 0.038889
vt 0.916175 0.038889
vt 0.860656 0.084030
vt 0.856950 0.084030
vt 0.856549 0.077266
vt 0.859871 0.077266
vt 0.928380 0.077703
vt 0.927265 0.077703
vt 0.925384 0.070993
vt 0.926383 0.070993
vt 0.920047 0.077703
vt 0.918916 0.070993
vt 0.853095 0.044896
vt 0.916659 0.077703
vt 0.915880 0.070993
vt 0.839124 0.084030
vt 0.836667 0.084030
vt 0.838373 0.077266
vt 0.840575 0.077266
vt 0.846022 0.044896
vt 0.849489 0.044896
vt 0.845534 0.084030
vt 0.842118 0.084030
vt 0.843258 0.077266
vt 0.846319 0.077266
vt 0.834967 0.044896
vt 0.836019 0.044896
vt 0.833716 0.084030
vt 0.833337 0.084030
vt 0.835390 0.077266
vt 0.835729 0.077266
vt 0.909160 0.038889
vt 0.909160 0.077703
vt 0.905337 0.077703
vt 0.905734 0.070993
vt 0.909160 0.070993
vt 0.928757 0.077703
vt 0.926721 0.070993
vt 0.919344 0.038889
vt 0.922123 0.038889
vt 0.853095 0.084030
vt 0.849240 0.084030
vt 0.849641 0.077266
vt 0.853095 0.077266
vt 0.905584 0.038889
vt 0.687500 0.500000
vt 0.656250 0.500000
vt 0.625000 0.500000
vt 0.593750 0.500000
vt 0.562500 0.500000
vt 0.531250 0.500000
vt 0.500000 0.500000
vt 0.468750 0.500000
vt 0.437500 0.500000
vt 0.406250 0.500000
vt 0.375000 0.500000
vt 0.343750 0.500000
vt 0.312500 0.500000
vt 0.281250 0.500000
vt 0.250000 0.500000
vt 0.218750 0.500000
vt 0.187500 0.500000
vt 0.156250 0.500000
vt 0.125000 0.500000
vt 0.093750 0.500000
vt 0.062500 0.500000
vt 0.031250 0.500000
vt 0.000000 0.500000
vt 0.968750 0.500000
vt 0.937500 0.500000
vt 0.906250 0.500000
vt 0.875000 0.500000
vt 0.843750 0.500000
vt 0.812500 0.500000
vt 0.781250 0.500000
vt 0.750000 0.500000
vt 0.718750 0.500000
vt 0.924402 0.038889
vt 0.842826 0.044896
vt 0.834841 0.084030
vt 0.836737 0.077266
vt 0.912983 0.077703
vt 0.912586 0.070993
vt 0.895303 0.077703
vt 0.892866 0.077703
vt 0.894559 0.070993
vt 0.896742 0.070993
vt 0.868463 0.044896
vt 0.870171 0.044896
vt 0.837727 0.044896
vt 0.896197 0.038889
vt 0.898975 0.038889
vt 0.902145 0.038889
vt 0.893918 0.038889
vt 0.864072 0.084030
vt 0.862932 0.077266
vt 0.840026 0.044896
vt 0.869523 0.084030
vt 0.867066 0.084030
vt 0.865615 0.077266
vt 0.867817 0.077266
vt 0.927492 0.038889
vt 0.718750 0.500000
vt 0.687500 0.500000
vt 0.656250 0.500000
vt 0.625000 0.500000
vt 0.593750 0.500000
vt 0.562500 0.500000
vt 0.531250 0.500000
vt 0.500000 0.500000
vt 0.468750 0.500000
vt 0.437500 0.500000
vt 0.406250 0.500000
vt 0.375000 0.500000
vt 0.343750 0.500000
vt 0.312500 0.500000
vt 0.281250 0.500000
vt 0.250000 0.500000
vt 0.218750 0.500000
vt 0.187500 0.500000
vt 0.156250 0.500000
vt 0.125000 0.500000
vt 0.093750 0.500000
vt 0.062500 0.500000
vt 0.031250 0.500000
vt 0.000000 0.500000
vt 0.968750 0.500000
vt 0.937500 0.500000
vt 0.906250 0.500000
vt 0.875000 0.500000
vt 0.843750 0.500000
vt 0.812500 0.500000
vt 0.781250 0.500000
vt 0.750000 0.500000
vt 0.872474 0.084030
vt 0.871349 0.084030
vt 0.869453 0.077266
vt 0.870460 0.077266
vt 0.772339 0.087497
vt 0.768676 0.087497
vt 0.769057 0.081069
vt 0.772339 0.081069
vt 0.834612 0.044896
vt 0.776002 0.087497
vt 0.775621 0.081069
vt 0.890828 0.038889
vt 0.891055 0.077703
vt 0.889940 0.077703
vt 0.891936 0.070993
vt 0.892936 0.070993
vt 0.927265 0.090230
vt 0.925454 0.090230
vt 0.872853 0.096661
vt 0.872474 0.096661
vt 0.872853 0.084030
vt 0.923017 0.090230
vt 0.871349 0.096661
vt 0.920047 0.090230
vt 0.869523 0.096661
vt 0.916659 0.090230
vt 0.867066 0.096661
vt 0.912983 0.090230
vt 0.849240 0.096661
vt 0.845534 0.096661
vt 0.864072 0.096661
vt 0.909160 0.090230
vt 0.842118 0.096661
vt 0.860656 0.096661
vt 0.905337 0.090230
vt 0.839124 0.096661
vt 0.856950 0.096661
vt 0.901661 0.090230
vt 0.836667 0.096661
vt 0.853095 0.096661
vt 0.898273 0.090230
vt 0.834841 0.096661
vt 0.895303 0.090230
vt 0.833716 0.096661
vt 0.892866 0.090230
vt 0.833337 0.096661
vt 0.891055 0.090230
vt 0.928757 0.090230
vt 0.928380 0.090230
vt 0.889940 0.090230
vt 0.889563 0.090230
vt 0.889563 0.077703
vt 0.871176 0.102783
vt 0.870127 0.102783
vt 0.495834 0.395580
vt 0.497064 0.395580
vt 0.497821 0.395580
vt 0.498077 0.395580
vt 0.497821 0.395580
vt 0.497064 0.395580
vt 0.495834 0.395580
vt 0.494179 0.395580
vt 0.492162 0.395580
vt 0.489861 0.395580
vt 0.487365 0.395580
vt 0.484768 0.395580
vt 0.482172 0.395580
vt 0.479675 0.395580
vt 0.477374 0.395580
vt 0.475357 0.395580
vt 0.473702 0.395580
vt 0.472472 0.395580
vt 0.471715 0.395580
vt 0.471459 0.395580
vt 0.471715 0.395580
vt 0.472472 0.395580
vt 0.473702 0.395580
vt 0.475357 0.395580
vt 0.477374 0.395580
vt 0.479675 0.395580
vt 0.482172 0.395580
vt 0.484768 0.395580
vt 0.487364 0.395580
vt 0.489861 0.395580
vt 0.492162 0.395580
vt 0.494179 0.395580
vt 0.922089 0.096302
vt 0.919318 0.096302
vt 0.868423 0.102783
vt 0.916157 0.096302
vt 0.866131 0.102783
vt 0.912727 0.096302
vt 0.849498 0.102783
vt 0.846040 0.102783
vt 0.863337 0.102783
vt 0.909160 0.096302
vt 0.842853 0.102783
vt 0.860150 0.102783
vt 0.905593 0.096302
vt 0.840060 0.102783
vt 0.856692 0.102783
vt 0.902163 0.096302
vt 0.837767 0.102783
vt 0.853095 0.102783
vt 0.899002 0.096302
vt 0.836063 0.102783
vt 0.896231 0.096302
vt 0.835014 0.102783
vt 0.893957 0.096302
vt 0.834660 0.102783
vt 0.892267 0.096302
vt 0.927444 0.096302
vt 0.927093 0.096302
vt 0.891227 0.096302
vt 0.926052 0.096302
vt 0.890876 0.096302
vt 0.924363 0.096302
vt 0.871530 0.102783
vn 0.6273 0.3112 0.7139
vn 0.5774 0.5774 0.5774
vn 0.0000 0.7071 0.7071
vn -0.5774 0.5774 0.5774
vn -0.6273 0.3112 0.7139
vn -0.6273 0.3112 -0.7139
vn 0.6273 0.3112 -0.7139
vn 0.6290 0.3181 -0.7094
vn -0.6290 0.3181 -0.7094
vn -0.5765 0.5828 -0.5728
vn 0.0000 0.7132 -0.7010
vn 0.5765 0.5828 -0.5728
vn 0.6290 0.3181 0.7094
vn -0.6290 0.3181 0.7094
vn -0.6254 0.3348 0.7048
vn 0.6254 0.3348 0.7048
vn 0.0000 0.4196 0.9077
vn 0.6254 0.3348 -0.7048
vn -0.6254 0.3348 -0.7048
vn 0.0000 0.0106 0.9999
vn 0.0000 0.9077 0.4196
vn 0.0000 -0.3469 0.9379
vn 0.0000 0.0000 0.0000
vn 0.6331 -0.2685 -0.7260
vn -0.6331 -0.2685 -0.7260
vn 0.0000 -0.3568 0.9342
vn 0.0000 0.0000 1.0000
vn 0.8140 -0.5426 0.2072
vn -0.8140 -0.5426 0.2072
vn 0.0000 -0.7071 0.7071
vn -0.5774 -0.5774 0.5774
vn 0.5774 -0.5774 0.5774
vn -0.6679 -0.1372 0.7315
vn 0.6679 -0.1372 0.7315
vn 0.5774 -0.5774 -0.5774
vn -0.5774 -0.5774 -0.5774
vn 0.7071 -0.0000 -0.7071
vn -0.7071 0.0000 -0.7071
vn 0.6293 -0.5407 0.5582
vn -0.6293 -0.5407 0.5582
vn -0.6795 -0.7061 0.1992
vn 0.6795 -0.7061 0.1992
vn 0.6294 -0.3012 -0.7164
vn -0.6294 -0.3012 -0.7164
vn -0.7004 -0.7089 0.0833
vn 0.0000 -0.9932 0.1168
vn 0.7004 -0.7089 0.0833
vn 0.6738 -0.6017 -0.4288
vn -0.6738 -0.6017 -0.4288
vn 0.6623 -0.7259 -0.1852
vn 0.0000 -0.9690 -0.2472
vn -0.6623 -0.7259 -0.1852
vn -0.6839 -0.5540 -0.4747
vn 0.0000 -0.7594 -0.6507
vn 0.6839 -0.5540 -0.4747
vn 0.7032 -0.4966 -0.5089
vn 0.0000 -0.6984 -0.7157
vn -0.7032 -0.4966 -0.5089
vn -0.6992 -0.7131 -0.0513
vn 0.0000 -0.9974 -0.0718
vn 0.6992 -0.7131 -0.0513
vn 0.7062 -0.7036 -0.0789
vn 0.0000 -0.9938 -0.1115
vn -0.7062 -0.7036 -0.0789
vn 0.6999 -0.7064 -0.1054
vn 0.0000 -0.9890 -0.1476
vn -0.6999 -0.7064 -0.1054
vn 0.7013 -0.6977 -0.1460
vn 0.0000 -0.9788 -0.2048
vn -0.7013 -0.6977 -0.1460
vn 0.7001 -0.6894 -0.1859
vn 0.0000 -0.9655 -0.2603
vn -0.7001 -0.6894 -0.1859
vn 0.6935 -0.6752 -0.2513
vn 0.0000 -0.9372 -0.3487
vn -0.6935 -0.6752 -0.2513
vn 0.6870 -0.6343 -0.3546
vn 0.0000 -0.8729 -0.4880
vn -0.6870 -0.6343 -0.3546
vn 0.6892 -0.5868 0.4251
vn 0.0000 -0.8098 0.5866
vn -0.6892 -0.5868 0.4251
vn -0.6938 -0.5176 0.5007
vn 0.0000 -0.7188 0.6953
vn 0.6938 -0.5176 0.5007
vn 0.0000 -0.7006 -0.7135
vn 0.7039 -0.4977 -0.5069
vn 0.6274 -0.7174 -0.3026
vn 0.0000 -0.9214 -0.3886
vn -0.6274 -0.7174 -0.3026
vn -0.7039 -0.4977 -0.5069
vn -0.7060 -0.7053 0.0649
vn 0.0000 -0.9958 0.0917
vn 0.7060 -0.7053 0.0649
vn -0.7008 -0.7117 0.0488
vn 0.0000 -0.9977 0.0684
vn 0.7008 -0.7117 0.0488
vn 0.7034 -0.6138 0.3585
vn 0.0000 -0.8635 0.5044
vn -0.7034 -0.6138 0.3585
vn -0.6851 -0.7212 0.1026
vn 0.0000 -0.9900 0.1408
vn 0.6851 -0.7212 0.1026
vn -0.6754 -0.6820 0.2805
vn 0.0000 -0.9248 0.3804
vn 0.6754 -0.6820 0.2805
vn -0.7042 -0.6144 0.3559
vn 0.0000 -0.8653 0.5013
vn 0.7042 -0.6144 0.3559
vn 0.0000 0.4178 0.9085
vn -0.6813 0.3058 0.6650
vn -0.6744 0.4774 0.5633
vn 0.0000 0.6466 0.7628
vn 0.6744 0.4774 0.5633
vn 0.6813 0.3058 0.6650
vn 0.0000 0.6602 -0.7511
vn -0.6738 0.4878 -0.5550
vn -0.6894 0.3377 -0.6408
vn 0.0000 0.4662 -0.8847
vn 0.6894 0.3377 -0.6408
vn 0.6738 0.4878 -0.5550
vn 0.0000 0.4211 -0.9070
vn -0.7004 0.3006 -0.6474
vn -0.6890 0.3773 -0.6188
vn 0.0000 0.5205 -0.8538
vn 0.6890 0.3773 -0.6188
vn 0.7004 0.3006 -0.6474
vn 0.0000 0.6978 -0.7163
vn -0.6765 0.5139 -0.5275
vn -0.6811 0.6295 -0.3739
vn 0.0000 0.8597 -0.5107
vn 0.6811 0.6295 -0.3739
vn 0.6765 0.5139 -0.5275
vn 0.0000 0.9576 -0.2882
vn -0.6804 0.7017 -0.2112
vn -0.6739 0.7388 -0.0099
vn 0.0000 0.9999 -0.0134
vn 0.6739 0.7388 -0.0099
vn 0.6804 0.7017 -0.2112
vn 0.0000 0.9642 0.2653
vn -0.6798 0.7071 0.1946
vn -0.6724 0.6280 0.3917
vn 0.0000 0.8485 0.5292
vn 0.6724 0.6280 0.3917
vn 0.6798 0.7071 0.1946
vn 0.0000 0.6880 0.7257
vn -0.6870 0.4999 0.5273
vn -0.6879 0.3973 0.6074
vn 0.0000 0.5474 0.8369
vn 0.6879 0.3973 0.6074
vn 0.6870 0.4999 0.5273
vn -0.6809 0.6072 0.4096
vn 0.0000 0.8290 0.5592
vn 0.6809 0.6072 0.4096
vn 0.0000 0.9892 -0.1464
vn 0.0000 0.9838 -0.1793
vn -0.7071 0.6956 -0.1268
vn 0.7071 0.6956 -0.1268
vn 0.0000 1.0000 0.0017
vn -0.4472 0.8944 0.0015
vn 0.4472 0.8944 0.0015
vn 0.7071 0.7071 0.0024
vn 0.6776 0.7282 0.1031
vn 0.0000 0.9901 0.1402
vn -0.6776 0.7282 0.1031
vn -0.7071 0.7071 0.0024
vn 0.0000 0.3911 0.9204
vn -0.6875 0.2840 0.6684
vn 0.6875 0.2840 0.6684
vn 0.0000 0.8292 0.5590
vn 0.0000 0.9270 -0.3751
vn -0.7071 0.6555 -0.2652
vn 0.0000 0.9305 0.3664
vn -0.6859 0.6771 0.2666
vn 0.6859 0.6771 0.2666
vn 0.0000 0.8581 -0.5136
vn -0.6740 0.6339 -0.3794
vn 0.6740 0.6339 -0.3794
vn 0.6276 -0.7110 0.3173
vn 0.0000 -0.9132 0.4076
vn -0.6276 -0.7110 0.3173
vn 0.0000 0.9988 -0.0481
vn -0.4480 0.8930 -0.0430
vn -0.7071 0.7026 -0.0801
vn 0.7071 0.7026 -0.0801
vn 0.4480 0.8930 -0.0430
vn 1.0000 -0.0000 0.0000
vn -1.0000 0.0000 0.0000
vn 0.0000 -0.0148 -0.9999
vn -0.0000 0.0287 -0.9996
vn 0.1950 0.0287 -0.9804
vn 0.1951 -0.0148 -0.9807
vn 0.0000 0.8995 -0.4369
vn 0.0000 1.0000 -0.0000
vn 0.0852 0.8995 -0.4285
vn 0.0000 0.6825 -0.7309
vn 0.1426 0.6825 -0.7169
vn 0.0000 0.5327 -0.8463
vn 0.1651 0.5327 -0.8301
vn 0.0000 0.4251 -0.9051
vn 0.1766 0.4251 -0.8877
vn 0.0000 0.2864 -0.9581
vn 0.1869 0.2864 -0.9397
vn -0.0000 0.1499 -0.9887
vn 0.1929 0.1499 -0.9697
vn 0.3784 0.1499 -0.9134
vn 0.3825 0.0287 -0.9235
vn 0.3826 -0.0149 -0.9238
vn 0.1672 0.8995 -0.4037
vn 0.2797 0.6825 -0.6753
vn 0.3239 0.5327 -0.7819
vn 0.3464 0.4251 -0.8362
vn 0.3667 0.2864 -0.8852
vn 0.4702 0.5327 -0.7037
vn 0.5029 0.4251 -0.7526
vn 0.5323 0.2864 -0.7966
vn 0.5493 0.1499 -0.8221
vn 0.5553 0.0287 -0.8311
vn 0.5555 -0.0149 -0.8314
vn 0.2427 0.8995 -0.3633
vn 0.4061 0.6825 -0.6077
vn 0.7068 0.0287 -0.7068
vn 0.7070 -0.0149 -0.7070
vn 0.3089 0.8995 -0.3089
vn 0.5168 0.6825 -0.5168
vn 0.5984 0.5327 -0.5984
vn 0.6400 0.4251 -0.6400
vn 0.6775 0.2864 -0.6775
vn 0.6991 0.1499 -0.6991
vn 0.7037 0.5327 -0.4702
vn 0.7526 0.4251 -0.5029
vn 0.7966 0.2864 -0.5323
vn 0.8221 0.1499 -0.5493
vn 0.8311 0.0287 -0.5553
vn 0.8314 -0.0149 -0.5555
vn 0.3633 0.8995 -0.2427
vn 0.6077 0.6825 -0.4061
vn 0.9235 0.0287 -0.3825
vn 0.9238 -0.0148 -0.3826
vn 0.4036 0.8995 -0.1672
vn 0.6753 0.6825 -0.2797
vn 0.7819 0.5327 -0.3239
vn 0.8362 0.4251 -0.3464
vn 0.8852 0.2864 -0.3666
vn 0.9134 0.1499 -0.3784
vn 0.8877 0.4251 -0.1766
vn 0.9397 0.2864 -0.1869
vn 0.9697 0.1499 -0.1929
vn 0.9804 0.0287 -0.1950
vn 0.9807 -0.0148 -0.1951
vn 0.4285 0.8995 -0.0853
vn 0.7169 0.6825 -0.1426
vn 0.8301 0.5327 -0.1651
vn 0.4369 0.8995 -0.0000
vn 0.7309 0.6825 -0.0000
vn 0.8463 0.5327 0.0000
vn 0.9051 0.4251 0.0000
vn 0.9581 0.2864 0.0000
vn 0.9887 0.1499 0.0000
vn 0.9996 0.0287 0.0000
vn 0.9999 -0.0148 -0.0000
vn 0.8877 0.4251 0.1766
vn 0.9397 0.2864 0.1869
vn 0.9697 0.1499 0.1929
vn 0.9804 0.0287 0.1950
vn 0.9807 -0.0148 0.1951
vn 0.4285 0.8995 0.0853
vn 0.7169 0.6825 0.1426
vn 0.8301 0.5327 0.1651
vn 0.4036 0.8995 0.1672
vn 0.6753 0.6825 0.2797
vn 0.7819 0.5327 0.3239
vn 0.8362 0.4251 0.3464
vn 0.8852 0.2864 0.3666
vn 0.9134 0.1499 0.3784
vn 0.9235 0.0287 0.3825
vn 0.9238 -0.0149 0.3826
vn 0.7966 0.2864 0.5323
vn 0.8221 0.1499 0.5493
vn 0.8311 0.0287 0.5553
vn 0.8314 -0.0149 0.5555
vn 0.3633 0.8995 0.2427
vn 0.6077 0.6825 0.4061
vn 0.7037 0.5327 0.4702
vn 0.7526 0.4251 0.5029
vn 0.5168 0.6825 0.5168
vn 0.5984 0.5327 0.5984
vn 0.6400 0.4251 0.6400
vn 0.6775 0.2864 0.6775
vn 0.6991 0.1499 0.6991
vn 0.7068 0.0287 0.7068
vn 0.7070 -0.0148 0.7070
vn 0.3089 0.8995 0.3089
vn 0.5493 0.1499 0.8221
vn 0.5553 0.0287 0.8311
vn 0.5555 -0.0148 0.8314
vn 0.2427 0.8995 0.3633
vn 0.4061 0.6825 0.6077
vn 0.4702 0.5327 0.7037
vn 0.5029 0.4251 0.7526
vn 0.5323 0.2864 0.7966
vn 0.2797 0.6825 0.6753
vn 0.3239 0.5327 0.7819
vn 0.3464 0.4251 0.8362
vn 0.3666 0.2864 0.8852
vn 0.3784 0.1499 0.9134
vn 0.3825 0.0287 0.9235
vn 0.3826 -0.0148 0.9238
vn 0.1672 0.8995 0.4036
vn 0.1929 0.1499 0.9697
vn 0.1950 0.0287 0.9804
vn 0.1951 -0.0148 0.9807
vn 0.0852 0.8995 0.4285
vn 0.1426 0.6825 0.7168
vn 0.1651 0.5327 0.8301
vn 0.1766 0.4251 0.8877
vn 0.1869 0.2864 0.9397
vn -0.0000 0.5327 0.8463
vn -0.0000 0.4251 0.9051
vn -0.0000 0.2864 0.9581
vn 0.0000 0.1499 0.9887
vn 0.0000 0.0287 0.9996
vn -0.0000 -0.0148 0.9999
vn 0.0000 0.8995 0.4369
vn 0.0000 0.6825 0.7309
vn -0.1950 0.0287 0.9804
vn -0.1951 -0.0148 0.9807
vn -0.0852 0.8995 0.4285
vn -0.1426 0.6825 0.7168
vn -0.1651 0.5327 0.8301
vn -0.1766 0.4251 0.8877
vn -0.1869 0.2864 0.9397
vn -0.1929 0.1499 0.9697
vn -0.3239 0.5327 0.7819
vn -0.3464 0.4251 0.8362
vn -0.3666 0.2864 0.8852
vn -0.3784 0.1499 0.9134
vn -0.3825 0.0287 0.9235
vn -0.3826 -0.0148 0.9238
vn -0.1672 0.8995 0.4037
vn -0.2797 0.6825 0.6753
vn -0.5553 0.0287 0.8311
vn -0.5555 -0.0148 0.8314
vn -0.2427 0.8995 0.3633
vn -0.4061 0.6825 0.6077
vn -0.4702 0.5327 0.7037
vn -0.5029 0.4251 0.7526
vn -0.5323 0.2864 0.7966
vn -0.5493 0.1499 0.8221
vn -0.6400 0.4251 0.6400
vn -0.6775 0.2864 0.6775
vn -0.6991 0.1499 0.6991
vn -0.7068 0.0287 0.7068
vn -0.7070 -0.0149 0.7070
vn -0.3089 0.8995 0.3089
vn -0.5168 0.6825 0.5168
vn -0.5984 0.5327 0.5984
vn -0.3633 0.8995 0.2428
vn -0.6077 0.6825 0.4061
vn -0.7037 0.5327 0.4702
vn -0.7526 0.4251 0.5029
vn -0.7966 0.2864 0.5323
vn -0.8221 0.1499 0.5493
vn -0.8311 0.0287 0.5553
vn -0.8314 -0.0149 0.5555
vn -0.8852 0.2864 0.3666
vn -0.9134 0.1499 0.3784
vn -0.9235 0.0287 0.3825
vn -0.9238 -0.0149 0.3826
vn -0.4036 0.8995 0.1672
vn -0.6753 0.6825 0.2797
vn -0.7819 0.5327 0.3239
vn -0.8362 0.4251 0.3464
vn -0.4285 0.8995 0.0853
vn -0.7169 0.6825 0.1426
vn -0.8301 0.5327 0.1651
vn -0.8877 0.4251 0.1766
vn -0.9397 0.2864 0.1869
vn -0.9697 0.1499 0.1929
vn -0.9804 0.0287 0.1950
vn -0.9807 -0.0148 0.1951
vn -0.9581 0.2864 -0.0000
vn -0.9887 0.1499 -0.0000
vn -0.9996 0.0287 -0.0000
vn -0.9999 -0.0148 0.0000
vn -0.4369 0.8995 -0.0000
vn -0.7309 0.6825 -0.0000
vn -0.8463 0.5327 -0.0000
vn -0.9051 0.4251 -0.0000
vn -0.7169 0.6825 -0.1426
vn -0.8301 0.5327 -0.1651
vn -0.8877 0.4251 -0.1766
vn -0.9397 0.2864 -0.1869
vn -0.9697 0.1499 -0.1929
vn -0.9804 0.0287 -0.1950
vn -0.9807 -0.0148 -0.1951
vn -0.4285 0.8995 -0.0853
vn -0.9134 0.1499 -0.3784
vn -0.9235 0.0287 -0.3825
vn -0.9238 -0.0148 -0.3826
vn -0.4036 0.8995 -0.1672
vn -0.6753 0.6825 -0.2797
vn -0.7819 0.5327 -0.3239
vn -0.8362 0.4251 -0.3464
vn -0.8852 0.2864 -0.3666
vn -0.6077 0.6825 -0.4061
vn -0.7037 0.5327 -0.4702
vn -0.7526 0.4251 -0.5029
vn -0.7966 0.2864 -0.5323
vn -0.8221 0.1499 -0.5493
vn -0.8311 0.0287 -0.5553
vn -0.8314 -0.0149 -0.5555
vn -0.3633 0.8995 -0.2427
vn -0.6991 0.1499 -0.6991
vn -0.7068 0.0287 -0.7068
vn -0.7070 -0.0149 -0.7070
vn -0.3089 0.8995 -0.3089
vn -0.5168 0.6825 -0.5168
vn -0.5984 0.5327 -0.5984
vn -0.6400 0.4251 -0.6400
vn -0.6775 0.2864 -0.6775
vn -0.4702 0.5327 -0.7037
vn -0.5029 0.4251 -0.7526
vn -0.5323 0.2864 -0.7966
vn -0.5493 0.1499 -0.8221
vn -0.5553 0.0287 -0.8311
vn -0.5555 -0.0148 -0.8314
vn -0.2427 0.8995 -0.3633
vn -0.4061 0.6825 -0.6077
vn -0.3825 0.0287 -0.9235
vn -0.3826 -0.0148 -0.9238
vn -0.1672 0.8995 -0.4037
vn -0.2797 0.6825 -0.6753
vn -0.3239 0.5327 -0.7819
vn -0.3464 0.4251 -0.8362
vn -0.3667 0.2864 -0.8852
vn -0.3784 0.1499 -0.9134
vn -0.1766 0.4251 -0.8877
vn -0.1869 0.2864 -0.9397
vn -0.1929 0.1499 -0.9697
vn -0.1950 0.0287 -0.9804
vn -0.1951 -0.0148 -0.9807
vn -0.0852 0.8995 -0.4285
vn -0.1426 0.6825 -0.7169
vn -0.1651 0.5327 -0.8301
vn 0.7857 -0.3273 0.5250
vn 0.6682 -0.3273 0.6682
vn 0.3197 -0.8920 0.3197
vn 0.3759 -0.8920 0.2512
vn -0.2786 -0.6857 -0.6725
vn -0.4044 -0.6857 -0.6052
vn -0.5147 -0.6857 -0.5147
vn 0.6725 -0.6857 0.2785
vn 0.7139 -0.6857 0.1420
vn -0.1420 -0.6857 -0.7139
vn -0.3616 -0.3273 0.8730
vn -0.5250 -0.3273 0.7857
vn -0.2512 -0.8920 0.3759
vn -0.1730 -0.8920 0.4177
vn -0.7139 -0.6857 -0.1420
vn -0.7279 -0.6857 0.0000
vn -0.7139 -0.6857 0.1420
vn -0.6725 -0.6857 0.2786
vn 0.1420 -0.6857 0.7139
vn 0.2785 -0.6857 0.6725
vn -0.3616 -0.3273 -0.8730
vn -0.1844 -0.3273 -0.9268
vn -0.0882 -0.8920 -0.4434
vn -0.1730 -0.8920 -0.4177
vn 0.9268 -0.3273 0.1843
vn 0.8730 -0.3273 0.3616
vn 0.4177 -0.8920 0.1730
vn 0.4434 -0.8920 0.0882
vn 0.5250 -0.3273 0.7857
vn 0.2512 -0.8920 0.3759
vn 0.0000 -0.6857 -0.7279
vn 0.3616 -0.3273 0.8730
vn 0.1730 -0.8920 0.4177
vn 0.6682 -0.3273 -0.6682
vn 0.7857 -0.3273 -0.5250
vn 0.3759 -0.8920 -0.2512
vn 0.3197 -0.8920 -0.3197
vn 0.2786 -0.6857 -0.6725
vn 0.1420 -0.6857 -0.7139
vn 0.3616 -0.3273 -0.8730
vn 0.5250 -0.3273 -0.7857
vn 0.2512 -0.8920 -0.3759
vn 0.1730 -0.8920 -0.4177
vn 0.7139 -0.6857 -0.1420
vn 0.6725 -0.6857 -0.2786
vn 0.9268 -0.3273 -0.1843
vn 0.9449 -0.3273 0.0000
vn 0.4521 -0.8920 0.0000
vn 0.4434 -0.8920 -0.0882
vn 0.0000 -0.6857 0.7279
vn -0.0000 -0.3273 0.9449
vn -0.1844 -0.3273 0.9268
vn -0.0882 -0.8920 0.4434
vn -0.0000 -0.8920 0.4521
vn 0.4044 -0.6857 0.6052
vn 0.5147 -0.6857 0.5147
vn -0.0000 -0.3273 -0.9449
vn 0.1844 -0.3273 -0.9268
vn 0.0882 -0.8920 -0.4434
vn -0.0000 -0.8920 -0.4521
vn -0.1420 -0.6857 0.7139
vn 0.4177 -0.8920 -0.1730
vn 0.0882 -0.8920 0.4434
vn -0.3197 -0.8920 0.3197
vn -0.3759 -0.8920 0.2512
vn -0.4177 -0.8920 0.1730
vn -0.4434 -0.8920 0.0882
vn -0.4521 -0.8920 -0.0000
vn -0.4434 -0.8920 -0.0882
vn -0.4177 -0.8920 -0.1730
vn -0.3759 -0.8920 -0.2512
vn -0.3197 -0.8920 -0.3197
vn -0.2512 -0.8920 -0.3759
vn 0.6052 -0.6857 0.4044
vn 0.4044 -0.6857 -0.6052
vn 0.8730 -0.3273 -0.3616
vn 0.1843 -0.3273 0.9268
vn -0.6682 -0.3273 0.6682
vn -0.7857 -0.3273 0.5250
vn -0.6052 -0.6857 -0.4044
vn -0.6725 -0.6857 -0.2786
vn 0.6052 -0.6857 -0.4044
vn -0.5147 -0.6857 0.5147
vn -0.4044 -0.6857 0.6052
vn -0.2785 -0.6857 0.6725
vn -0.6052 -0.6857 0.4044
vn -0.5250 -0.3273 -0.7857
vn 0.5147 -0.6857 -0.5147
vn -0.7857 -0.3273 -0.5250
vn -0.6682 -0.3273 -0.6682
vn 0.7279 -0.6857 0.0000
vn -0.9268 -0.3273 -0.1843
vn -0.8730 -0.3273 -0.3616
vn -0.9449 -0.3273 -0.0000
vn -0.9268 -0.3273 0.1843
vn -0.8730 -0.3273 0.3616
vn 0.8934 0.2546 0.3701
vn 0.8041 0.2546 0.5373
vn -0.9671 0.2545 -0.0000
vn -0.9485 0.2545 -0.1887
vn 0.6838 0.2546 0.6838
vn -0.8934 0.2546 -0.3701
vn 0.5373 0.2545 0.8041
vn -0.8041 0.2546 -0.5373
vn 0.3701 0.2545 0.8934
vn -0.6838 0.2546 -0.6838
vn 0.1887 0.2546 0.9485
vn 0.1887 0.2546 -0.9485
vn 0.3701 0.2545 -0.8934
vn -0.5373 0.2546 -0.8041
vn -0.0000 0.2546 0.9671
vn 0.5373 0.2545 -0.8041
vn -0.3701 0.2546 -0.8934
vn -0.1887 0.2545 0.9485
vn 0.6838 0.2546 -0.6838
vn -0.1887 0.2546 -0.9485
vn -0.3701 0.2545 0.8934
vn 0.8041 0.2546 -0.5373
vn -0.0000 0.2546 -0.9671
vn -0.5373 0.2546 0.8041
vn 0.8934 0.2546 -0.3701
vn -0.6838 0.2546 0.6838
vn 0.9485 0.2546 -0.1887
vn -0.8041 0.2546 0.5373
vn 0.9671 0.2545 0.0000
vn -0.8934 0.2546 0.3701
vn 0.9485 0.2546 0.1887
vn -0.9485 0.2546 0.1887
vn -0.5130 0.8523 -0.1020
vn -0.4832 0.8523 -0.2001
vn 0.2906 0.8523 -0.4349
vn 0.2001 0.8523 -0.4832
vn 0.1020 0.8523 -0.5130
vn -0.0000 0.8523 -0.5230
vn -0.1020 0.8523 -0.5129
vn -0.2001 0.8523 -0.4832
vn -0.2906 0.8523 -0.4349
vn -0.3698 0.8523 -0.3698
vn -0.4349 0.8523 -0.2906
vn -0.5230 0.8523 -0.0000
vn -0.5130 0.8523 0.1020
vn -0.4832 0.8523 0.2001
vn -0.4349 0.8523 0.2906
vn -0.3698 0.8523 0.3698
vn -0.2906 0.8523 0.4349
vn -0.2001 0.8523 0.4832
vn -0.1020 0.8523 0.5130
vn -0.0000 0.8523 0.5230
vn 0.1020 0.8523 0.5130
vn 0.2002 0.8523 0.4832
vn 0.2906 0.8523 0.4349
vn 0.3698 0.8523 0.3698
vn 0.4349 0.8523 0.2906
vn 0.4832 0.8523 0.2001
vn 0.5130 0.8523 0.1020
vn 0.5230 0.8523 0.0000
vn 0.5130 0.8523 -0.1020
vn 0.4832 0.8523 -0.2001
vn 0.4349 0.8523 -0.2906
vn 0.3698 0.8523 -0.3698
usemtl Material.001
s 1
f 1/1/1 2/2/2 3/3/3 4/4/3 5/5/3 6/6/3 7/7/3 8/8/3 9/9/3 10/10/3 11/11/3 12/12/3 13/13/3 14/14/3 15/15/4 16/16/5
f 17/17/6 18/18/7 19/19/8 20/20/9
f 17/17/6 21/21/10 22/22/11 23/23/11 24/24/11 25/25/11 26/26/11 27/27/11 28/28/11 29/29/11 30/30/11 31/31/11 32/32/11 33/33/11 34/34/12 18/18/7
f 35/35/13 36/36/14 37/37/15 38/38/16
f 1/1/1 16/16/5 36/36/14 35/35/13
f 38/38/16 37/37/15 39/39/17 40/40/17
f 20/20/9 19/19/8 41/41/18 42/42/19
f 40/43/17 39/44/17 43/45/20 44/46/20
f 42/42/19 41/41/18 45/47/21 46/48/21
f 44/49/20 43/50/20 47/51/22 48/52/22
f 46/53/21 45/54/21 49/55/23 50/56/23
f 50/57/23 49/58/23 51/59/24 52/60/25
f 53/61/26 54/62/26 55/63/27 56/64/27
f 52/60/25 51/59/24 57/65/28 58/66/29
f 48/52/22 47/51/22 54/67/26 53/68/26
f 58/69/29 57/70/28 59/71/27 60/72/27
f 61/73/30 62/74/30 63/75/31 64/76/32
f 60/72/27 59/71/27 65/77/30 66/78/30
f 56/64/27 55/63/27 62/74/30 61/73/30
f 64/79/32 63/80/31 67/81/33 68/82/34
f 66/78/30 65/77/30 69/83/35 70/84/36
f 70/85/36 69/86/35 71/87/37 72/88/38
f 73/89/39 74/90/40 75/91/41 76/92/42
f 72/88/38 71/87/37 77/93/43 78/94/44
f 68/82/34 67/81/33 74/90/40 73/89/39
f 76/92/42 75/91/41 79/95/45 80/96/46 81/97/46 82/98/46 83/99/46 84/100/46 85/101/46 86/102/46 87/103/46 88/104/47
f 78/94/44 77/93/43 89/105/48 90/106/49
f 90/106/49 89/105/48 91/107/50 92/108/51 93/109/52
f 94/110/53 95/111/54 96/112/54 97/113/54 98/114/54 99/115/54 100/116/54 101/117/54 102/118/54 103/119/54 104/120/54 105/121/55 106/122/56 107/123/57 108/124/57 109/125/57 110/126/57 111/127/57 112/128/57 113/129/57 114/130/57 115/131/57 116/132/57 117/133/58
f 118/134/59 119/135/60 120/136/60 121/137/60 122/138/60 123/139/60 124/140/60 125/141/60 126/142/60 127/143/60 128/144/60 129/145/61 130/146/62 131/147/63 132/148/63 133/149/63 134/150/63 135/151/63 136/152/63 137/153/63 138/154/63 139/155/63 140/156/63 141/157/64
f 141/158/64 140/159/63 139/160/63 138/161/63 137/162/63 136/163/63 135/164/63 134/165/63 133/166/63 132/167/63 131/168/63 130/169/62 142/170/65 143/171/66 144/172/66 145/173/66 146/174/66 147/175/66 148/176/66 149/177/66 150/178/66 151/179/66 152/180/66 153/181/67
f 153/181/67 152/180/66 151/179/66 150/178/66 149/177/66 148/176/66 147/175/66 146/174/66 145/173/66 144/172/66 143/171/66 142/170/65 154/182/68 155/183/69 156/184/69 157/185/69 158/186/69 159/187/69 160/188/69 161/189/69 162/190/69 163/191/69 164/192/69 165/193/70
f 165/193/70 164/192/69 163/191/69 162/190/69 161/189/69 160/188/69 159/187/69 158/186/69 157/185/69 156/184/69 155/183/69 154/182/68 166/194/71 167/195/72 168/196/72 169/197/72 170/198/72 171/199/72 172/200/72 173/201/72 174/202/72 175/203/72 176/204/72 177/205/73
f 177/205/73 176/204/72 175/203/72 174/202/72 173/201/72 172/200/72 171/199/72 170/198/72 169/197/72 168/196/72 167/195/72 166/194/71 178/206/74 179/207/75 180/208/75 181/209/75 182/210/75 183/211/75 184/212/75 185/213/75 186/214/75 187/215/75 188/216/75 189/217/76
f 189/217/76 188/216/75 187/215/75 186/214/75 185/213/75 184/212/75 183/211/75 182/210/75 181/209/75 180/208/75 179/207/75 178/206/74 190/218/77 191/219/78 192/220/78 193/221/78 194/222/78 195/223/78 196/224/78 197/225/78 198/226/78 199/227/78 200/228/78 201/229/79
f 201/229/79 200/228/78 199/227/78 198/226/78 197/225/78 196/224/78 195/223/78 194/222/78 193/221/78 192/220/78 191/219/78 190/218/77 105/121/55 104/120/54 103/119/54 102/118/54 101/117/54 100/116/54 99/115/54 98/114/54 97/113/54 96/112/54 95/111/54 94/110/53
f 202/230/80 203/231/81 204/232/81 205/233/81 206/234/81 207/235/81 208/236/81 209/237/81 210/238/81 211/239/82 212/240/83 213/241/84 214/242/84 215/243/84 216/244/84 217/245/84 218/246/84 219/247/84 220/248/84 221/249/85
f 222/250/86 223/251/87 224/252/88 225/253/89 226/254/89 227/255/89 228/256/89 229/257/89 230/258/89 231/259/89 232/260/89 233/261/89 234/262/89 235/263/90 236/264/91 237/265/86 238/266/86 239/267/86 240/268/86 241/269/86 242/270/86 243/271/86 244/272/86 245/273/86
f 88/274/47 87/275/46 86/276/46 85/277/46 84/278/46 83/279/46 82/280/46 81/281/46 80/282/46 79/283/45 246/284/92 247/285/93 248/286/93 249/287/93 250/288/93 251/289/93 252/290/93 253/291/93 254/292/93 255/293/94
f 255/294/94 254/295/93 253/296/93 252/297/93 251/298/93 250/299/93 249/300/93 248/301/93 247/302/93 246/303/92 256/304/95 257/305/96 258/306/96 259/307/96 260/308/96 261/309/96 262/310/96 263/311/96 264/312/96 265/313/97
f 266/314/98 267/315/99 268/316/99 269/317/99 270/318/99 271/319/99 272/320/99 273/321/99 274/322/99 275/323/100 211/239/82 210/238/81 209/237/81 208/236/81 207/235/81 206/234/81 205/233/81 204/232/81 203/231/81 202/230/80
f 265/324/97 264/325/96 263/326/96 262/327/96 261/328/96 260/329/96 259/330/96 258/331/96 257/332/96 256/333/95 276/334/101 277/335/102 278/336/102 279/337/102 280/338/102 281/339/102 282/340/102 283/341/102 284/342/102 285/343/103
f 285/344/103 284/345/102 283/346/102 282/347/102 281/348/102 280/349/102 279/350/102 278/351/102 277/352/102 276/353/101 286/354/104 287/355/105 288/356/105 289/357/105 290/358/105 291/359/105 292/360/105 293/361/105 294/362/105 295/363/106
f 295/363/106 294/362/105 293/361/105 292/360/105 291/359/105 290/358/105 289/357/105 288/356/105 287/355/105 286/354/104 296/364/107 297/365/108 298/366/108 299/367/108 300/368/108 301/369/108 302/370/108 303/371/108 304/372/108 305/373/109
f 305/373/109 304/372/108 303/371/108 302/370/108 301/369/108 300/368/108 299/367/108 298/366/108 297/365/108 296/364/107 275/323/100 274/322/99 273/321/99 272/320/99 271/319/99 270/318/99 269/317/99 268/316/99 267/315/99 266/314/98
f 306/374/110 307/375/110 308/376/110 309/377/110 310/378/110 311/379/110 312/380/110 313/381/110 314/382/110 315/383/110 316/384/110 317/385/110 318/386/110 319/387/110 320/388/110 321/389/110 322/390/110 323/391/110 324/392/110 325/393/110 326/394/110 327/395/110 328/396/110 329/397/110 330/398/110 331/399/111 332/400/112 333/401/113 334/402/113 335/403/113 336/404/113 337/405/113 338/406/113 339/407/113 340/408/113 341/409/113 342/410/113 343/411/113 344/412/113 345/413/113 346/414/113 347/415/113 348/416/113 349/417/113 350/418/113 351/419/113 352/420/113 353/421/113 354/422/113 355/423/113 356/424/113 357/425/113 358/426/114 359/427/115
f 360/428/116 361/429/116 362/430/117 363/431/118 364/432/119 365/433/119 366/434/119 367/435/119 368/436/119 369/437/119 370/438/119 371/439/119 372/440/119 373/441/119 374/442/119 375/443/119 376/444/119 377/445/119 378/446/119 379/447/119 380/448/119 381/449/119 382/450/119 383/451/119 384/452/119 385/453/119 386/454/119 387/455/119 388/456/119 389/457/120 390/458/121 391/459/116 392/460/116 393/461/116 394/462/116 395/463/116 396/464/116 397/465/116 398/466/116 399/467/116 400/468/116 401/469/116 402/470/116 403/471/116 404/472/116 405/473/116 406/474/116 407/475/116 408/476/116 409/477/116 410/478/116 411/479/116 412/480/116 413/481/116
f 414/482/122 415/483/122 416/484/123 417/485/124 418/486/125 419/487/125 420/488/125 421/489/125 422/490/125 423/491/125 424/492/125 425/493/125 426/494/125 427/495/125 428/496/125 429/497/125 430/498/125 431/499/125 432/500/125 433/501/125 434/502/125 435/503/125 436/504/125 437/505/125 438/506/125 439/507/125 440/508/125 441/509/125 442/510/125 443/511/126 444/512/127 445/513/122 446/514/122 447/515/122 448/516/122 449/517/122 450/518/122 451/519/122 452/520/122 453/521/122 454/522/122 455/523/122 456/524/122 457/525/122 458/526/122 459/527/122 460/528/122 461/529/122 462/530/122 463/531/122 464/532/122 465/533/122 466/534/122 467/535/122
f 468/536/128 469/537/128 470/538/129 471/539/130 472/540/131 473/541/131 474/542/131 475/543/131 476/544/131 477/545/131 478/546/131 479/547/131 480/548/131 481/549/131 482/550/131 483/551/131 484/552/131 485/553/131 486/554/131 487/555/131 488/556/131 489/557/131 490/558/131 491/559/131 492/560/131 493/561/131 494/562/131 495/563/131 496/564/131 497/565/132 498/566/133 499/567/128 500/568/128 501/569/128 502/570/128 503/571/128 504/572/128 505/573/128 506/574/128 507/575/128 508/576/128 509/577/128 510/578/128 511/579/128 512/580/128 513/581/128 514/582/128 515/583/128 516/584/128 517/585/128 518/586/128 519/587/128 520/588/128 521/589/128
f 522/590/134 523/591/134 524/592/135 525/593/136 526/594/137 527/595/137 528/596/137 529/597/137 530/598/137 531/599/137 532/600/137 533/601/137 534/602/137 535/603/137 536/604/137 537/605/137 538/606/137 539/607/137 540/608/137 541/609/137 542/610/137 543/611/137 544/612/137 545/613/137 546/614/137 547/615/137 548/616/137 549/617/137 550/618/137 551/619/138 552/620/139 553/621/134 554/622/134 555/623/134 556/624/134 557/625/134 558/626/134 559/627/134 560/628/134 561/629/134 562/630/134 563/631/134 564/632/134 565/633/134 566/634/134 567/635/134 568/636/134 569/637/134 570/638/134 571/639/134 572/640/134 573/641/134 574/642/134 575/643/134
f 576/644/140 577/645/140 578/646/141 579/647/142 580/648/143 581/649/143 582/650/143 583/651/143 584/652/143 585/653/143 586/654/143 587/655/143 588/656/143 589/657/143 590/658/143 591/659/143 592/660/143 593/661/143 594/662/143 595/663/143 596/664/143 597/665/143 598/666/143 599/667/143 600/668/143 601/669/143 602/670/143 603/671/143 604/672/143 605/673/144 606/674/145 607/675/140 608/676/140 609/677/140 610/678/140 611/679/140 612/680/140 613/681/140 614/682/140 615/683/140 616/684/140 617/685/140 618/686/140 619/687/140 620/688/140 621/689/140 622/690/140 623/691/140 624/692/140 625/693/140 626/694/140 627/695/140 628/696/140 629/697/140
f 630/698/146 631/699/146 632/700/147 633/701/148 634/702/149 635/703/149 636/704/149 637/705/149 638/706/149 639/707/149 640/708/149 641/709/149 642/710/149 643/711/149 644/712/149 645/713/149 646/714/149 647/715/149 648/716/149 649/717/149 650/718/149 651/719/149 652/720/149 653/721/149 654/722/149 655/723/149 656/724/149 657/725/149 658/726/149 659/727/150 660/728/151 661/729/146 662/730/146 663/731/146 664/732/146 665/733/146 666/734/146 667/735/146 668/736/146 669/737/146 670/738/146 671/739/146 672/740/146 673/741/146 674/742/146 675/743/146 676/744/146 677/745/146 678/746/146 679/747/146 680/748/146 681/749/146 682/750/146 683/751/146
f 334/402/113 333/401/113 332/400/112 684/752/152 685/753/153 686/754/153 687/755/153 688/756/153 689/757/153 690/758/153 691/759/153 692/760/153 693/761/153 694/762/153 695/763/153 696/764/153 697/765/153 698/766/153 699/767/153 700/768/153 701/769/153 702/770/153 703/771/153 704/772/153 705/773/153 706/774/153 707/775/153 708/776/153 709/777/153 710/778/154 358/426/114 357/425/113 356/424/113 355/423/113 354/422/113 353/421/113 352/420/113 351/419/113 350/418/113 349/417/113 348/416/113 347/415/113 346/414/113 345/413/113 344/412/113 343/411/113 342/410/113 341/409/113 340/408/113 339/407/113 338/406/113 337/405/113 336/404/113 335/403/113
f 442/510/125 441/509/125 440/508/125 439/507/125 438/506/125 437/505/125 436/504/125 435/503/125 434/502/125 433/501/125 432/500/125 431/499/125 430/498/125 429/497/125 428/496/125 427/495/125 426/494/125 425/493/125 424/492/125 423/491/125 422/490/125 421/489/125 420/488/125 419/487/125 418/486/125 417/485/124 470/538/129 469/537/128 468/536/128 521/589/128 520/588/128 519/587/128 518/586/128 517/585/128 516/584/128 515/583/128 514/582/128 513/581/128 512/580/128 511/579/128 510/578/128 509/577/128 508/576/128 507/575/128 506/574/128 505/573/128 504/572/128 503/571/128 502/570/128 501/569/128 500/568/128 499/567/128 498/566/133 443/511/126
f 711/779/155 712/780/155 713/781/155 714/782/155 715/783/155 716/784/155 717/785/155 718/786/155 719/787/155 720/788/155 721/789/155 722/790/155 723/791/155 724/792/155 725/793/155 726/794/156 727/795/157 728/796/157 729/797/156 730/798/156 731/799/156 732/800/156 733/801/156 734/802/156 735/803/156 736/804/156 737/805/156 738/806/156 739/807/156 740/808/156 741/809/156 742/810/156 743/811/156 744/812/156 745/813/156 746/814/156 747/815/156 748/816/156 749/817/156 750/818/156 751/819/156 752/820/156 753/821/156 754/822/158 755/823/158 756/824/156 757/825/155 758/826/155 759/827/155 760/828/155 761/829/155 762/830/155 763/831/155 764/832/155 765/833/155 766/834/155 767/835/155 768/836/155
f 769/837/159 770/838/159 771/839/160 15/840/4 14/841/3 13/842/3 12/843/3 11/844/3 10/845/3 9/846/3 8/847/3 7/848/3 6/849/3 5/850/3 4/851/3 3/852/3 2/853/2 772/854/161 773/855/159 774/856/159 775/857/159 776/858/159 777/859/159 778/860/159 779/861/159 780/862/159 781/863/159 782/864/159 783/865/159 784/866/159 785/867/159 786/868/159 787/869/159 788/870/159 789/871/159 790/872/159 791/873/159 792/874/159 793/875/159 794/876/159 795/877/159
f 794/876/159 793/875/159 792/874/159 791/873/159 790/872/159 789/871/159 788/870/159 787/869/159 786/868/159 785/867/159 784/866/159 783/865/159 782/864/159 781/863/159 780/862/159 779/861/159 778/860/159 777/859/159 776/858/159 775/857/159 774/856/159 773/855/159 772/854/161 796/878/162 797/879/163 798/880/164 799/881/164 800/882/164 801/883/164 802/884/164 803/885/164 804/886/164 805/887/164 806/888/164 807/889/164 808/890/164 809/891/164 810/892/164 811/893/164 812/894/164 813/895/164 814/896/164 815/897/164 816/898/164 817/899/164 818/900/164 819/901/164 820/902/164 821/903/164 822/904/164 823/905/165 824/906/166 771/839/160 770/838/159 769/837/159 795/877/159
f 825/907/167 826/908/167 827/909/168 331/399/111 330/398/110 329/397/110 328/396/110 327/395/110 326/394/110 325/393/110 324/392/110 323/391/110 322/390/110 321/389/110 320/388/110 319/387/110 318/386/110 317/385/110 316/384/110 315/383/110 314/382/110 313/381/110 312/380/110 311/379/110 310/378/110 309/377/110 308/376/110 307/375/110 306/374/110 359/427/115 828/910/169 829/911/167 830/912/167 831/913/167 832/914/167 833/915/167 834/916/167 835/917/167 836/918/167 837/919/167 838/920/167 839/921/167 840/922/167 841/923/167 842/924/167 843/925/167 844/926/167 845/927/167 846/928/167 847/929/167 848/930/167 849/931/167 850/932/167 851/933/167
f 658/726/149 657/725/149 656/724/149 655/723/149 654/722/149 653/721/149 652/720/149 651/719/149 650/718/149 649/717/149 648/716/149 647/715/149 646/714/149 645/713/149 644/712/149 643/711/149 642/710/149 641/709/149 640/708/149 639/707/149 638/706/149 637/705/149 636/704/149 635/703/149 634/702/149 633/701/148 827/909/168 826/908/167 825/907/167 851/933/167 850/932/167 849/931/167 848/930/167 847/929/167 846/928/167 845/927/167 844/926/167 843/925/167 842/924/167 841/923/167 840/922/167 839/921/167 838/920/167 837/919/167 836/918/167 835/917/167 834/916/167 833/915/167 832/914/167 831/913/167 830/912/167 829/911/167 828/910/169 659/727/150
f 604/672/143 603/671/143 602/670/143 601/669/143 600/668/143 599/667/143 598/666/143 597/665/143 596/664/143 595/663/143 594/662/143 593/661/143 592/660/143 591/659/143 590/658/143 589/657/143 588/656/143 587/655/143 586/654/143 585/653/143 584/652/143 583/651/143 582/650/143 581/649/143 580/648/143 579/647/142 632/700/147 631/699/146 630/698/146 683/751/146 682/750/146 681/749/146 680/748/146 679/747/146 678/746/146 677/745/146 676/744/146 675/743/146 674/742/146 673/741/146 672/740/146 671/739/146 670/738/146 669/737/146 668/736/146 667/735/146 666/734/146 665/733/146 664/732/146 663/731/146 662/730/146 661/729/146 660/728/151 605/673/144
f 550/934/137 549/935/137 548/936/137 547/937/137 546/938/137 545/939/137 544/940/137 543/941/137 542/942/137 541/943/137 540/944/137 539/945/137 538/946/137 537/947/137 536/948/137 535/949/137 534/950/137 533/951/137 532/952/137 531/953/137 530/954/137 529/955/137 528/956/137 527/957/137 526/958/137 525/959/136 578/646/141 577/645/140 576/644/140 629/697/140 628/696/140 627/695/140 626/694/140 625/693/140 624/692/140 623/691/140 622/690/140 621/689/140 620/688/140 619/687/140 618/686/140 617/685/140 616/684/140 615/683/140 614/682/140 613/681/140 612/680/140 611/679/140 610/678/140 609/677/140 608/676/140 607/675/140 606/674/145 551/960/138
f 496/564/131 495/563/131 494/562/131 493/561/131 492/560/131 491/559/131 490/558/131 489/557/131 488/556/131 487/555/131 486/554/131 485/553/131 484/552/131 483/551/131 482/550/131 481/549/131 480/548/131 479/547/131 478/546/131 477/545/131 476/544/131 475/543/131 474/542/131 473/541/131 472/540/131 471/539/130 524/592/135 523/591/134 522/590/134 575/643/134 574/642/134 573/641/134 572/640/134 571/639/134 570/638/134 569/637/134 568/636/134 567/635/134 566/634/134 565/633/134 564/632/134 563/631/134 562/630/134 561/629/134 560/628/134 559/627/134 558/626/134 557/625/134 556/624/134 555/623/134 554/622/134 553/621/134 552/620/139 497/565/132
f 852/961/170 853/962/170 854/963/171 855/964/172 856/965/170 857/966/170 858/967/170 859/968/170 860/969/170 861/970/170 862/971/170 863/972/170 864/973/170 865/974/170 866/975/170 867/976/170 868/977/170 869/978/170 870/979/170 871/980/170 872/981/170 873/982/170 874/983/170 875/984/170 876/985/170 877/986/170 878/987/170
f 879/988/173 880/989/173 881/990/174 823/991/165 822/992/164 821/993/164 820/994/164 819/995/164 818/996/164 817/997/164 816/998/164 815/999/164 814/1000/164 813/1001/164 812/1002/164 811/1003/164 810/1004/164 809/1005/164 808/1006/164 807/1007/164 806/1008/164 805/1009/164 804/1010/164 803/1011/164 802/1012/164 801/1013/164 800/1014/164 799/1015/164 798/1016/164 797/1017/163 882/1018/175 883/1019/173 884/1020/173 885/1021/173 886/1022/173 887/1023/173 888/1024/173 889/1025/173 890/1026/173 891/1027/173 892/1028/173 893/1029/173 894/1030/173 895/1031/173 896/1032/173 897/1033/173 898/1034/173 899/1035/173 900/1036/173 901/1037/173 902/1038/173 903/1039/173 904/1040/173 905/1041/173
f 388/456/119 387/455/119 386/454/119 385/453/119 384/452/119 383/451/119 382/450/119 381/449/119 380/448/119 379/447/119 378/446/119 377/445/119 376/444/119 375/443/119 374/442/119 373/441/119 372/440/119 371/439/119 370/438/119 369/437/119 368/436/119 367/435/119 366/434/119 365/433/119 364/432/119 363/431/118 416/484/123 415/483/122 414/482/122 467/535/122 466/534/122 465/533/122 464/532/122 463/531/122 462/530/122 461/529/122 460/528/122 459/527/122 458/526/122 457/525/122 456/524/122 455/523/122 454/522/122 453/521/122 452/520/122 451/519/122 450/518/122 449/517/122 448/516/122 447/515/122 446/514/122 445/513/122 444/512/127 389/457/120
f 906/1042/176 907/1043/176 908/1044/176 909/1045/176 910/1046/176 911/1047/176 912/1048/176 913/1049/176 914/1050/176 915/1051/176 916/1052/176 917/1053/176 918/1054/176 919/1055/176 920/1056/176 921/1057/176 922/1058/176 923/1059/176 924/1060/176 925/1061/176 926/1062/176 927/1063/176 928/1064/176 929/1065/176 930/1066/176 931/1067/177 362/430/117 361/429/116 360/428/116 413/481/116 412/480/116 411/479/116 410/478/116 409/477/116 408/476/116 407/475/116 406/474/116 405/473/116 404/472/116 403/471/116 402/470/116 401/469/116 400/468/116 399/467/116 398/466/116 397/465/116 396/464/116 395/463/116 394/462/116 393/461/116 392/460/116 391/459/116 390/458/121 932/1068/178
f 117/133/58 116/132/57 115/131/57 114/130/57 113/129/57 112/128/57 111/127/57 110/126/57 109/125/57 108/124/57 107/123/57 106/122/56 223/251/87 222/250/86 245/273/86 244/272/86 243/271/86 242/270/86 241/269/86 240/268/86 239/267/86 238/266/86 237/265/86 236/264/91
f 933/1069/179 934/1070/180 935/1071/180 936/1072/180 937/1073/180 938/1074/180 939/1075/180 940/1076/180 941/1077/180 942/1078/181 235/1079/90 234/1080/89 233/1081/89 232/1082/89 231/1083/89 230/1084/89 229/1085/89 228/1086/89 227/1087/89 226/1088/89 225/1089/89 224/1090/88
f 857/1091/170 856/1092/170 855/1093/172 931/1067/177 930/1066/176 929/1065/176 928/1064/176 927/1063/176 926/1062/176 925/1061/176 924/1060/176 923/1059/176 922/1058/176 921/1057/176 920/1056/176 919/1055/176 918/1054/176 917/1053/176 916/1052/176 915/1051/176 914/1050/176 913/1049/176 912/1048/176 911/1047/176 910/1046/176 909/1045/176 908/1044/176 907/1043/176 906/1042/176 932/1068/178 854/1094/171 853/1095/170 852/1096/170 878/1097/170 877/1098/170 876/1099/170 875/1100/170 874/1101/170 873/1102/170 872/1103/170 871/1104/170 870/1105/170 869/1106/170 868/1107/170 867/1108/170 866/1109/170 865/1110/170 864/1111/170 863/1112/170 862/1113/170 861/1114/170 860/1115/170 859/1116/170 858/1117/170
f 709/777/153 708/776/153 707/775/153 706/774/153 705/773/153 704/772/153 703/771/153 702/770/153 701/769/153 700/768/153 699/767/153 698/766/153 697/765/153 696/764/153 695/763/153 694/762/153 693/761/153 692/760/153 691/759/153 690/758/153 689/757/153 688/756/153 687/755/153 686/754/153 685/753/153 684/752/152 881/990/174 880/989/173 879/988/173 905/1041/173 904/1040/173 903/1039/173 902/1038/173 901/1037/173 900/1036/173 899/1035/173 898/1034/173 897/1033/173 896/1032/173 895/1031/173 894/1030/173 893/1029/173 892/1028/173 891/1027/173 890/1026/173 889/1025/173 888/1024/173 887/1023/173 886/1022/173 885/1021/173 884/1020/173 883/1019/173 882/1018/175 710/778/154
f 943/1118/182 944/1119/183 945/1120/184 726/1121/184 725/1122/155 724/1123/155 723/1124/155 722/1125/155 721/1126/155 720/1127/155 719/1128/155 718/1129/155 717/1130/155 716/1131/155 715/1132/155 714/1133/155 713/1134/155 712/1135/155 711/1136/155 768/1137/155 767/1138/155 766/1139/155 765/1140/155 764/1141/155 763/1142/155 762/1143/155 761/1144/155 760/1145/155 759/1146/155 758/1147/155 757/1148/155 756/1149/185 946/1150/185 947/1151/186 948/1152/182 949/1153/182 950/1154/182 951/1155/182 952/1156/182 953/1157/182 954/1158/182 955/1159/182 956/1160/182 957/1161/182 958/1162/182 959/1163/182 960/1164/182 961/1165/182 962/1166/182 963/1167/182 964/1168/182 965/1169/182 966/1170/182 967/1171/182 968/1172/182 969/1173/182 970/1174/182 971/1175/182
f 34/1176/12 33/1177/11 32/1178/11 31/1179/11 30/1180/11 29/1181/11 28/1182/11 27/1183/11 26/1184/11 25/1185/11 24/1186/11 23/1187/11 22/1188/11 21/1189/10 944/1190/183 943/1118/182 971/1175/182 970/1174/182 969/1173/182 968/1172/182 967/1171/182 966/1170/182 965/1169/182 964/1168/182 963/1167/182 962/1166/182 961/1165/182 960/1164/182 959/1163/182 958/1162/182 957/1161/182 956/1160/182 955/1159/182 954/1158/182 953/1157/182 952/1156/182 951/1155/182 950/1154/182 949/1153/182 948/1152/182 947/1151/186
f 213/241/84 212/240/83 942/1191/181 941/1192/180 940/1193/180 939/1194/180 938/1195/180 937/1196/180 936/1197/180 935/1198/180 934/1199/180 933/1200/179 221/249/85 220/248/84 219/247/84 218/246/84 217/245/84 216/244/84 215/243/84 214/242/84
f 93/109/52 92/108/51 91/107/50 129/1201/61 128/1202/60 127/1203/60 126/1204/60 125/1205/60 124/1206/60 123/1207/60 122/1208/60 121/1209/60 120/1210/60 119/1211/60 118/1212/59
f 772/1213/161 2/1214/2 1/1215/1 35/1216/13 38/1217/16 44/1218/187 40/1219/187 48/1220/187 61/1221/187 56/1222/187 53/1223/187 64/1224/32 68/1225/34 73/1226/39 76/1227/42 88/1228/47 255/1229/94 265/1230/97 285/1231/103 295/1232/106 305/1233/109 266/1234/98 202/1235/80 221/1236/85 933/1237/179 224/1238/88 223/1239/87 106/1240/56 105/1241/55 190/1242/77 178/1243/74 166/1244/71 154/1245/68 142/1246/65 130/1247/62 129/1248/61 91/1249/50 89/1250/48 77/1251/43 71/1252/37 69/1253/35 59/1254/187 65/1255/187 57/1256/28 51/1257/24 45/1258/187 49/1259/187 41/1260/18 19/1261/8 18/1262/7 34/1263/12 947/1264/186 946/1265/185 756/1266/185 757/1267/187 854/1268/187 755/1269/158 754/1270/158 932/1271/178 390/1272/121 389/1273/120 444/1274/127 443/1275/126 498/1276/133 497/1277/132 552/1278/139 551/1279/138 606/1280/145 605/1281/144 660/1282/151 659/1283/150 828/1284/169 359/1285/115 358/1286/114 710/1287/154 882/1288/175 797/1289/163 796/1290/162
f 15/1291/4 771/1292/160 824/1293/166 823/1294/165 881/1295/174 684/1296/152 332/1297/112 331/1298/111 827/1299/168 633/1300/148 632/1301/147 579/1302/142 578/1303/141 525/1304/136 524/1305/135 471/1306/130 470/1307/129 417/1308/124 416/1309/123 363/1310/118 362/1311/117 931/1312/177 855/1313/172 728/1314/157 727/1315/157 725/1316/188 726/1317/184 945/1318/184 944/1319/183 21/1320/10 17/1321/6 20/1322/9 42/1323/19 50/1324/188 46/1325/188 52/1326/25 58/1327/29 66/1328/188 60/1329/188 70/1330/36 72/1331/38 78/1332/44 90/1333/49 93/1334/52 118/1335/59 141/1336/64 153/1337/67 165/1338/70 177/1339/73 189/1340/76 201/1341/79 94/1342/53 117/1343/58 236/1344/91 235/1345/90 942/1346/181 212/1347/83 211/1348/82 275/1349/100 296/1350/107 286/1351/104 276/1352/101 256/1353/95 246/1354/92 79/1355/45 75/1356/41 74/1357/40 67/1358/33 63/1359/31 54/1360/188 55/1361/188 62/1362/188 47/1363/188 39/1364/188 43/1365/188 37/1366/15 36/1367/14 16/1368/5
f 972/1369/189 973/1370/190 974/1371/191 975/1372/192
f 976/1373/193 977/1374/194 978/1375/195
f 979/1376/196 976/1373/193 978/1375/195 980/1377/197
f 981/1378/198 979/1376/196 980/1377/197 982/1379/199
f 983/1380/200 981/1378/198 982/1379/199 984/1381/201
f 985/1382/202 983/1380/200 984/1381/201 986/1383/203
f 987/1384/204 985/1382/202 986/1383/203 988/1385/205
f 973/1370/190 987/1386/204 988/1387/205 974/1371/191
f 974/1371/191 988/1387/205 989/1388/206 990/1389/207
f 975/1372/192 974/1371/191 990/1389/207 991/1390/208
f 978/1375/195 977/1391/194 992/1392/209
f 980/1377/197 978/1375/195 992/1392/209 993/1393/210
f 982/1394/199 980/1395/197 993/1396/210 994/1397/211
f 984/1398/201 982/1394/199 994/1397/211 995/1399/212
f 986/1400/203 984/1398/201 995/1399/212 996/1401/213
f 988/1387/205 986/1400/203 996/1401/213 989/1388/206
f 995/1399/212 994/1397/211 997/1402/214 998/1403/215
f 996/1401/213 995/1399/212 998/1403/215 999/1404/216
f 989/1388/206 996/1401/213 999/1404/216 1000/1405/217
f 990/1389/207 989/1388/206 1000/1405/217 1001/1406/218
f 991/1390/208 990/1389/207 1001/1406/218 1002/1407/219
f 992/1392/209 977/1408/194 1003/1409/220
f 993/1396/210 992/1410/209 1003/1411/220 1004/1412/221
f 994/1397/211 993/1396/210 1004/1412/221 997/1402/214
f 1002/1407/219 1001/1406/218 1005/1413/222 1006/1414/223
f 1003/1409/220 977/1415/194 1007/1416/224
f 1004/1412/221 1003/1411/220 1007/1417/224 1008/1418/225
f 997/1402/214 1004/1412/221 1008/1418/225 1009/1419/226
f 998/1403/215 997/1402/214 1009/1419/226 1010/1420/227
f 999/1404/216 998/1403/215 1010/1420/227 1011/1421/228
f 1000/1405/217 999/1404/216 1011/1421/228 1012/1422/229
f 1001/1406/218 1000/1405/217 1012/1422/229 1005/1413/222
f 1010/1420/227 1009/1419/226 1013/1423/230 1014/1424/231
f 1011/1421/228 1010/1420/227 1014/1424/231 1015/1425/232
f 1012/1422/229 1011/1421/228 1015/1425/232 1016/1426/233
f 1005/1413/222 1012/1422/229 1016/1426/233 1017/1427/234
f 1006/1414/223 1005/1413/222 1017/1427/234 1018/1428/235
f 1007/1416/224 977/1429/194 1019/1430/236
f 1008/1418/225 1007/1417/224 1019/1431/236 1020/1432/237
f 1009/1419/226 1008/1418/225 1020/1432/237 1013/1423/230
f 1018/1428/235 1017/1427/234 1021/1433/238 1022/1434/239
f 1019/1431/236 977/1435/194 1023/1436/240
f 1020/1432/237 1019/1431/236 1023/1436/240 1024/1437/241
f 1013/1423/230 1020/1432/237 1024/1437/241 1025/1438/242
f 1014/1424/231 1013/1423/230 1025/1438/242 1026/1439/243
f 1015/1425/232 1014/1424/231 1026/1439/243 1027/1440/244
f 1016/1426/233 1015/1425/232 1027/1440/244 1028/1441/245
f 1017/1427/234 1016/1426/233 1028/1441/245 1021/1433/238
f 1027/1440/244 1026/1439/243 1029/1442/246 1030/1443/247
f 1028/1441/245 1027/1440/244 1030/1443/247 1031/1444/248
f 1021/1433/238 1028/1441/245 1031/1444/248 1032/1445/249
f 1022/1434/239 1021/1433/238 1032/1445/249 1033/1446/250
f 1023/1447/240 977/1448/194 1034/1449/251
f 1024/1437/241 1023/1436/240 1034/1450/251 1035/1451/252
f 1025/1438/242 1024/1437/241 1035/1451/252 1036/1452/253
f 1026/1439/243 1025/1438/242 1036/1452/253 1029/1442/246
f 1034/1449/251 977/1448/194 1037/1453/254
f 1035/1451/252 1034/1450/251 1037/1454/254 1038/1455/255
f 1036/1452/253 1035/1451/252 1038/1455/255 1039/1456/256
f 1029/1442/246 1036/1452/253 1039/1456/256 1040/1457/257
f 1030/1443/247 1029/1442/246 1040/1457/257 1041/1458/258
f 1031/1444/248 1030/1443/247 1041/1458/258 1042/1459/259
f 1032/1445/249 1031/1444/248 1042/1459/259 1043/1460/260
f 1033/1446/250 1032/1445/249 1043/1460/260 1044/1461/261
f 1041/1462/258 1040/1463/257 1045/1464/262 1046/1465/263
f 1042/1466/259 1041/1462/258 1046/1465/263 1047/1467/264
f 1043/1468/260 1042/1466/259 1047/1467/264 1048/1469/265
f 1044/1470/261 1043/1468/260 1048/1469/265 1049/1471/266
f 1037/1453/254 977/1448/194 1050/1472/267
f 1038/1473/255 1037/1474/254 1050/1475/267 1051/1476/268
f 1039/1477/256 1038/1473/255 1051/1476/268 1052/1478/269
f 1040/1463/257 1039/1477/256 1052/1478/269 1045/1464/262
f 1051/1476/268 1050/1475/267 1053/1479/270 1054/1480/271
f 1052/1478/269 1051/1476/268 1054/1480/271 1055/1481/272
f 1045/1464/262 1052/1478/269 1055/1481/272 1056/1482/273
f 1046/1465/263 1045/1464/262 1056/1482/273 1057/1483/274
f 1047/1467/264 1046/1465/263 1057/1483/274 1058/1484/275
f 1048/1469/265 1047/1467/264 1058/1484/275 1059/1485/276
f 1049/1471/266 1048/1469/265 1059/1485/276 1060/1486/277
f 1050/1472/267 977/1448/194 1053/1487/270
f 1058/1484/275 1057/1483/274 1061/1488/278 1062/1489/279
f 1059/1485/276 1058/1484/275 1062/1489/279 1063/1490/280
f 1060/1486/277 1059/1485/276 1063/1490/280 1064/1491/281
f 1053/1479/270 977/1492/194 1065/1493/282
f 1054/1480/271 1053/1479/270 1065/1493/282 1066/1494/283
f 1055/1481/272 1054/1480/271 1066/1494/283 1067/1495/284
f 1056/1482/273 1055/1481/272 1067/1495/284 1068/1496/285
f 1057/1483/274 1056/1482/273 1068/1496/285 1061/1488/278
f 1067/1495/284 1066/1494/283 1069/1497/286 1070/1498/287
f 1068/1496/285 1067/1495/284 1070/1498/287 1071/1499/288
f 1061/1488/278 1068/1496/285 1071/1499/288 1072/1500/289
f 1062/1489/279 1061/1488/278 1072/1500/289 1073/1501/290
f 1063/1490/280 1062/1489/279 1073/1501/290 1074/1502/291
f 1064/1491/281 1063/1490/280 1074/1502/291 1075/1503/292
f 1065/1504/282 977/1448/194 1076/1505/293
f 1066/1494/283 1065/1493/282 1076/1506/293 1069/1497/286
f 1074/1502/291 1073/1501/290 1077/1507/294 1078/1508/295
f 1075/1503/292 1074/1502/291 1078/1508/295 1079/1509/296
f 1076/1510/293 977/1511/194 1080/1512/297
f 1069/1497/286 1076/1506/293 1080/1513/297 1081/1514/298
f 1070/1498/287 1069/1497/286 1081/1514/298 1082/1515/299
f 1071/1499/288 1070/1498/287 1082/1515/299 1083/1516/300
f 1072/1500/289 1071/1499/288 1083/1516/300 1084/1517/301
f 1073/1501/290 1072/1500/289 1084/1517/301 1077/1507/294
f 1082/1515/299 1081/1514/298 1085/1518/302 1086/1519/303
f 1083/1516/300 1082/1515/299 1086/1519/303 1087/1520/304
f 1084/1517/301 1083/1516/300 1087/1520/304 1088/1521/305
f 1077/1507/294 1084/1517/301 1088/1521/305 1089/1522/306
f 1078/1508/295 1077/1507/294 1089/1522/306 1090/1523/307
f 1079/1509/296 1078/1508/295 1090/1523/307 1091/1524/308
f 1080/1512/297 977/1525/194 1092/1526/309
f 1081/1514/298 1080/1513/297 1092/1527/309 1085/1518/302
f 1090/1523/307 1089/1522/306 1093/1528/310 1094/1529/311
f 1091/1524/308 1090/1523/307 1094/1529/311 1095/1530/312
f 1092/1526/309 977/1531/194 1096/1532/313
f 1085/1533/302 1092/1526/309 1096/1532/313 1097/1534/314
f 1086/1519/303 1085/1518/302 1097/1535/314 1098/1536/315
f 1087/1520/304 1086/1519/303 1098/1536/315 1099/1537/316
f 1088/1521/305 1087/1520/304 1099/1537/316 1100/1538/317
f 1089/1522/306 1088/1521/305 1100/1538/317 1093/1528/310
f 1099/1539/316 1098/1540/315 1101/1541/318 1102/1542/319
f 1100/1543/317 1099/1539/316 1102/1542/319 1103/1544/320
f 1093/1545/310 1100/1543/317 1103/1544/320 1104/1546/321
f 1094/1529/311 1093/1528/310 1104/1547/321 1105/1548/322
f 1095/1530/312 1094/1529/311 1105/1548/322 1106/1549/323
f 1096/1532/313 977/1550/194 1107/1551/324
f 1097/1534/314 1096/1532/313 1107/1551/324 1108/1552/325
f 1098/1540/315 1097/1534/314 1108/1552/325 1101/1541/318
f 1106/1549/323 1105/1548/322 1109/1553/326 1110/1554/327
f 1107/1551/324 977/1555/194 1111/1556/328
f 1108/1552/325 1107/1551/324 1111/1556/328 1112/1557/329
f 1101/1541/318 1108/1552/325 1112/1557/329 1113/1558/330
f 1102/1542/319 1101/1541/318 1113/1558/330 1114/1559/331
f 1103/1544/320 1102/1542/319 1114/1559/331 1115/1560/332
f 1104/1546/321 1103/1544/320 1115/1560/332 1116/1561/333
f 1105/1548/322 1104/1547/321 1116/1562/333 1109/1553/326
f 1114/1563/331 1113/1564/330 1117/1565/334 1118/1566/335
f 1115/1567/332 1114/1563/331 1118/1566/335 1119/1568/336
f 1116/1562/333 1115/1567/332 1119/1568/336 1120/1569/337
f 1109/1553/326 1116/1562/333 1120/1569/337 1121/1570/338
f 1110/1554/327 1109/1553/326 1121/1570/338 1122/1571/339
f 1111/1556/328 977/1572/194 1123/1573/340
f 1112/1557/329 1111/1556/328 1123/1573/340 1124/1574/341
f 1113/1564/330 1112/1575/329 1124/1576/341 1117/1565/334
f 1122/1571/339 1121/1570/338 1125/1577/342 1126/1578/343
f 1123/1573/340 977/1579/194 1127/1580/344
f 1124/1576/341 1123/1581/340 1127/1582/344 1128/1583/345
f 1117/1565/334 1124/1576/341 1128/1583/345 1129/1584/346
f 1118/1566/335 1117/1565/334 1129/1584/346 1130/1585/347
f 1119/1568/336 1118/1566/335 1130/1585/347 1131/1586/348
f 1120/1569/337 1119/1568/336 1131/1586/348 1132/1587/349
f 1121/1570/338 1120/1569/337 1132/1587/349 1125/1577/342
f 1131/1586/348 1130/1585/347 1133/1588/350 1134/1589/351
f 1132/1587/349 1131/1586/348 1134/1589/351 1135/1590/352
f 1125/1577/342 1132/1587/349 1135/1590/352 1136/1591/353
f 1126/1578/343 1125/1577/342 1136/1591/353 1137/1592/354
f 1127/1580/344 977/1593/194 1138/1594/355
f 1128/1583/345 1127/1582/344 1138/1595/355 1139/1596/356
f 1129/1584/346 1128/1583/345 1139/1596/356 1140/1597/357
f 1130/1585/347 1129/1584/346 1140/1597/357 1133/1588/350
f 1139/1596/356 1138/1595/355 1141/1598/358 1142/1599/359
f 1140/1597/357 1139/1596/356 1142/1599/359 1143/1600/360
f 1133/1588/350 1140/1597/357 1143/1600/360 1144/1601/361
f 1134/1589/351 1133/1588/350 1144/1601/361 1145/1602/362
f 1135/1590/352 1134/1589/351 1145/1602/362 1146/1603/363
f 1136/1591/353 1135/1590/352 1146/1603/363 1147/1604/364
f 1137/1592/354 1136/1591/353 1147/1604/364 1148/1605/365
f 1138/1594/355 977/1606/194 1141/1607/358
f 1146/1603/363 1145/1602/362 1149/1608/366 1150/1609/367
f 1147/1604/364 1146/1603/363 1150/1609/367 1151/1610/368
f 1148/1605/365 1147/1604/364 1151/1610/368 1152/1611/369
f 1141/1598/358 977/1492/194 1153/1612/370
f 1142/1599/359 1141/1598/358 1153/1612/370 1154/1613/371
f 1143/1600/360 1142/1599/359 1154/1613/371 1155/1614/372
f 1144/1601/361 1143/1600/360 1155/1614/372 1156/1615/373
f 1145/1602/362 1144/1601/361 1156/1615/373 1149/1608/366
f 1154/1613/371 1153/1612/370 1157/1616/374 1158/1617/375
f 1155/1614/372 1154/1613/371 1158/1617/375 1159/1618/376
f 1156/1615/373 1155/1614/372 1159/1618/376 1160/1619/377
f 1149/1608/366 1156/1615/373 1160/1619/377 1161/1620/378
f 1150/1609/367 1149/1608/366 1161/1620/378 1162/1621/379
f 1151/1610/368 1150/1609/367 1162/1621/379 1163/1622/380
f 1152/1611/369 1151/1610/368 1163/1622/380 1164/1623/381
f 1153/1624/370 977/1625/194 1157/1626/374
f 1162/1621/379 1161/1620/378 1165/1627/382 1166/1628/383
f 1163/1622/380 1162/1621/379 1166/1628/383 1167/1629/384
f 1164/1623/381 1163/1622/380 1167/1629/384 1168/1630/385
f 1157/1626/374 977/1631/194 1169/1632/386
f 1158/1617/375 1157/1616/374 1169/1633/386 1170/1634/387
f 1159/1618/376 1158/1617/375 1170/1634/387 1171/1635/388
f 1160/1619/377 1159/1618/376 1171/1635/388 1172/1636/389
f 1161/1620/378 1160/1619/377 1172/1636/389 1165/1627/382
f 1171/1637/388 1170/1638/387 1173/1639/390 1174/1640/391
f 1172/1641/389 1171/1637/388 1174/1640/391 1175/1642/392
f 1165/1643/382 1172/1641/389 1175/1642/392 1176/1644/393
f 1166/1645/383 1165/1643/382 1176/1644/393 1177/1646/394
f 1167/1647/384 1166/1645/383 1177/1646/394 1178/1648/395
f 1168/1649/385 1167/1647/384 1178/1648/395 1179/1650/396
f 1169/1651/386 977/1652/194 1180/1653/397
f 1170/1638/387 1169/1654/386 1180/1655/397 1173/1639/390
f 1178/1648/395 1177/1646/394 1181/1656/398 1182/1657/399
f 1179/1650/396 1178/1648/395 1182/1657/399 1183/1658/400
f 1180/1653/397 977/1659/194 1184/1660/401
f 1173/1639/390 1180/1655/397 1184/1661/401 1185/1662/402
f 1174/1640/391 1173/1639/390 1185/1662/402 1186/1663/403
f 1175/1642/392 1174/1640/391 1186/1663/403 1187/1664/404
f 1176/1644/393 1175/1642/392 1187/1664/404 1188/1665/405
f 1177/1646/394 1176/1644/393 1188/1665/405 1181/1656/398
f 1186/1663/403 1185/1662/402 1189/1666/406 1190/1667/407
f 1187/1664/404 1186/1663/403 1190/1667/407 1191/1668/408
f 1188/1665/405 1187/1664/404 1191/1668/408 1192/1669/409
f 1181/1656/398 1188/1665/405 1192/1669/409 1193/1670/410
f 1182/1657/399 1181/1656/398 1193/1670/410 1194/1671/411
f 1183/1658/400 1182/1657/399 1194/1671/411 1195/1672/412
f 1184/1661/401 977/1435/194 1196/1673/413
f 1185/1662/402 1184/1661/401 1196/1673/413 1189/1666/406
f 1194/1671/411 1193/1670/410 1197/1674/414 1198/1675/415
f 1195/1672/412 1194/1671/411 1198/1675/415 1199/1676/416
f 1196/1677/413 977/1678/194 1200/1679/417
f 1189/1666/406 1196/1673/413 1200/1680/417 1201/1681/418
f 1190/1667/407 1189/1666/406 1201/1681/418 1202/1682/419
f 1191/1668/408 1190/1667/407 1202/1682/419 1203/1683/420
f 1192/1669/409 1191/1668/408 1203/1683/420 1204/1684/421
f 1193/1670/410 1192/1669/409 1204/1684/421 1197/1674/414
f 1203/1683/420 1202/1682/419 1205/1685/422 1206/1686/423
f 1204/1684/421 1203/1683/420 1206/1686/423 1207/1687/424
f 1197/1674/414 1204/1684/421 1207/1687/424 1208/1688/425
f 1198/1675/415 1197/1674/414 1208/1688/425 1209/1689/426
f 1199/1676/416 1198/1675/415 1209/1689/426 1210/1690/427
f 1200/1679/417 977/1691/194 1211/1692/428
f 1201/1681/418 1200/1680/417 1211/1693/428 1212/1694/429
f 1202/1682/419 1201/1681/418 1212/1694/429 1205/1685/422
f 1210/1690/427 1209/1689/426 1213/1695/430 1214/1696/431
f 1211/1692/428 977/1697/194 1215/1698/432
f 1212/1694/429 1211/1693/428 1215/1699/432 1216/1700/433
f 1205/1685/422 1212/1694/429 1216/1700/433 1217/1701/434
f 1206/1686/423 1205/1685/422 1217/1701/434 1218/1702/435
f 1207/1687/424 1206/1686/423 1218/1702/435 1219/1703/436
f 1208/1688/425 1207/1687/424 1219/1703/436 1220/1704/437
f 1209/1689/426 1208/1688/425 1220/1704/437 1213/1695/430
f 1219/1703/436 1218/1702/435 1221/1705/438 1222/1706/439
f 1220/1704/437 1219/1703/436 1222/1706/439 1223/1707/440
f 1213/1695/430 1220/1704/437 1223/1707/440 1224/1708/441
f 1214/1696/431 1213/1695/430 1224/1708/441 1225/1709/442
f 1215/1698/432 977/1710/194 1226/1711/443
f 1216/1712/433 1215/1698/432 1226/1711/443 1227/1713/444
f 1217/1701/434 1216/1700/433 1227/1714/444 1228/1715/445
f 1218/1702/435 1217/1701/434 1228/1715/445 1221/1705/438
f 1226/1711/443 977/1716/194 976/1373/193
f 1227/1713/444 1226/1711/443 976/1373/193 979/1376/196
f 1228/1717/445 1227/1713/444 979/1376/196 981/1378/198
f 1221/1718/438 1228/1717/445 981/1378/198 983/1380/200
f 1222/1719/439 1221/1718/438 983/1380/200 985/1382/202
f 1223/1720/440 1222/1719/439 985/1382/202 987/1384/204
f 1224/1708/441 1223/1707/440 987/1386/204 973/1370/190
f 1225/1709/442 1224/1708/441 973/1370/190 972/1369/189
f 1229/1721/446 1230/1722/447 1231/1723/448 1232/1724/449
f 1210/1690/427 1214/1696/431 1233/1725/450 1234/1726/451
f 1199/1676/416 1210/1690/427 1234/1726/451 1235/1727/452
f 1049/1471/266 1060/1486/277 1236/1728/453 1237/1729/454
f 1214/1696/431 1225/1709/442 1238/1730/455 1233/1725/450
f 1239/1731/456 1240/1732/457 1241/1733/458 1242/1734/459
f 1168/1649/385 1179/1650/396 1243/1735/460 1244/1736/461
f 1152/1611/369 1164/1623/381 1245/1737/462 1246/1738/463
f 1091/1524/308 1095/1530/312 1247/1739/464 1248/1740/465
f 1249/1741/466 1250/1742/467 1251/1743/468 1252/1744/469
f 1253/1745/470 1254/1746/471 1255/1747/472 1256/1748/473
f 1230/1722/447 1257/1749/474 1258/1750/475 1231/1723/448
f 1225/1709/442 972/1369/189 1259/1751/476 1238/1730/455
f 1257/1749/474 1260/1752/477 1261/1753/478 1258/1750/475
f 1262/1754/479 1263/1755/480 1264/1756/481 1265/1757/482
f 975/1372/192 991/1390/208 1266/1758/483 1267/1759/484
f 972/1369/189 975/1372/192 1267/1759/484 1259/1751/476
f 1268/1760/485 1269/1761/486 1270/1762/487 1271/1763/488
f 1254/1746/471 1229/1721/446 1232/1724/449 1255/1747/472
f 1022/1434/239 1033/1446/250 1272/1764/489 1273/1765/490
f 1274/1766/491 1275/1767/492 1276/1768/493 1277/1769/494
f 1095/1530/312 1106/1549/323 1278/1770/495 1247/1739/464
f 1279/1771/496 1280/1772/497 1281/1773/498 1282/1774/499
f 1275/1775/492 1253/1745/470 1256/1748/473 1276/1776/493
f 1075/1503/292 1079/1509/296 1283/1777/500 1284/1778/501
f 1285/1779/502 1286/1780/503 1287/1781/504 1288/1782/505
f 1106/1549/323 1110/1554/327 1289/1783/506 1278/1770/495
f 1271/1784/488 1270/1785/487 1265/1786/482 1264/1787/481 1290/1788/507 1277/1789/494 1276/1790/493 1256/1791/473 1255/1792/472 1232/1793/449 1231/1794/448 1258/1795/475 1261/1796/478 1291/1797/508 1282/1798/499 1281/1799/498 1242/1800/459 1241/1801/458 1292/1802/509 1293/1803/510 1294/1804/511 1295/1805/512 1296/1806/513 1297/1807/514 1298/1808/515 1299/1809/516 1300/1810/517 1301/1811/518 1252/1812/469 1251/1813/468 1288/1814/505 1287/1815/504
f 1060/1486/277 1064/1491/281 1302/1816/519 1236/1728/453
f 991/1390/208 1002/1407/219 1303/1817/520 1266/1758/483
f 1304/1818/521 1274/1766/491 1277/1769/494 1290/1819/507
f 1260/1752/477 1305/1820/522 1291/1821/508 1261/1753/478
f 1306/1822/523 1307/1823/524 1293/1824/510 1292/1825/509
f 1183/1658/400 1195/1672/412 1308/1826/525 1309/1827/526
f 1240/1732/457 1306/1822/523 1292/1825/509 1241/1733/458
f 1018/1428/235 1022/1434/239 1273/1765/490 1310/1828/527
f 1263/1755/480 1304/1818/521 1290/1819/507 1264/1756/481
f 1126/1578/343 1137/1592/354 1311/1829/528 1312/1830/529
f 1250/1742/467 1285/1779/502 1288/1782/505 1251/1743/468
f 1195/1672/412 1199/1676/416 1235/1727/452 1308/1826/525
f 1280/1772/497 1239/1731/456 1242/1734/459 1281/1773/498
f 1110/1554/327 1122/1571/339 1313/1831/530 1289/1783/506
f 1269/1761/486 1262/1754/479 1265/1757/482 1270/1762/487
f 1137/1592/354 1148/1605/365 1314/1832/531 1311/1829/528
f 1315/1833/532 1249/1741/466 1252/1744/469 1301/1834/518
f 1002/1407/219 1006/1414/223 1316/1835/533 1303/1817/520
f 1305/1820/522 1279/1771/496 1282/1774/499 1291/1821/508
f 1317/1836/534 1318/1837/535 1300/1838/517 1299/1839/516
f 1044/1470/261 1049/1471/266 1237/1729/454 1319/1840/536
f 1267/1841/484 1266/1842/483 1303/1843/520 1316/1844/533 1310/1845/527 1273/1846/490 1272/1847/489 1319/1848/536 1237/1849/454 1236/1850/453 1302/1851/519 1284/1852/501 1283/1853/500 1248/1854/465 1247/1855/464 1278/1856/495 1289/1857/506 1313/1858/530 1312/1859/529 1311/1860/528 1314/1861/531 1246/1862/463 1245/1863/462 1244/1864/461 1243/1865/460 1309/1866/526 1308/1867/525 1235/1868/452 1234/1869/451 1233/1870/450 1238/1871/455 1259/1872/476
f 1320/1873/537 1321/1874/538 1298/1875/515 1297/1876/514
f 1179/1650/396 1183/1658/400 1309/1827/526 1243/1735/460
f 1079/1509/296 1091/1524/308 1248/1740/465 1283/1777/500
f 1322/1877/539 1320/1878/537 1297/1879/514 1296/1880/513
f 1122/1571/339 1126/1578/343 1312/1830/529 1313/1831/530
f 1033/1446/250 1044/1461/261 1319/1881/536 1272/1764/489
f 1323/1882/540 1322/1877/539 1296/1880/513 1295/1883/512
f 1164/1623/381 1168/1630/385 1244/1884/461 1245/1737/462
f 1006/1414/223 1018/1428/235 1310/1828/527 1316/1835/533
f 1324/1885/541 1323/1886/540 1295/1887/512 1294/1888/511
f 1321/1874/538 1317/1836/534 1299/1839/516 1298/1875/515
f 1148/1605/365 1152/1611/369 1246/1738/463 1314/1832/531
f 1307/1823/524 1324/1885/541 1294/1888/511 1293/1824/510
f 1064/1491/281 1075/1503/292 1284/1778/501 1302/1816/519
f 1325/1889/542 1326/1890/543 1229/1721/446 1254/1746/471
f 1327/1891/544 1328/1892/545 1320/1873/537 1322/1893/539
f 1326/1890/543 1329/1894/546 1230/1722/447 1229/1721/446
f 1328/1892/545 1330/1895/547 1321/1874/538 1320/1873/537
f 1329/1894/546 1331/1896/548 1257/1749/474 1230/1722/447
f 1330/1895/547 1332/1897/549 1317/1836/534 1321/1874/538
f 1331/1896/548 1333/1898/550 1260/1752/477 1257/1749/474
f 1332/1897/549 1334/1899/551 1318/1837/535 1317/1836/534
f 1333/1898/550 1335/1900/552 1305/1820/522 1260/1752/477
f 1336/1901/553 1337/1902/554 1268/1760/485 1286/1780/503
f 1334/1899/551 1338/1903/555 1315/1833/532 1318/1837/535
f 1335/1900/552 1339/1904/556 1279/1771/496 1305/1820/522
f 1337/1902/554 1340/1905/557 1269/1761/486 1268/1760/485
f 1338/1903/555 1341/1906/558 1249/1741/466 1315/1833/532
f 1339/1904/556 1342/1907/559 1280/1772/497 1279/1771/496
f 1340/1905/557 1343/1908/560 1262/1754/479 1269/1761/486
f 1341/1906/558 1344/1909/561 1250/1742/467 1249/1741/466
f 1342/1907/559 1345/1910/562 1239/1731/456 1280/1772/497
f 1343/1908/560 1346/1911/563 1263/1755/480 1262/1754/479
f 1344/1909/561 1347/1912/564 1285/1779/502 1250/1742/467
f 1345/1910/562 1348/1913/565 1240/1732/457 1239/1731/456
f 1346/1911/563 1349/1914/566 1304/1818/521 1263/1755/480
f 1347/1912/564 1336/1901/553 1286/1780/503 1285/1779/502
f 1348/1913/565 1350/1915/567 1306/1822/523 1240/1732/457
f 1349/1914/566 1351/1916/568 1274/1766/491 1304/1818/521
f 1350/1915/567 1352/1917/569 1307/1823/524 1306/1822/523
f 1351/1916/568 1353/1918/570 1275/1767/492 1274/1766/491
f 1352/1917/569 1354/1919/571 1324/1885/541 1307/1823/524
f 1353/1920/570 1355/1921/572 1253/1745/470 1275/1775/492
f 1354/1919/571 1356/1922/573 1323/1886/540 1324/1885/541
f 1355/1921/572 1325/1889/542 1254/1746/471 1253/1745/470
f 1356/1922/573 1327/1923/544 1322/1924/539 1323/1886/540
f 1286/1780/503 1268/1760/485 1271/1763/488 1287/1781/504
f 1330/1895/547 1328/1892/545 1357/1925/574 1358/1926/575
f 1318/1837/535 1315/1833/532 1301/1834/518 1300/1838/517
f 1359/1927/576 1360/1928/577 1361/1929/578 1362/1930/579 1363/1931/580 1364/1932/581 1365/1933/582 1366/1934/583 1367/1935/584 1358/1936/575 1357/1937/574 1368/1938/585 1369/1939/586 1370/1940/587 1371/1941/588 1372/1942/589 1373/1943/590 1374/1944/591 1375/1945/592 1376/1946/593 1377/1947/594 1378/1948/595 1379/1949/596 1380/1950/597 1381/1951/598 1382/1952/599 1383/1953/600 1384/1954/601 1385/1955/602 1386/1956/603 1387/1957/604 1388/1958/605
f 1331/1896/548 1329/1894/546 1380/1959/597 1379/1960/596
f 1332/1897/549 1330/1895/547 1358/1926/575 1367/1961/584
f 1333/1898/550 1331/1896/548 1379/1960/596 1378/1962/595
f 1334/1899/551 1332/1897/549 1367/1961/584 1366/1963/583
f 1335/1900/552 1333/1898/550 1378/1962/595 1377/1964/594
f 1337/1902/554 1336/1901/553 1361/1965/578 1360/1966/577
f 1338/1903/555 1334/1899/551 1366/1963/583 1365/1967/582
f 1339/1904/556 1335/1900/552 1377/1964/594 1376/1968/593
f 1340/1905/557 1337/1902/554 1360/1966/577 1359/1969/576
f 1341/1906/558 1338/1903/555 1365/1967/582 1364/1970/581
f 1342/1907/559 1339/1904/556 1376/1968/593 1375/1971/592
f 1343/1908/560 1340/1905/557 1359/1969/576 1388/1972/605
f 1344/1909/561 1341/1906/558 1364/1970/581 1363/1973/580
f 1345/1910/562 1342/1907/559 1375/1971/592 1374/1974/591
f 1346/1911/563 1343/1908/560 1388/1972/605 1387/1975/604
f 1347/1912/564 1344/1909/561 1363/1973/580 1362/1976/579
f 1348/1913/565 1345/1910/562 1374/1974/591 1373/1977/590
f 1349/1914/566 1346/1911/563 1387/1975/604 1386/1978/603
f 1336/1901/553 1347/1912/564 1362/1976/579 1361/1965/578
f 1350/1915/567 1348/1913/565 1373/1977/590 1372/1979/589
f 1351/1916/568 1349/1914/566 1386/1978/603 1385/1980/602
f 1352/1917/569 1350/1915/567 1372/1979/589 1371/1981/588
f 1353/1918/570 1351/1916/568 1385/1980/602 1384/1982/601
f 1354/1919/571 1352/1917/569 1371/1981/588 1370/1983/587
f 1355/1921/572 1353/1920/570 1384/1984/601 1383/1985/600
f 1356/1922/573 1354/1919/571 1370/1983/587 1369/1986/586
f 1325/1889/542 1355/1921/572 1383/1985/600 1382/1987/599
f 1327/1923/544 1356/1922/573 1369/1986/586 1368/1988/585
f 1326/1890/543 1325/1889/542 1382/1987/599 1381/1989/598
f 1328/1892/545 1327/1891/544 1368/1990/585 1357/1925/574
f 1329/1894/546 1326/1890/543 1381/1989/598 1380/1959/597
l 854 852
l 1414 1415
l 1397 1398
l 1400 1397
l 1399 1400
l 1402 1399
l 1410 1407
l 1393 1394
l 1396 1393
l 1409 1410
l 1412 1409
l 977 1414
l 1395 1396
l 1398 1395
l 1411 1412
l 1390 1413
l 1389 1390
l 1405 1406
l 1408 1405
l 1392 1389
l 1391 1392
l 1394 1391
l 1407 1408
l 1401 1402
l 1404 1401
l 1403 1404
l 1406 1403
