# Blender 4.1.0
# www.blender.org
mtllib arch_processed.mtl
o mesh0
v 1.718870 0.127000 2.815710
v 1.718870 0.114300 2.815710
v 1.718870 0.114300 1.066800
v 1.718870 0.127000 1.066800
v 1.718870 0.114300 1.066800
v 1.718870 0.127000 1.066800
v 0.457200 0.127000 1.066800
v 0.457200 0.114300 1.066800
v 1.687748 0.139700 3.207348
v 1.687746 0.127000 3.207131
v 1.579842 0.139700 3.211185
v 1.587180 0.127000 3.210962
v 1.509545 0.127000 3.218643
v 1.476871 0.139700 3.223172
v 1.407438 0.127000 3.235075
v 1.387340 0.139700 3.239469
v 1.277378 0.127000 3.267730
v 1.277414 0.139700 3.267853
v 1.277369 0.127000 3.267898
v 1.277454 0.139700 3.268084
v 1.216680 0.139700 3.298028
v 1.213045 0.127000 3.300190
v 1.165306 0.127000 3.329134
v 1.145339 0.139700 3.342345
v 1.119731 0.127000 3.361522
v 1.086944 0.139700 3.388119
v 1.076723 0.127000 3.397047
v 1.032460 0.139700 3.439269
v 1.029929 0.127000 3.442164
v 0.987067 0.127000 3.491549
v 0.984132 0.139700 3.495245
v 0.941776 0.127000 3.553808
v 0.941877 0.139700 3.553876
v 0.942339 0.127000 3.554224
v 0.942199 0.139700 3.554090
v 0.901402 0.139700 3.596115
v 0.878229 0.127000 3.618145
v 0.836831 0.139700 3.654736
v 0.792965 0.127000 3.690832
v 0.769017 0.139700 3.708789
v 0.686931 0.139700 3.764860
v 0.701906 0.127000 3.755310
v 0.590069 0.139700 3.820223
v 0.605392 0.127000 3.812224
v 0.488228 0.139700 3.866857
v 0.504508 0.127000 3.860080
v 0.406446 0.139700 3.896922
v 0.399717 0.127000 3.899468
v 0.323335 0.139700 3.921564
v 0.279781 0.127000 3.932207
v 0.249144 0.139700 3.938191
v 0.176868 0.139700 3.950521
v 0.157403 0.127000 3.953242
v 0.065895 0.139700 3.961190
v 0.046291 0.127000 3.961864
v -0.046291 0.139700 3.961864
v -0.065895 0.127000 3.961190
v -0.157403 0.139700 3.953242
v -0.176868 0.127000 3.950521
v -0.279781 0.139700 3.932207
v -0.249144 0.127000 3.938191
v -0.323335 0.127000 3.921564
v -0.399717 0.139700 3.899468
v -0.406446 0.127000 3.896922
v -0.504508 0.139700 3.860080
v -0.488228 0.127000 3.866857
v -0.605392 0.139700 3.812224
v -0.590069 0.127000 3.820223
v -0.701906 0.139700 3.755310
v -0.686931 0.127000 3.764860
v -0.792965 0.139700 3.690832
v -0.769017 0.127000 3.708789
v -0.836831 0.127000 3.654736
v -0.878229 0.139700 3.618145
v -0.901402 0.127000 3.596115
v -0.942339 0.139700 3.554224
v -0.942199 0.127000 3.554090
v -0.941776 0.139700 3.553808
v -0.941877 0.127000 3.553876
v -0.984132 0.127000 3.495245
v -0.987067 0.139700 3.491549
v -1.032460 0.127000 3.439269
v -1.029929 0.139700 3.442164
v -1.076723 0.139700 3.397047
v -1.086944 0.127000 3.388119
v -1.119731 0.139700 3.361522
v -1.145339 0.127000 3.342345
v -1.165306 0.139700 3.329134
v -1.216680 0.127000 3.298028
v -1.213045 0.139700 3.300190
v -1.277369 0.139700 3.267898
v -1.277454 0.127000 3.268084
v -1.277414 0.127000 3.267853
v -1.277378 0.139700 3.267730
v -1.387340 0.127000 3.239469
v -1.407438 0.139700 3.235075
v -1.476871 0.127000 3.223172
v -1.509545 0.139700 3.218643
v -1.579842 0.127000 3.211185
v -1.587180 0.139700 3.210962
v -1.687746 0.139700 3.207131
v -1.687748 0.127000 3.207348
v 1.744270 0.139700 3.207540
v 1.744270 -0.139700 3.207540
v 1.744270 0.139700 3.359940
v 1.744270 -0.139700 3.359940
v 1.744270 0.139700 3.359940
v 1.744270 -0.139700 3.359940
v 1.687750 0.139700 3.359940
v 1.687750 -0.139700 3.359940
v 1.687748 0.139700 3.359756
v 1.687749 -0.139700 3.359825
v 1.330739 0.139700 3.411290
v 1.330770 -0.139700 3.411400
v 1.420672 0.139700 3.388017
v 1.392389 -0.139700 3.394649
v 1.474764 -0.139700 3.377867
v 1.527910 0.139700 3.369804
v 1.558757 -0.139700 3.366254
v 1.612347 0.139700 3.362041
v 1.629585 -0.139700 3.361225
v 1.330770 0.139700 3.411400
v 1.330770 -0.139700 3.411400
v 1.084651 0.139700 3.614991
v 1.063470 0.139700 3.647450
v 1.063053 -0.139700 3.647184
v 1.102116 -0.139700 3.591763
v 1.130824 0.139700 3.557237
v 1.134092 -0.139700 3.554092
v 1.183896 0.139700 3.505588
v 1.175173 -0.139700 3.513289
v 1.229325 0.139700 3.469982
v 1.232973 -0.139700 3.467042
v 1.284440 0.139700 3.434546
v 1.295816 -0.139700 3.428471
v 1.063470 0.139700 3.647450
v 1.063470 -0.139700 3.647450
v -1.063470 0.139700 3.647450
v -1.063470 -0.139700 3.647450
v -1.020828 -0.139700 3.692369
v -1.024917 0.139700 3.688068
v -0.957817 0.139700 3.751684
v -0.953256 -0.139700 3.755526
v -0.892562 -0.139700 3.806006
v -0.876765 0.139700 3.818432
v -0.819127 -0.139700 3.860271
v -0.779979 0.139700 3.886522
v -0.741434 -0.139700 3.910037
v -0.689767 0.139700 3.939529
v -0.650018 -0.139700 3.960708
v -0.619502 0.139700 3.975291
v -0.542048 -0.139700 4.009492
v -0.522685 0.139700 4.017364
v -0.455562 -0.139700 4.041197
v -0.398163 0.139700 4.059298
v -0.380083 -0.139700 4.064029
v -0.290824 -0.139700 4.085500
v -0.296588 0.139700 4.084161
v -0.205683 0.139700 4.100368
v -0.211983 -0.139700 4.099207
v -0.135046 -0.139700 4.108761
v -0.114917 0.139700 4.110370
v -0.042976 -0.139700 4.114314
v -0.036295 0.139700 4.114497
v 0.036295 -0.139700 4.114497
v 0.042976 0.139700 4.114314
v 0.114917 -0.139700 4.110370
v 0.135046 0.139700 4.108761
v 0.205683 -0.139700 4.100368
v 0.211983 0.139700 4.099207
v 0.290824 0.139700 4.085500
v 0.296588 -0.139700 4.084161
v 0.398163 -0.139700 4.059298
v 0.380083 0.139700 4.064029
v 0.455562 0.139700 4.041197
v 0.522685 -0.139700 4.017364
v 0.542048 0.139700 4.009492
v 0.619502 -0.139700 3.975291
v 0.650018 0.139700 3.960708
v 0.689767 -0.139700 3.939529
v 0.741434 0.139700 3.910037
v 0.779979 -0.139700 3.886522
v 0.819127 0.139700 3.860271
v 0.876765 -0.139700 3.818432
v 0.892562 0.139700 3.806006
v 0.957817 -0.139700 3.751684
v 0.953256 0.139700 3.755526
v 1.020828 0.139700 3.692369
v 1.024917 -0.139700 3.688068
v 1.718870 0.127000 2.815710
v 1.718870 0.114300 2.815710
v 2.073940 0.127000 2.815710
v 2.048540 0.114300 2.815710
v 2.073940 -0.127000 2.815710
v 2.048540 -0.114300 2.815710
v 1.718870 -0.127000 2.815710
v 1.718870 -0.114300 2.815710
v -1.063053 0.139700 3.647184
v -1.063470 -0.139700 3.647450
v -1.295816 0.139700 3.428471
v -1.330770 0.139700 3.411400
v -1.330770 -0.139700 3.411400
v -1.284440 -0.139700 3.434546
v -1.232973 0.139700 3.467042
v -1.229325 -0.139700 3.469982
v -1.175173 0.139700 3.513289
v -1.183896 -0.139700 3.505588
v -1.134092 0.139700 3.554092
v -1.130824 -0.139700 3.557237
v -1.102116 0.139700 3.591763
v -1.084651 -0.139700 3.614991
v -1.330770 0.139700 3.411400
v -1.330739 -0.139700 3.411290
v -1.687749 0.139700 3.359825
v -1.687748 -0.139700 3.359756
v -1.629585 0.139700 3.361225
v -1.612347 -0.139700 3.362041
v -1.558757 0.139700 3.366254
v -1.527910 -0.139700 3.369804
v -1.474764 0.139700 3.377867
v -1.420672 -0.139700 3.388017
v -1.392389 0.139700 3.394649
v 1.668575 0.139700 3.207641
v 1.744270 0.139700 3.207540
v 1.622514 0.139700 3.208987
v 1.583800 0.139700 3.211360
v 1.544759 0.139700 3.214718
v 1.493310 0.139700 3.220893
v 1.442306 0.139700 3.228908
v 1.403570 0.139700 3.236340
v 1.365532 0.139700 3.244624
v 1.327590 0.139700 3.254100
v 1.302500 0.139700 3.260940
v 1.277530 0.139700 3.268250
v 1.260590 0.139700 3.275960
v 1.235318 0.139700 3.288346
v 1.202932 0.139700 3.306035
v 1.171074 0.139700 3.325483
v 1.140133 0.139700 3.346517
v 1.110678 0.139700 3.368685
v 1.088930 0.139700 3.386610
v 1.068061 0.139700 3.404993
v 1.041139 0.139700 3.430911
v 1.015697 0.139700 3.457905
v 0.997366 0.139700 3.479160
v 0.979774 0.139700 3.500965
v 0.957780 0.139700 3.530833
v 0.942199 0.139700 3.554090
v 0.916537 0.139700 3.580786
v 0.889685 0.139700 3.606990
v 0.862073 0.139700 3.632562
v 0.824669 0.139700 3.664830
v 0.795664 0.139700 3.688130
v 0.775948 0.139700 3.703250
v 0.755944 0.139700 3.717990
v 0.725387 0.139700 3.739461
v 0.694283 0.139700 3.759860
v 0.662690 0.139700 3.779445
v 0.630309 0.139700 3.798110
v 0.608507 0.139700 3.810030
v 0.586479 0.139700 3.821530
v 0.553135 0.139700 3.837991
v 0.519127 0.139700 3.853450
v 0.496280 0.139700 3.863220
v 0.461920 0.139700 3.877013
v 0.426673 0.139700 3.889870
v 0.391381 0.139700 3.901714
v 0.355643 0.139700 3.912460
v 0.319736 0.139700 3.922246
v 0.283429 0.139700 3.930910
v 0.259135 0.139700 3.936130
v 0.234746 0.139700 3.940880
v 0.198023 0.139700 3.947181
v 0.161093 0.139700 3.952310
v 0.136411 0.139700 3.955170
v 0.099517 0.139700 3.958617
v 0.062097 0.139700 3.960910
v 0.024646 0.139700 3.962223
v -0.024646 0.139700 3.962223
v -0.062097 0.139700 3.960910
v -0.099517 0.139700 3.958617
v -0.136411 0.139700 3.955170
v -0.161093 0.139700 3.952310
v -0.198023 0.139700 3.947181
v -0.234746 0.139700 3.940880
v -0.259135 0.139700 3.936130
v -0.283429 0.139700 3.930910
v -0.319736 0.139700 3.922246
v -0.355643 0.139700 3.912460
v -0.391381 0.139700 3.901714
v -0.426673 0.139700 3.889870
v -0.461920 0.139700 3.877013
v -0.496280 0.139700 3.863220
v -0.519127 0.139700 3.853450
v -0.553135 0.139700 3.837991
v -0.586479 0.139700 3.821530
v -0.608507 0.139700 3.810030
v -0.630309 0.139700 3.798110
v -0.662690 0.139700 3.779445
v -0.694283 0.139700 3.759860
v -0.725387 0.139700 3.739461
v -0.755944 0.139700 3.717990
v -0.775948 0.139700 3.703250
v -0.795664 0.139700 3.688130
v -0.824669 0.139700 3.664830
v -0.862073 0.139700 3.632562
v -0.889685 0.139700 3.606990
v -0.916537 0.139700 3.580786
v -0.942199 0.139700 3.554090
v -0.957780 0.139700 3.530833
v -0.979774 0.139700 3.500965
v -0.997366 0.139700 3.479160
v -1.015697 0.139700 3.457905
v -1.041139 0.139700 3.430911
v -1.068061 0.139700 3.404993
v -1.088930 0.139700 3.386610
v -1.110678 0.139700 3.368685
v -1.140133 0.139700 3.346517
v -1.171074 0.139700 3.325483
v -1.202932 0.139700 3.306035
v -1.235318 0.139700 3.288346
v -1.260590 0.139700 3.275960
v -1.277530 0.139700 3.268250
v -1.302500 0.139700 3.260940
v -1.327590 0.139700 3.254100
v -1.365532 0.139700 3.244624
v -1.403570 0.139700 3.236340
v -1.442306 0.139700 3.228908
v -1.493310 0.139700 3.220893
v -1.544759 0.139700 3.214718
v -1.583800 0.139700 3.211360
v -1.622514 0.139700 3.208987
v -1.668575 0.139700 3.207641
v 1.744270 0.139700 3.359940
v 1.669961 0.139700 3.360037
v 1.353980 0.139700 3.404810
v 1.330770 0.139700 3.411400
v 1.388808 0.139700 3.395746
v 1.424300 0.139700 3.387700
v 1.459746 0.139700 3.380620
v 1.495480 0.139700 3.374650
v 1.531507 0.139700 3.369577
v 1.579336 0.139700 3.364537
v 1.627454 0.139700 3.361320
v 1.076783 0.139700 3.626742
v 1.063470 0.139700 3.647450
v 1.095846 0.139700 3.600058
v 1.116386 0.139700 3.574329
v 1.132770 0.139700 3.555740
v 1.149741 0.139700 3.537829
v 1.173502 0.139700 3.515088
v 1.192130 0.139700 3.498930
v 1.211494 0.139700 3.483320
v 1.231200 0.139700 3.468820
v 1.251740 0.139700 3.454817
v 1.279824 0.139700 3.437614
v 1.308361 0.139700 3.422162
v -1.063470 0.139700 3.647450
v -1.036575 0.139700 3.676046
v -1.008610 0.139700 3.704030
v -0.979856 0.139700 3.731420
v -0.950735 0.139700 3.757530
v -0.930806 0.139700 3.774660
v -0.900173 0.139700 3.799858
v -0.869197 0.139700 3.823810
v -0.848076 0.139700 3.839440
v -0.826673 0.139700 3.854680
v -0.804997 0.139700 3.869530
v -0.783054 0.139700 3.883980
v -0.760852 0.139700 3.898030
v -0.738398 0.139700 3.911670
v -0.704198 0.139700 3.931465
v -0.669598 0.139700 3.950120
v -0.634362 0.139700 3.968021
v -0.598802 0.139700 3.984760
v -0.574796 0.139700 3.995440
v -0.550600 0.139700 4.005680
v -0.514240 0.139700 4.020170
v -0.476950 0.139700 4.033740
v -0.439654 0.139700 4.046284
v -0.401878 0.139700 4.057740
v -0.363914 0.139700 4.068240
v -0.313028 0.139700 4.080513
v -0.274208 0.139700 4.088520
v -0.235040 0.139700 4.095596
v -0.196449 0.139700 4.101370
v -0.170388 0.139700 4.104710
v -0.144270 0.139700 4.107570
v -0.105238 0.139700 4.111017
v -0.065664 0.139700 4.113310
v -0.026083 0.139700 4.114622
v 0.026083 0.139700 4.114622
v 0.065664 0.139700 4.113310
v 0.105238 0.139700 4.111017
v 0.157560 0.139700 4.106235
v 0.196449 0.139700 4.101370
v 0.235040 0.139700 4.095596
v 0.274208 0.139700 4.088520
v 0.313028 0.139700 4.080513
v 0.363914 0.139700 4.068240
v 0.401878 0.139700 4.057740
v 0.439654 0.139700 4.046284
v 0.476950 0.139700 4.033740
v 0.514240 0.139700 4.020170
v 0.550600 0.139700 4.005680
v 0.574796 0.139700 3.995440
v 0.598802 0.139700 3.984760
v 0.634362 0.139700 3.968021
v 0.669598 0.139700 3.950120
v 0.704198 0.139700 3.931465
v 0.738398 0.139700 3.911670
v 0.760852 0.139700 3.898030
v 0.783054 0.139700 3.883980
v 0.804997 0.139700 3.869530
v 0.826673 0.139700 3.854680
v 0.848076 0.139700 3.839440
v 0.869197 0.139700 3.823810
v 0.900173 0.139700 3.799858
v 0.930806 0.139700 3.774660
v 0.950735 0.139700 3.757530
v 0.979856 0.139700 3.731420
v 1.008610 0.139700 3.704030
v 1.036575 0.139700 3.676046
v -1.308361 0.139700 3.422162
v -1.330770 0.139700 3.411400
v -1.279824 0.139700 3.437614
v -1.251740 0.139700 3.454817
v -1.231200 0.139700 3.468820
v -1.211494 0.139700 3.483320
v -1.192130 0.139700 3.498930
v -1.173502 0.139700 3.515088
v -1.149741 0.139700 3.537829
v -1.132770 0.139700 3.555740
v -1.116386 0.139700 3.574329
v -1.095846 0.139700 3.600058
v -1.076783 0.139700 3.626742
v -1.669961 0.139700 3.360037
v -1.627454 0.139700 3.361320
v -1.579336 0.139700 3.364537
v -1.531507 0.139700 3.369577
v -1.495480 0.139700 3.374650
v -1.459746 0.139700 3.380620
v -1.424300 0.139700 3.387700
v -1.388808 0.139700 3.395746
v -1.353980 0.139700 3.404810
v -1.744270 0.139700 3.207540
v -1.744270 0.139700 3.359940
v -1.687750 0.139700 3.359940
v -1.687750 -0.139700 3.359940
v -1.744270 0.139700 3.359940
v -1.744270 -0.139700 3.359940
v -1.744270 0.139700 3.207540
v -1.744270 0.139700 3.359940
v -1.744270 -0.139700 3.359940
v -1.744270 -0.139700 3.207540
v 1.687746 -0.139700 3.207131
v 1.687748 -0.127000 3.207348
v 1.579842 -0.127000 3.211185
v 1.587180 -0.139700 3.210962
v 1.509545 -0.139700 3.218643
v 1.476871 -0.127000 3.223172
v 1.407438 -0.139700 3.235075
v 1.387340 -0.127000 3.239469
v 1.277378 -0.139700 3.267730
v 1.277414 -0.127000 3.267853
v 1.277369 -0.139700 3.267898
v 1.277454 -0.127000 3.268084
v 1.216680 -0.127000 3.298028
v 1.213045 -0.139700 3.300190
v 1.165306 -0.139700 3.329134
v 1.145339 -0.127000 3.342345
v 1.119731 -0.139700 3.361522
v 1.086944 -0.127000 3.388119
v 1.076723 -0.139700 3.397047
v 1.032460 -0.127000 3.439269
v 1.029929 -0.139700 3.442164
v 0.987067 -0.139700 3.491549
v 0.984132 -0.127000 3.495245
v 0.941776 -0.139700 3.553808
v 0.941877 -0.127000 3.553876
v 0.942339 -0.139700 3.554224
v 0.942199 -0.127000 3.554090
v 0.901402 -0.127000 3.596115
v 0.878229 -0.139700 3.618145
v 0.836831 -0.127000 3.654736
v 0.792965 -0.139700 3.690832
v 0.769017 -0.127000 3.708789
v 0.686931 -0.127000 3.764860
v 0.701906 -0.139700 3.755310
v 0.590069 -0.127000 3.820223
v 0.605392 -0.139700 3.812224
v 0.488228 -0.127000 3.866857
v 0.504508 -0.139700 3.860080
v 0.406446 -0.127000 3.896922
v 0.399717 -0.139700 3.899468
v 0.323335 -0.127000 3.921564
v 0.279781 -0.139700 3.932207
v 0.249144 -0.127000 3.938191
v 0.176868 -0.127000 3.950521
v 0.157403 -0.139700 3.953242
v 0.065895 -0.127000 3.961190
v 0.046291 -0.139700 3.961864
v -0.046291 -0.127000 3.961864
v -0.065895 -0.139700 3.961190
v -0.157403 -0.127000 3.953242
v -0.176868 -0.139700 3.950521
v -0.279781 -0.127000 3.932207
v -0.249144 -0.139700 3.938191
v -0.323335 -0.139700 3.921564
v -0.399717 -0.127000 3.899468
v -0.406446 -0.139700 3.896922
v -0.504508 -0.127000 3.860080
v -0.488228 -0.139700 3.866857
v -0.605392 -0.127000 3.812224
v -0.590069 -0.139700 3.820223
v -0.701906 -0.127000 3.755310
v -0.686931 -0.139700 3.764860
v -0.792965 -0.127000 3.690832
v -0.769017 -0.139700 3.708789
v -0.836831 -0.139700 3.654736
v -0.878229 -0.127000 3.618145
v -0.901402 -0.139700 3.596115
v -0.942339 -0.127000 3.554224
v -0.942199 -0.139700 3.554090
v 1.744270 -0.139700 3.207540
v 1.668575 -0.139700 3.207641
v 1.744270 -0.139700 3.359940
v 1.669961 -0.139700 3.360037
v 1.330770 -0.139700 3.411400
v 1.353980 -0.139700 3.404810
v 1.388808 -0.139700 3.395746
v 1.424300 -0.139700 3.387700
v 1.459746 -0.139700 3.380620
v 1.495480 -0.139700 3.374650
v 1.531507 -0.139700 3.369577
v 1.579336 -0.139700 3.364537
v 1.627454 -0.139700 3.361320
v 1.063470 -0.139700 3.647450
v 1.076783 -0.139700 3.626742
v 1.095846 -0.139700 3.600058
v 1.116386 -0.139700 3.574329
v 1.132770 -0.139700 3.555740
v 1.149741 -0.139700 3.537829
v 1.173502 -0.139700 3.515088
v 1.192130 -0.139700 3.498930
v 1.211494 -0.139700 3.483320
v 1.231200 -0.139700 3.468820
v 1.251740 -0.139700 3.454817
v 1.279824 -0.139700 3.437614
v 1.308361 -0.139700 3.422162
v -1.063470 -0.139700 3.647450
v -1.036575 -0.139700 3.676046
v -1.008610 -0.139700 3.704030
v -0.979856 -0.139700 3.731420
v -0.950735 -0.139700 3.757530
v -0.930806 -0.139700 3.774660
v -0.900173 -0.139700 3.799858
v -0.869197 -0.139700 3.823810
v -0.848076 -0.139700 3.839440
v -0.826673 -0.139700 3.854680
v -0.804997 -0.139700 3.869530
v -0.783054 -0.139700 3.883980
v -0.760852 -0.139700 3.898030
v -0.738398 -0.139700 3.911670
v -0.704198 -0.139700 3.931465
v -0.669598 -0.139700 3.950120
v -0.634362 -0.139700 3.968021
v -0.598802 -0.139700 3.984760
v -0.574796 -0.139700 3.995440
v -0.550600 -0.139700 4.005680
v -0.514240 -0.139700 4.020170
v -0.476950 -0.139700 4.033740
v -0.439654 -0.139700 4.046284
v -0.401878 -0.139700 4.057740
v -0.363914 -0.139700 4.068240
v -0.313028 -0.139700 4.080513
v -0.274208 -0.139700 4.088520
v -0.235040 -0.139700 4.095596
v -0.196449 -0.139700 4.101370
v -0.157560 -0.139700 4.106235
v -0.105238 -0.139700 4.111017
v -0.065664 -0.139700 4.113310
v -0.026083 -0.139700 4.114622
v 0.026083 -0.139700 4.114622
v 0.065664 -0.139700 4.113310
v 0.105238 -0.139700 4.111017
v 0.157560 -0.139700 4.106235
v 0.196449 -0.139700 4.101370
v 0.235040 -0.139700 4.095596
v 0.274208 -0.139700 4.088520
v 0.313028 -0.139700 4.080513
v 0.363914 -0.139700 4.068240
v 0.401878 -0.139700 4.057740
v 0.439654 -0.139700 4.046284
v 0.476950 -0.139700 4.033740
v 0.514240 -0.139700 4.020170
v 0.550600 -0.139700 4.005680
v 0.574796 -0.139700 3.995440
v 0.598802 -0.139700 3.984760
v 0.634362 -0.139700 3.968021
v 0.669598 -0.139700 3.950120
v 0.704198 -0.139700 3.931465
v 0.738398 -0.139700 3.911670
v 0.760852 -0.139700 3.898030
v 0.783054 -0.139700 3.883980
v 0.804997 -0.139700 3.869530
v 0.826673 -0.139700 3.854680
v 0.848076 -0.139700 3.839440
v 0.869197 -0.139700 3.823810
v 0.900173 -0.139700 3.799858
v 0.930806 -0.139700 3.774660
v 0.950735 -0.139700 3.757530
v 0.979856 -0.139700 3.731420
v 1.008610 -0.139700 3.704030
v 1.036575 -0.139700 3.676046
v -1.330770 -0.139700 3.411400
v -1.308361 -0.139700 3.422162
v -1.279824 -0.139700 3.437614
v -1.251740 -0.139700 3.454817
v -1.231200 -0.139700 3.468820
v -1.211494 -0.139700 3.483320
v -1.192130 -0.139700 3.498930
v -1.173502 -0.139700 3.515088
v -1.149741 -0.139700 3.537829
v -1.132770 -0.139700 3.555740
v -1.116386 -0.139700 3.574329
v -1.095846 -0.139700 3.600058
v -1.076783 -0.139700 3.626742
v -1.669961 -0.139700 3.360037
v -1.627454 -0.139700 3.361320
v -1.579336 -0.139700 3.364537
v -1.531507 -0.139700 3.369577
v -1.495480 -0.139700 3.374650
v -1.459746 -0.139700 3.380620
v -1.424300 -0.139700 3.387700
v -1.388808 -0.139700 3.395746
v -1.353980 -0.139700 3.404810
v -1.744270 -0.139700 3.359940
v -1.744270 -0.139700 3.207540
v 1.622514 -0.139700 3.208987
v 1.583800 -0.139700 3.211360
v 1.544759 -0.139700 3.214718
v 1.493310 -0.139700 3.220893
v 1.442306 -0.139700 3.228908
v 1.403570 -0.139700 3.236340
v 1.365532 -0.139700 3.244624
v 1.327590 -0.139700 3.254100
v 1.302500 -0.139700 3.260940
v 1.277530 -0.139700 3.268250
v 1.260590 -0.139700 3.275960
v 1.235318 -0.139700 3.288346
v 1.202932 -0.139700 3.306035
v 1.171074 -0.139700 3.325483
v 1.140133 -0.139700 3.346517
v 1.110678 -0.139700 3.368685
v 1.088930 -0.139700 3.386610
v 1.068061 -0.139700 3.404993
v 1.041139 -0.139700 3.430911
v 1.015697 -0.139700 3.457905
v 0.997366 -0.139700 3.479160
v 0.979774 -0.139700 3.500965
v 0.957780 -0.139700 3.530833
v 0.942199 -0.139700 3.554090
v 0.916537 -0.139700 3.580786
v 0.889685 -0.139700 3.606990
v 0.862073 -0.139700 3.632562
v 0.824669 -0.139700 3.664830
v 0.795664 -0.139700 3.688130
v 0.775948 -0.139700 3.703250
v 0.755944 -0.139700 3.717990
v 0.725387 -0.139700 3.739461
v 0.694283 -0.139700 3.759860
v 0.662690 -0.139700 3.779445
v 0.630309 -0.139700 3.798110
v 0.608507 -0.139700 3.810030
v 0.586479 -0.139700 3.821530
v 0.553135 -0.139700 3.837991
v 0.519127 -0.139700 3.853450
v 0.496280 -0.139700 3.863220
v 0.461920 -0.139700 3.877013
v 0.426673 -0.139700 3.889870
v 0.391381 -0.139700 3.901714
v 0.355643 -0.139700 3.912460
v 0.319736 -0.139700 3.922246
v 0.283429 -0.139700 3.930910
v 0.259135 -0.139700 3.936130
v 0.234746 -0.139700 3.940880
v 0.198023 -0.139700 3.947181
v 0.161093 -0.139700 3.952310
v 0.136411 -0.139700 3.955170
v 0.099517 -0.139700 3.958617
v 0.062097 -0.139700 3.960910
v 0.024646 -0.139700 3.962223
v -0.024646 -0.139700 3.962223
v -0.062097 -0.139700 3.960910
v -0.099517 -0.139700 3.958617
v -0.136411 -0.139700 3.955170
v -0.161093 -0.139700 3.952310
v -0.198023 -0.139700 3.947181
v -0.234746 -0.139700 3.940880
v -0.259135 -0.139700 3.936130
v -0.283429 -0.139700 3.930910
v -0.319736 -0.139700 3.922246
v -0.355643 -0.139700 3.912460
v -0.391381 -0.139700 3.901714
v -0.426673 -0.139700 3.889870
v -0.461920 -0.139700 3.877013
v -0.496280 -0.139700 3.863220
v -0.519127 -0.139700 3.853450
v -0.553135 -0.139700 3.837991
v -0.586479 -0.139700 3.821530
v -0.608507 -0.139700 3.810030
v -0.630309 -0.139700 3.798110
v -0.662690 -0.139700 3.779445
v -0.694283 -0.139700 3.759860
v -0.725387 -0.139700 3.739461
v -0.755944 -0.139700 3.717990
v -0.775948 -0.139700 3.703250
v -0.795664 -0.139700 3.688130
v -0.824669 -0.139700 3.664830
v -0.862073 -0.139700 3.632562
v -0.889685 -0.139700 3.606990
v -0.916537 -0.139700 3.580786
v -0.942199 -0.139700 3.554090
v -0.997366 -0.139700 3.479160
v -0.979774 -0.139700 3.500965
v -1.493310 -0.139700 3.220893
v -1.442306 -0.139700 3.228908
v -1.403570 -0.139700 3.236340
v -1.365532 -0.139700 3.244624
v -1.171074 -0.139700 3.325483
v -1.110678 -0.139700 3.368685
v -1.015697 -0.139700 3.457905
v -0.957780 -0.139700 3.530833
v -1.583800 -0.139700 3.211360
v -1.544759 -0.139700 3.214718
v -1.327590 -0.139700 3.254100
v -1.302500 -0.139700 3.260940
v -1.277530 -0.139700 3.268250
v -1.140133 -0.139700 3.346517
v -1.068061 -0.139700 3.404993
v -1.041139 -0.139700 3.430911
v -1.622514 -0.139700 3.208987
v -1.260590 -0.139700 3.275960
v -1.235318 -0.139700 3.288346
v -1.088930 -0.139700 3.386610
v -1.202932 -0.139700 3.306035
v -1.668575 -0.139700 3.207641
v -1.476871 -0.139700 3.223172
v -1.387340 -0.139700 3.239469
v -1.579842 -0.139700 3.211185
v -1.277414 -0.139700 3.267853
v -1.687748 -0.139700 3.207348
v -1.277378 -0.127000 3.267730
v -1.407438 -0.127000 3.235075
v -1.509545 -0.127000 3.218643
v -1.587180 -0.127000 3.210962
v -1.687746 -0.127000 3.207131
v 1.718870 -0.127000 2.815710
v 1.718870 -0.114300 2.815710
v 1.718870 -0.127000 1.066800
v 1.718870 -0.114300 1.066800
v -0.941776 -0.127000 3.553808
v -0.941877 -0.139700 3.553876
v -0.984132 -0.139700 3.495245
v -1.145339 -0.139700 3.342345
v -1.277454 -0.139700 3.268084
v -1.086944 -0.139700 3.388119
v -1.032460 -0.139700 3.439269
v -1.216680 -0.139700 3.298028
v -1.277369 -0.127000 3.267898
v -0.987067 -0.127000 3.491549
v -1.029929 -0.127000 3.442164
v -1.076723 -0.127000 3.397047
v -1.119731 -0.127000 3.361522
v -1.165306 -0.127000 3.329134
v -1.213045 -0.127000 3.300190
v -1.687750 0.127000 3.207540
v -1.687750 0.139700 3.207540
v -1.744270 0.139700 3.207540
v -1.744270 -0.139700 3.207540
v -1.687750 -0.139700 3.207540
v -1.687750 -0.127000 3.207540
v -1.718870 -0.127000 3.207540
v -1.718870 0.127000 3.207540
v -1.718870 -0.127000 3.207540
v -1.718870 0.127000 3.207540
v -1.718870 0.127000 2.968110
v -1.718870 -0.127000 2.968110
v -1.718870 0.127000 2.968110
v -1.718870 -0.127000 2.968110
v -2.073940 0.127000 2.968110
v -2.073940 -0.127000 2.968110
v -2.073940 0.127000 2.968110
v -2.073940 -0.127000 2.968110
v -2.073940 0.127000 2.815710
v -2.073940 -0.127000 2.815710
v -2.073940 0.127000 2.815710
v -2.073940 -0.127000 2.815710
v -1.718870 -0.127000 2.815710
v -2.048540 -0.114300 2.815710
v -2.048540 0.114300 2.815710
v -1.718870 0.127000 2.815710
v -1.718870 0.114300 2.815710
v -1.718870 -0.114300 2.815710
v -1.718870 0.127000 2.815710
v -1.718870 0.114300 2.815710
v -1.718870 0.127000 1.066800
v -1.718870 0.114300 1.066800
v -1.718870 0.127000 1.066800
v -1.718870 0.114300 1.066800
v -0.457200 0.127000 1.066800
v -0.457200 0.114300 1.066800
v -1.718870 -0.127000 2.815710
v -1.718870 -0.114300 2.815710
v -1.718870 -0.114300 1.066800
v -1.718870 -0.127000 1.066800
v -1.718870 -0.114300 1.066800
v -1.718870 -0.127000 1.066800
v -0.457200 -0.127000 1.066800
v -0.457200 -0.114300 1.066800
v 1.718870 -0.127000 1.066800
v 1.718870 -0.114300 1.066800
v 0.457200 -0.127000 1.066800
v 0.457200 -0.114300 1.066800
v -2.048540 -0.114300 2.815710
v -2.048540 0.114300 2.815710
v -2.421179 -0.114300 1.193769
v -2.454936 0.114300 1.225815
v -2.421150 0.114300 1.193800
v -2.461999 -0.114300 1.233089
v -2.493173 0.114300 1.268379
v -2.499539 -0.114300 1.276212
v -2.524900 0.114300 1.310334
v -2.526151 -0.114300 1.312417
v -2.551686 0.114300 1.355946
v -2.555482 -0.114300 1.363005
v -2.570553 0.114300 1.399480
v -2.574952 -0.114300 1.412984
v -2.581925 0.114300 1.439624
v -2.584631 -0.114300 1.452946
v -2.587663 0.114300 1.474759
v -2.589400 0.114300 1.526533
v -2.589478 -0.114300 1.498987
v -2.586770 -0.114300 1.553921
v -2.580900 0.114300 1.587297
v -2.576622 -0.114300 1.604620
v -2.566479 0.114300 1.638034
v -2.562179 -0.114300 1.649928
v -2.544132 0.114300 1.692398
v -2.543808 -0.114300 1.692567
v -2.504824 0.114300 1.762287
v -2.517372 -0.114300 1.741889
v -2.483857 -0.114300 1.791870
v -2.453642 0.114300 1.830784
v -2.451193 -0.114300 1.833517
v -2.399402 -0.114300 1.890387
v -2.398180 0.114300 1.891580
v -2.275126 0.114300 2.014703
v -2.271329 -0.114300 2.018710
v -2.220384 0.114300 2.076850
v -2.217710 -0.114300 2.080167
v -2.177378 0.114300 2.135161
v -2.175060 -0.114300 2.138755
v -2.146573 0.114300 2.189477
v -2.143342 -0.114300 2.195902
v -2.124930 0.114300 2.237058
v -2.116934 -0.114300 2.257030
v -2.099801 0.114300 2.307434
v -2.093011 -0.114300 2.331427
v -2.078669 0.114300 2.389946
v -2.072474 -0.114300 2.419331
v -2.061268 0.114300 2.487456
v -2.057849 -0.114300 2.515952
v -2.050641 0.114300 2.591519
v -2.049145 -0.114300 2.612430
v -2.046865 0.114300 2.678821
v -2.046900 -0.114300 2.703127
v -2.421150 0.127000 1.193800
v -2.421150 -0.127000 1.193800
v -3.660020 0.127000 1.193800
v -3.660020 -0.127000 1.193800
v -2.421150 0.114300 1.193800
v -2.421150 0.127000 1.193800
v -2.421150 0.114300 1.066800
v -2.421150 0.127000 1.066800
v -2.421150 0.114300 1.066800
v -2.421150 0.127000 1.066800
v -3.660020 0.127000 1.066800
v -3.660020 0.114300 1.066800
v -3.660020 0.127000 1.193800
v -2.421150 0.127000 1.193800
v -2.421150 0.127000 1.066800
v -3.660020 0.127000 1.066800
v -2.421150 -0.114300 1.193800
v -2.421150 -0.127000 1.193800
v -2.421150 -0.127000 1.066800
v -2.421150 -0.114300 1.066800
v -2.421150 -0.127000 1.066800
v -2.421150 -0.114300 1.066800
v -3.660020 -0.127000 1.066800
v -3.660020 -0.114300 1.066800
v -3.660020 -0.127000 1.193800
v -2.421150 -0.127000 1.193800
v -2.421150 -0.127000 1.066800
v -3.660020 -0.127000 1.066800
v -3.660020 0.127000 1.193800
v -3.660020 -0.127000 1.193800
v -3.660020 0.127000 1.066800
v -3.660020 0.114300 1.066800
v -3.660020 -0.127000 1.066800
v -3.660020 -0.114300 1.066800
v -3.660020 0.114300 -0.000000
v -3.660020 0.304800 -0.000000
v -3.660020 0.304800 1.284870
v -3.660020 -0.304800 1.284870
v -3.660020 -0.304800 0.000000
v -3.660020 -0.114300 0.000000
v -3.660020 -0.304800 1.284870
v -3.660020 -0.304800 0.000000
v -4.405470 -0.304800 1.284870
v -4.405470 -0.304800 0.000000
v 2.073940 0.127000 2.815710
v 2.073940 -0.127000 2.815710
v 2.073940 0.127000 2.968110
v 2.073940 -0.127000 2.968110
v -4.405470 -0.304800 1.284870
v -4.405470 -0.304800 0.000000
v -4.405470 0.304800 1.284870
v -4.405470 0.304800 -0.000000
v -3.660020 0.304800 -0.000000
v -3.660020 0.304800 1.284870
v -4.405470 0.304800 1.284870
v -4.405470 0.304800 -0.000000
v 2.048540 -0.114300 2.815710
v 1.718870 -0.114300 2.815710
v 1.718870 -0.114300 1.066800
v 2.047227 -0.114300 2.733741
v 2.047098 -0.114300 2.684839
v 2.047937 -0.114300 2.643727
v 2.051604 -0.114300 2.580037
v 2.054830 -0.114300 2.544920
v 2.058313 -0.114300 2.513264
v 2.063830 -0.114300 2.472374
v 2.070803 -0.114300 2.430158
v 2.078749 -0.114300 2.390219
v 2.085380 -0.114300 2.361580
v 2.092495 -0.114300 2.333930
v 2.102583 -0.114300 2.299615
v 2.110630 -0.114300 2.275450
v 2.119126 -0.114300 2.252084
v 2.130926 -0.114300 2.223151
v 2.143416 -0.114300 2.196046
v 2.156444 -0.114300 2.170900
v 2.169732 -0.114300 2.148033
v 2.184448 -0.114300 2.125259
v 2.196700 -0.114300 2.107900
v 2.209938 -0.114300 2.090249
v 2.229151 -0.114300 2.066443
v 2.251581 -0.114300 2.040645
v 2.270490 -0.114300 2.020130
v 2.291844 -0.114300 1.997810
v 2.321150 -0.114300 1.968290
v 2.371205 -0.114300 1.918665
v 2.400347 -0.114300 1.889120
v 2.420210 -0.114300 1.868120
v 2.437854 -0.114300 1.848709
v 2.468463 -0.114300 1.812097
v 2.487108 -0.114300 1.787270
v 2.512124 -0.114300 1.749924
v 2.526841 -0.114300 1.725021
v 2.539837 -0.114300 1.700515
v 2.548630 -0.114300 1.682010
v 2.556671 -0.114300 1.663503
v 2.565728 -0.114300 1.639692
v 2.573231 -0.114300 1.616368
v 2.579275 -0.114300 1.593395
v 2.582860 -0.114300 1.576240
v 2.585690 -0.114300 1.559415
v 2.588170 -0.114300 1.537513
v 2.589337 -0.114300 1.505646
v 2.588459 -0.114300 1.485006
v 2.586306 -0.114300 1.464664
v 2.582861 -0.114300 1.444463
v 2.578061 -0.114300 1.424267
v 2.571989 -0.114300 1.404344
v 2.560392 -0.114300 1.374635
v 2.553240 -0.114300 1.359470
v 2.545239 -0.114300 1.344112
v 2.533359 -0.114300 1.323887
v 2.523400 -0.114300 1.308680
v 2.512593 -0.114300 1.293337
v 2.487325 -0.114300 1.261512
v 2.457649 -0.114300 1.228974
v 2.440890 -0.114300 1.212310
v 2.421152 -0.114300 1.193726
v 2.473040 -0.114300 1.245370
v 2.500380 -0.114300 1.277430
v 2.566530 -0.114300 1.389480
v 2.589090 -0.114300 1.521510
v 2.500050 -0.114300 1.768550
v 2.453280 -0.114300 1.830750
v 2.049410 -0.114300 2.612500
v -2.048540 -0.114300 2.815710
v -1.718870 -0.114300 2.815710
v -1.718870 -0.114300 1.066800
v -2.421152 -0.114300 1.193726
v -2.440890 -0.114300 1.212310
v -2.457649 -0.114300 1.228974
v -2.473040 -0.114300 1.245370
v -2.487325 -0.114300 1.261512
v -2.512593 -0.114300 1.293337
v -2.523400 -0.114300 1.308680
v -2.533359 -0.114300 1.323887
v -2.545239 -0.114300 1.344112
v -2.553240 -0.114300 1.359470
v -2.560392 -0.114300 1.374635
v -2.566530 -0.114300 1.389480
v -2.571989 -0.114300 1.404344
v -2.578061 -0.114300 1.424267
v -2.582861 -0.114300 1.444463
v -2.586306 -0.114300 1.464664
v -2.588459 -0.114300 1.485006
v -2.589337 -0.114300 1.505646
v -2.588170 -0.114300 1.537513
v -2.585690 -0.114300 1.559415
v -2.582860 -0.114300 1.576240
v -2.579275 -0.114300 1.593395
v -2.573231 -0.114300 1.616368
v -2.565728 -0.114300 1.639692
v -2.556671 -0.114300 1.663503
v -2.548630 -0.114300 1.682010
v -2.539837 -0.114300 1.700515
v -2.526841 -0.114300 1.725021
v -2.512124 -0.114300 1.749924
v -2.487108 -0.114300 1.787270
v -2.468463 -0.114300 1.812097
v -2.437854 -0.114300 1.848709
v -2.420210 -0.114300 1.868120
v -2.400347 -0.114300 1.889120
v -2.371205 -0.114300 1.918665
v -2.291844 -0.114300 1.997810
v -2.270490 -0.114300 2.020130
v -2.251581 -0.114300 2.040645
v -2.229151 -0.114300 2.066443
v -2.209938 -0.114300 2.090249
v -2.184448 -0.114300 2.125259
v -2.169732 -0.114300 2.148033
v -2.156444 -0.114300 2.170900
v -2.143416 -0.114300 2.196046
v -2.130926 -0.114300 2.223151
v -2.119126 -0.114300 2.252084
v -2.102583 -0.114300 2.299615
v -2.092495 -0.114300 2.333930
v -2.085380 -0.114300 2.361580
v -2.078749 -0.114300 2.390219
v -2.070803 -0.114300 2.430158
v -2.063830 -0.114300 2.472374
v -2.058313 -0.114300 2.513264
v -2.054830 -0.114300 2.544920
v -2.051604 -0.114300 2.580037
v -2.047937 -0.114300 2.643727
v -2.047098 -0.114300 2.684839
v -2.047227 -0.114300 2.733741
v -2.049410 -0.114300 2.612500
v -2.110630 -0.114300 2.275450
v -2.196700 -0.114300 2.107900
v -2.321150 -0.114300 1.968290
v -2.453280 -0.114300 1.830750
v -2.500050 -0.114300 1.768550
v -2.589090 -0.114300 1.521510
v -2.500380 -0.114300 1.277430
v -2.421150 -0.114300 1.066800
v -3.660020 -0.114300 1.066800
v -3.660020 -0.114300 0.000000
v 3.660020 -0.114300 0.000000
v 2.421150 -0.114300 1.066800
v 3.660020 -0.114300 1.066800
v 0.457200 0.114300 1.066800
v 0.457200 -0.114300 1.066800
v -0.457200 0.114300 1.066800
v -0.457200 -0.114300 1.066800
v 2.421150 -0.114300 1.193800
v 2.421150 -0.114300 1.066800
v 2.421150 -0.127000 1.193800
v 2.421150 -0.127000 1.066800
v 2.421150 -0.114300 1.066800
v 3.660020 -0.114300 1.066800
v 2.421150 -0.127000 1.066800
v 3.660020 -0.127000 1.066800
v 2.421150 -0.127000 1.193800
v 2.421150 -0.127000 1.066800
v 3.660020 -0.127000 1.066800
v 3.660020 -0.127000 1.193800
v 1.718870 0.114300 2.815710
v 1.718870 0.114300 1.066800
v 2.048540 0.114300 2.815710
v 2.047227 0.114300 2.733741
v 2.047098 0.114300 2.684839
v 2.047937 0.114300 2.643727
v 2.049410 0.114300 2.612500
v 2.051604 0.114300 2.580037
v 2.054830 0.114300 2.544920
v 2.058313 0.114300 2.513264
v 2.063830 0.114300 2.472374
v 2.070803 0.114300 2.430158
v 2.078749 0.114300 2.390219
v 2.085380 0.114300 2.361580
v 2.092495 0.114300 2.333930
v 2.102583 0.114300 2.299615
v 2.110630 0.114300 2.275450
v 2.119126 0.114300 2.252084
v 2.130926 0.114300 2.223151
v 2.143416 0.114300 2.196046
v 2.156444 0.114300 2.170900
v 2.169732 0.114300 2.148033
v 2.184448 0.114300 2.125259
v 2.196700 0.114300 2.107900
v 2.209938 0.114300 2.090249
v 2.229151 0.114300 2.066443
v 2.251581 0.114300 2.040645
v 2.270490 0.114300 2.020130
v 2.291844 0.114300 1.997810
v 2.321150 0.114300 1.968290
v 2.371205 0.114300 1.918665
v 2.400347 0.114300 1.889120
v 2.420210 0.114300 1.868120
v 2.437854 0.114300 1.848709
v 2.453280 0.114300 1.830750
v 2.468463 0.114300 1.812097
v 2.487108 0.114300 1.787270
v 2.500050 0.114300 1.768550
v 2.512124 0.114300 1.749924
v 2.526841 0.114300 1.725021
v 2.539837 0.114300 1.700515
v 2.548630 0.114300 1.682010
v 2.556671 0.114300 1.663503
v 2.565728 0.114300 1.639692
v 2.573231 0.114300 1.616368
v 2.579275 0.114300 1.593395
v 2.582860 0.114300 1.576240
v 2.585690 0.114300 1.559415
v 2.588170 0.114300 1.537513
v 2.589090 0.114300 1.521510
v 2.589337 0.114300 1.505646
v 2.588459 0.114300 1.485006
v 2.586306 0.114300 1.464664
v 2.582861 0.114300 1.444463
v 2.578061 0.114300 1.424267
v 2.571989 0.114300 1.404344
v 2.566530 0.114300 1.389480
v 2.560392 0.114300 1.374635
v 2.553240 0.114300 1.359470
v 2.545239 0.114300 1.344112
v 2.533359 0.114300 1.323887
v 2.523400 0.114300 1.308680
v 2.512593 0.114300 1.293337
v 2.500380 0.114300 1.277430
v 2.487325 0.114300 1.261512
v 2.473040 0.114300 1.245370
v 2.457649 0.114300 1.228974
v 2.440890 0.114300 1.212310
v 2.421152 0.114300 1.193726
v -2.048540 0.114300 2.815710
v -1.718870 0.114300 2.815710
v -1.718870 0.114300 1.066800
v -2.421152 0.114300 1.193726
v -2.440890 0.114300 1.212310
v -2.457649 0.114300 1.228974
v -2.473040 0.114300 1.245370
v -2.487325 0.114300 1.261512
v -2.500380 0.114300 1.277430
v -2.512593 0.114300 1.293337
v -2.523400 0.114300 1.308680
v -2.533359 0.114300 1.323887
v -2.545239 0.114300 1.344112
v -2.553240 0.114300 1.359470
v -2.560392 0.114300 1.374635
v -2.566530 0.114300 1.389480
v -2.571989 0.114300 1.404344
v -2.578061 0.114300 1.424267
v -2.582861 0.114300 1.444463
v -2.586306 0.114300 1.464664
v -2.588459 0.114300 1.485006
v -2.589337 0.114300 1.505646
v -2.589090 0.114300 1.521510
v -2.588170 0.114300 1.537513
v -2.585690 0.114300 1.559415
v -2.582860 0.114300 1.576240
v -2.579275 0.114300 1.593395
v -2.573231 0.114300 1.616368
v -2.565728 0.114300 1.639692
v -2.556671 0.114300 1.663503
v -2.548630 0.114300 1.682010
v -2.539837 0.114300 1.700515
v -2.526841 0.114300 1.725021
v -2.512124 0.114300 1.749924
v -2.500050 0.114300 1.768550
v -2.487108 0.114300 1.787270
v -2.468463 0.114300 1.812097
v -2.453280 0.114300 1.830750
v -2.437854 0.114300 1.848709
v -2.420210 0.114300 1.868120
v -2.400347 0.114300 1.889120
v -2.371205 0.114300 1.918665
v -2.321150 0.114300 1.968290
v -2.291844 0.114300 1.997810
v -2.270490 0.114300 2.020130
v -2.251581 0.114300 2.040645
v -2.229151 0.114300 2.066443
v -2.209938 0.114300 2.090249
v -2.196700 0.114300 2.107900
v -2.184448 0.114300 2.125259
v -2.169732 0.114300 2.148033
v -2.156444 0.114300 2.170900
v -2.143416 0.114300 2.196046
v -2.130926 0.114300 2.223151
v -2.119126 0.114300 2.252084
v -2.110630 0.114300 2.275450
v -2.102583 0.114300 2.299615
v -2.092495 0.114300 2.333930
v -2.085380 0.114300 2.361580
v -2.078749 0.114300 2.390219
v -2.070803 0.114300 2.430158
v -2.063830 0.114300 2.472374
v -2.058313 0.114300 2.513264
v -2.054830 0.114300 2.544920
v -2.051604 0.114300 2.580037
v -2.049410 0.114300 2.612500
v -2.047937 0.114300 2.643727
v -2.047098 0.114300 2.684839
v -2.047227 0.114300 2.733741
v -2.421150 0.114300 1.066800
v -3.660020 0.114300 1.066800
v -3.660020 0.114300 -0.000000
v 3.660020 0.114300 -0.000000
v 2.421150 0.114300 1.066800
v 3.660020 0.114300 1.066800
v 2.421150 -0.127000 1.193800
v 2.421150 0.127000 1.193800
v 3.660020 -0.127000 1.193800
v 3.660020 0.127000 1.193800
v 2.421150 0.114300 1.193800
v 2.421150 0.114300 1.066800
v 2.421150 0.127000 1.193800
v 2.421150 0.127000 1.066800
v 2.073940 0.127000 2.968110
v 2.073940 -0.127000 2.968110
v 1.718870 0.127000 2.968110
v 1.718870 -0.127000 2.968110
v 2.421150 0.114300 1.066800
v 3.660020 0.114300 1.066800
v 2.421150 0.127000 1.066800
v 3.660020 0.127000 1.066800
v 3.660020 0.127000 1.193800
v 2.421150 0.127000 1.193800
v 2.421150 0.127000 1.066800
v 3.660020 0.127000 1.066800
v 3.660020 -0.114300 0.000000
v 3.660020 -0.114300 1.066800
v 3.660020 -0.127000 1.066800
v 3.660020 -0.127000 1.193800
v 3.660020 0.114300 -0.000000
v 3.660020 0.114300 1.066800
v 3.660020 0.127000 1.193800
v 3.660020 0.127000 1.066800
v 3.660020 -0.304800 1.284870
v 3.660020 0.304800 1.284870
v 3.660020 0.304800 -0.000000
v 3.660020 -0.304800 0.000000
v -3.660020 0.114300 -0.000000
v -3.660020 0.304800 -0.000000
v -3.660020 -0.304800 0.000000
v -3.660020 -0.114300 0.000000
v -4.405470 -0.304800 0.000000
v -4.405470 0.304800 -0.000000
v 3.660020 -0.114300 0.000000
v 3.660020 0.114300 -0.000000
v 3.660020 0.304800 -0.000000
v 3.660020 -0.304800 0.000000
v 4.405470 -0.304800 0.000000
v 4.405470 0.304800 -0.000000
v 4.405470 -0.304800 0.000000
v 4.405470 0.304800 -0.000000
v 4.405470 0.304800 1.284870
v 4.405470 -0.304800 1.284870
v 3.660020 -0.304800 1.284870
v 3.660020 -0.304800 0.000000
v 4.405470 -0.304800 0.000000
v 4.405470 -0.304800 1.284870
v 3.660020 0.304800 1.284870
v 3.660020 0.304800 -0.000000
v 4.405470 0.304800 -0.000000
v 4.405470 0.304800 1.284870
v -3.660020 0.304800 1.284870
v -3.660020 -0.304800 1.284870
v -4.405470 -0.304800 1.284870
v -4.405470 0.304800 1.284870
v -3.634620 0.317500 1.284870
v -3.634620 -0.317500 1.284870
v -4.430870 -0.317500 1.284870
v -4.430870 0.317500 1.284870
v -3.634620 0.317500 1.284870
v -3.634620 -0.317500 1.284870
v -3.634620 0.317500 1.411870
v -3.634620 -0.317500 1.411870
v -3.634620 0.317500 1.411870
v -3.634620 -0.317500 1.411870
v -4.430870 0.317500 1.411870
v -4.430870 -0.317500 1.411870
v 1.718870 0.127000 2.968110
v 1.718870 -0.127000 2.968110
v 1.718870 0.127000 3.207540
v 1.718870 -0.127000 3.207540
v -4.430870 -0.317500 1.284870
v -4.430870 0.317500 1.284870
v -4.430870 0.317500 1.411870
v -4.430870 -0.317500 1.411870
v -3.634620 -0.317500 1.284870
v -4.430870 -0.317500 1.284870
v -3.634620 -0.317500 1.411870
v -4.430870 -0.317500 1.411870
v -3.634620 0.317500 1.284870
v -4.430870 0.317500 1.284870
v -3.634620 0.317500 1.411870
v -4.430870 0.317500 1.411870
v 3.660020 -0.304800 1.284870
v 3.660020 0.304800 1.284870
v 4.405470 0.304800 1.284870
v 4.405470 -0.304800 1.284870
v 4.430870 0.317500 1.284870
v 4.430870 -0.317500 1.284870
v 3.634620 -0.317500 1.284870
v 3.634620 0.317500 1.284870
v 4.430870 0.317500 1.284870
v 4.430870 -0.317500 1.284870
v 4.430870 0.317500 1.411870
v 4.430870 -0.317500 1.411870
v 4.430870 0.317500 1.411870
v 4.430870 -0.317500 1.411870
v 3.634620 0.317500 1.411870
v 3.634620 -0.317500 1.411870
v 3.634620 -0.317500 1.284870
v 3.634620 0.317500 1.284870
v 3.634620 0.317500 1.411870
v 3.634620 -0.317500 1.411870
v 4.430870 -0.317500 1.284870
v 3.634620 -0.317500 1.284870
v 4.430870 -0.317500 1.411870
v 3.634620 -0.317500 1.411870
v 4.430870 0.317500 1.284870
v 3.634620 0.317500 1.284870
v 4.430870 0.317500 1.411870
v 3.634620 0.317500 1.411870
v 2.073940 -0.127000 2.815710
v 1.718870 -0.127000 2.815710
v 1.718870 -0.127000 1.066800
v 0.457200 -0.127000 1.066800
v 2.073940 -0.127000 2.968110
v 1.718870 -0.127000 2.968110
v 1.718870 -0.127000 3.207540
v 1.668575 -0.127000 3.207641
v 1.622514 -0.127000 3.208987
v 1.583800 -0.127000 3.211360
v 1.544759 -0.127000 3.214718
v 1.493310 -0.127000 3.220893
v 1.442306 -0.127000 3.228908
v 1.403570 -0.127000 3.236340
v 1.365532 -0.127000 3.244624
v 1.327590 -0.127000 3.254100
v 1.302500 -0.127000 3.260940
v 1.277530 -0.127000 3.268250
v 1.260590 -0.127000 3.275960
v 1.235318 -0.127000 3.288346
v 1.202932 -0.127000 3.306035
v 1.171074 -0.127000 3.325483
v 1.140133 -0.127000 3.346517
v 1.110678 -0.127000 3.368685
v 1.088930 -0.127000 3.386610
v 1.068061 -0.127000 3.404993
v 1.041139 -0.127000 3.430911
v 1.015697 -0.127000 3.457905
v 0.997366 -0.127000 3.479160
v 0.979774 -0.127000 3.500965
v 0.957780 -0.127000 3.530833
v 0.942199 -0.127000 3.554090
v 0.916537 -0.127000 3.580786
v 0.889685 -0.127000 3.606990
v 0.862073 -0.127000 3.632562
v 0.824669 -0.127000 3.664830
v 0.795664 -0.127000 3.688130
v 0.775948 -0.127000 3.703250
v 0.755944 -0.127000 3.717990
v 0.725387 -0.127000 3.739461
v 0.694283 -0.127000 3.759860
v 0.662690 -0.127000 3.779445
v 0.630309 -0.127000 3.798110
v 0.608507 -0.127000 3.810030
v 0.586479 -0.127000 3.821530
v 0.553135 -0.127000 3.837991
v 0.519127 -0.127000 3.853450
v 0.496280 -0.127000 3.863220
v 0.461920 -0.127000 3.877013
v 0.426673 -0.127000 3.889870
v 0.391381 -0.127000 3.901714
v 0.355643 -0.127000 3.912460
v 0.319736 -0.127000 3.922246
v 0.283429 -0.127000 3.930910
v 0.259135 -0.127000 3.936130
v 0.234746 -0.127000 3.940880
v 0.198023 -0.127000 3.947181
v 0.161093 -0.127000 3.952310
v 0.136411 -0.127000 3.955170
v 0.099517 -0.127000 3.958617
v 0.062097 -0.127000 3.960910
v 0.024646 -0.127000 3.962223
v -0.024646 -0.127000 3.962223
v -0.062097 -0.127000 3.960910
v -0.099517 -0.127000 3.958617
v -0.136411 -0.127000 3.955170
v -0.161093 -0.127000 3.952310
v -0.198023 -0.127000 3.947181
v -0.234746 -0.127000 3.940880
v -0.259135 -0.127000 3.936130
v -0.283429 -0.127000 3.930910
v -0.319736 -0.127000 3.922246
v -0.355643 -0.127000 3.912460
v -0.391381 -0.127000 3.901714
v -0.426673 -0.127000 3.889870
v -0.461920 -0.127000 3.877013
v -0.496280 -0.127000 3.863220
v -0.519127 -0.127000 3.853450
v -0.553135 -0.127000 3.837991
v -0.586479 -0.127000 3.821530
v -0.608507 -0.127000 3.810030
v -0.630309 -0.127000 3.798110
v -0.662690 -0.127000 3.779445
v -0.694283 -0.127000 3.759860
v -0.725387 -0.127000 3.739461
v -0.755944 -0.127000 3.717990
v -0.775948 -0.127000 3.703250
v -0.795664 -0.127000 3.688130
v -0.824669 -0.127000 3.664830
v -0.862073 -0.127000 3.632562
v -0.889685 -0.127000 3.606990
v -0.916537 -0.127000 3.580786
v -0.942199 -0.127000 3.554090
v -1.277530 -0.127000 3.268250
v -1.302500 -0.127000 3.260940
v -1.327590 -0.127000 3.254100
v -1.365532 -0.127000 3.244624
v -1.403570 -0.127000 3.236340
v -1.442306 -0.127000 3.228908
v -1.493310 -0.127000 3.220893
v -1.544759 -0.127000 3.214718
v -1.583800 -0.127000 3.211360
v -1.622514 -0.127000 3.208987
v -1.668575 -0.127000 3.207641
v -0.957780 -0.127000 3.530833
v -0.979774 -0.127000 3.500965
v -0.997366 -0.127000 3.479160
v -1.015697 -0.127000 3.457905
v -1.041139 -0.127000 3.430911
v -1.068061 -0.127000 3.404993
v -1.088930 -0.127000 3.386610
v -1.110678 -0.127000 3.368685
v -1.140133 -0.127000 3.346517
v -1.171074 -0.127000 3.325483
v -1.202932 -0.127000 3.306035
v -1.235318 -0.127000 3.288346
v -1.260590 -0.127000 3.275960
v -1.718870 -0.127000 3.207540
v -1.718870 -0.127000 2.968110
v -2.073940 -0.127000 2.968110
v -2.073940 -0.127000 2.815710
v -1.718870 -0.127000 2.815710
v -1.718870 -0.127000 1.066800
v -0.457200 -0.127000 1.066800
v 0.441939 -0.127000 3.012740
v 0.445500 -0.127000 2.998370
v 0.433430 -0.127000 3.041100
v 0.451218 -0.127000 2.969310
v 0.453369 -0.127000 2.954660
v 0.787400 -0.127000 2.895600
v 0.448595 -0.127000 2.983890
v 0.455044 -0.127000 2.939950
v 0.456241 -0.127000 2.925190
v 0.437914 -0.127000 3.026990
v 0.428491 -0.127000 3.055060
v 0.417270 -0.127000 3.082460
v 0.411001 -0.127000 3.095880
v 0.404300 -0.127000 3.109080
v 0.397175 -0.127000 3.122060
v 0.389634 -0.127000 3.134800
v 0.373333 -0.127000 3.159520
v 0.381683 -0.127000 3.147290
v 0.257841 -0.127000 3.273160
v 0.232861 -0.127000 3.289060
v 0.213570 -0.127000 3.299917
v 0.073985 -0.127000 3.346835
v 0.051716 -0.127000 3.349870
v 0.029493 -0.127000 3.351906
v 0.007403 -0.127000 3.352740
v -0.336109 -0.127000 3.205540
v -0.325896 -0.127000 3.216260
v -0.373333 -0.127000 3.159520
v -0.364591 -0.127000 3.171470
v -0.787400 -0.127000 2.895600
v -0.456241 -0.127000 2.925190
v -0.455044 -0.127000 2.939950
v 0.423103 -0.127000 3.068850
v 0.336109 -0.127000 3.205540
v 0.269932 -0.127000 3.264610
v 0.193594 -0.127000 3.309790
v 0.095540 -0.127000 3.342710
v -0.007403 -0.127000 3.352740
v -0.029493 -0.127000 3.351906
v -0.051716 -0.127000 3.349870
v -0.073985 -0.127000 3.346835
v -0.131559 -0.127000 3.333523
v -0.173337 -0.127000 3.318729
v -0.152500 -0.127000 3.326620
v -0.257841 -0.127000 3.273160
v -0.245480 -0.127000 3.281310
v -0.269932 -0.127000 3.264610
v -0.281740 -0.127000 3.255680
v -0.345969 -0.127000 3.194490
v -0.355466 -0.127000 3.183130
v -0.389634 -0.127000 3.134800
v -0.381683 -0.127000 3.147290
v -0.397175 -0.127000 3.122060
v -0.428491 -0.127000 3.055060
v -0.423103 -0.127000 3.068850
v -0.433430 -0.127000 3.041100
v -0.451218 -0.127000 2.969310
v -0.448595 -0.127000 2.983890
v -0.456960 -0.127000 2.910410
v 0.456960 -0.127000 2.910410
v 0.364591 -0.127000 3.171470
v 0.325896 -0.127000 3.216260
v 0.315342 -0.127000 3.226650
v 0.245480 -0.127000 3.281310
v 0.173337 -0.127000 3.318729
v 0.131559 -0.127000 3.333523
v -0.095540 -0.127000 3.342710
v -0.109968 -0.127000 3.339380
v -0.298927 -0.127000 3.241613
v -0.315342 -0.127000 3.226650
v -0.404300 -0.127000 3.109080
v -0.411001 -0.127000 3.095880
v -0.417270 -0.127000 3.082460
v -0.445500 -0.127000 2.998370
v -0.441939 -0.127000 3.012740
v -0.453369 -0.127000 2.954660
v -0.457200 -0.127000 2.895600
v 0.355466 -0.127000 3.183130
v 0.298927 -0.127000 3.241613
v 0.152500 -0.127000 3.326620
v 0.109968 -0.127000 3.339380
v -0.213570 -0.127000 3.299917
v -0.193594 -0.127000 3.309790
v -0.437914 -0.127000 3.026990
v -0.787400 -0.127000 2.692400
v 0.787400 -0.127000 2.692400
v 0.345969 -0.127000 3.194490
v 0.281740 -0.127000 3.255680
v -0.232861 -0.127000 3.289060
v 0.457200 -0.127000 2.895600
v -0.457200 -0.127000 2.692400
v 0.457200 -0.127000 2.692400
v 2.048540 0.114300 2.815710
v 2.048540 -0.114300 2.815710
v 2.046931 -0.114300 2.706728
v 2.046921 0.114300 2.700686
v 2.048535 -0.114300 2.625534
v 2.048821 0.114300 2.619774
v 2.057899 -0.114300 2.513012
v 2.055680 0.114300 2.535294
v 2.065431 0.114300 2.461367
v 2.074508 -0.114300 2.409969
v 2.080747 0.114300 2.380007
v 2.092275 -0.114300 2.333958
v 2.107599 0.114300 2.282605
v 2.111240 -0.114300 2.273377
v 2.134724 -0.114300 2.213856
v 2.141000 0.114300 2.200371
v 2.163680 -0.114300 2.157821
v 2.169499 0.114300 2.148179
v 2.199186 0.114300 2.104207
v 2.192148 -0.114300 2.113968
v 2.231816 -0.114300 2.062899
v 2.232671 0.114300 2.062186
v 2.280482 0.114300 2.009205
v 2.287190 -0.114300 2.002429
v 2.413264 0.114300 1.876168
v 2.388880 -0.114300 1.901000
v 2.437209 -0.114300 1.849648
v 2.472214 0.114300 1.807741
v 2.478153 -0.114300 1.799798
v 2.507265 0.114300 1.757738
v 2.517372 -0.114300 1.741888
v 2.536248 0.114300 1.708188
v 2.549853 -0.114300 1.680091
v 2.563990 0.114300 1.645530
v 2.569817 -0.114300 1.627933
v 2.582639 0.114300 1.579873
v 2.582900 -0.114300 1.577754
v 2.589100 -0.114300 1.526664
v 2.589475 0.114300 1.519742
v 2.588179 -0.114300 1.478355
v 2.587663 0.114300 1.474759
v 2.581925 0.114300 1.439625
v 2.580806 -0.114300 1.434563
v 2.570062 0.114300 1.397982
v 2.569165 -0.114300 1.395873
v 2.550980 -0.114300 1.354485
v 2.550943 0.114300 1.354562
v 2.520586 0.114300 1.303681
v 2.529505 -0.114300 1.317701
v 2.504807 -0.114300 1.282816
v 2.467318 0.114300 1.238500
v 2.474508 -0.114300 1.246834
v 2.421506 -0.114300 1.193415
v 2.421179 0.114300 1.193769
v 0.443557 -0.127000 3.007660
v 0.422687 -0.127000 3.071101
v 0.453284 -0.127000 2.956473
v 0.457739 -0.127000 2.895610
v 0.392649 -0.127000 3.130388
v 0.359048 -0.127000 3.179117
v 0.280216 -0.127000 3.257462
v 0.224871 -0.127000 3.294014
v 0.100631 -0.127000 3.341893
v 0.042307 -0.127000 3.351133
v -0.024509 -0.127000 3.352617
v -0.342684 -0.127000 3.198693
v -0.378959 -0.127000 3.151899
v -0.457611 -0.127000 2.895607
v -0.453762 -0.127000 2.952804
v 0.324630 -0.127000 3.217764
v 0.164399 -0.127000 3.322728
v -0.140469 -0.127000 3.330849
v -0.271605 -0.127000 3.263575
v -0.405326 -0.127000 3.107459
v -0.429713 -0.127000 3.053115
v -0.446072 -0.127000 2.996559
v -0.090513 -0.127000 3.344055
v -0.306095 -0.127000 3.235419
v -0.228471 -0.127000 3.291961
v -0.181963 -0.127000 3.315196
v 0.457611 0.127000 2.895607
v 0.453762 0.127000 2.952804
v 0.446072 0.127000 2.996559
v 0.429713 0.127000 3.053115
v 0.405326 0.127000 3.107459
v 0.378959 0.127000 3.151899
v 0.342684 0.127000 3.198693
v 0.306095 0.127000 3.235419
v 0.271605 0.127000 3.263575
v 0.228471 0.127000 3.291961
v 0.181963 0.127000 3.315196
v 0.140469 0.127000 3.330849
v 0.090513 0.127000 3.344055
v 0.024509 0.127000 3.352617
v -0.042307 0.127000 3.351133
v -0.100631 0.127000 3.341893
v -0.164399 0.127000 3.322728
v -0.224871 0.127000 3.294014
v -0.280216 0.127000 3.257462
v -0.324630 0.127000 3.217764
v -0.359048 0.127000 3.179117
v -0.392649 0.127000 3.130388
v -0.422687 0.127000 3.071101
v -0.443557 0.127000 3.007660
v -0.453284 0.127000 2.956473
v -0.457739 0.127000 2.895610
v -0.787400 -0.127000 2.895600
v -0.457200 -0.127000 2.895600
v -0.787400 -0.139700 2.895600
v -0.457200 -0.139700 2.895600
v -0.787400 -0.127000 2.895600
v -0.787400 -0.127000 2.692400
v -0.787400 -0.139700 2.895600
v -0.787400 -0.139700 2.692400
v -0.787400 -0.127000 2.692400
v -0.457200 -0.127000 2.692400
v -0.787400 -0.139700 2.692400
v -0.457200 -0.139700 2.692400
v -0.787400 -0.139700 2.895600
v -0.457200 -0.139700 2.895600
v -0.787400 -0.139700 2.692400
v -0.457200 -0.139700 2.692400
v 0.787400 -0.127000 2.692400
v 0.457200 -0.127000 2.692400
v 0.787400 -0.139700 2.692400
v 0.457200 -0.139700 2.692400
v 0.787400 -0.127000 2.895600
v 0.787400 -0.127000 2.692400
v 0.787400 -0.139700 2.692400
v 0.787400 -0.139700 2.895600
v 0.787400 -0.127000 2.895600
v 0.457200 -0.127000 2.895600
v 0.787400 -0.139700 2.895600
v 0.457200 -0.139700 2.895600
v 0.787400 -0.139700 2.692400
v 0.457200 -0.139700 2.692400
v 0.787400 -0.139700 2.895600
v 0.457200 -0.139700 2.895600
v -0.457200 0.127000 1.066800
v -0.457200 -0.127000 1.066800
v -0.457200 -0.139700 2.895600
v -0.457200 -0.127000 2.692400
v -0.457200 0.139700 2.895600
v -0.457200 -0.139700 2.692400
v -0.457200 0.127000 2.692400
v -0.457200 0.139700 2.692400
v 1.718870 0.127000 3.207540
v 1.718870 -0.127000 3.207540
v 1.687750 0.139700 3.207540
v 1.744270 0.139700 3.207540
v 1.744270 -0.139700 3.207540
v 1.687750 -0.139700 3.207540
v 1.687750 -0.127000 3.207540
v 1.687750 0.127000 3.207540
v -0.457200 0.127000 2.895600
v -0.457200 0.139700 2.895600
v -0.787400 0.139700 2.895600
v -0.787400 0.127000 2.895600
v -0.787400 0.139700 2.895600
v -0.787400 0.127000 2.895600
v -0.787400 0.139700 2.692400
v -0.787400 0.127000 2.692400
v -0.457200 0.127000 2.692400
v -0.457200 0.139700 2.692400
v -0.787400 0.139700 2.692400
v -0.787400 0.127000 2.692400
v -0.457200 0.139700 2.895600
v -0.457200 0.139700 2.692400
v -0.787400 0.139700 2.895600
v -0.787400 0.139700 2.692400
v 1.718870 0.127000 2.815710
v 1.718870 0.127000 1.066800
v 0.457200 0.127000 1.066800
v 2.073940 0.127000 2.815710
v 2.073940 0.127000 2.968110
v 1.718870 0.127000 2.968110
v 1.718870 0.127000 3.207540
v 1.668575 0.127000 3.207641
v 1.622514 0.127000 3.208987
v 1.583800 0.127000 3.211360
v 1.544759 0.127000 3.214718
v 1.493310 0.127000 3.220893
v 1.442306 0.127000 3.228908
v 1.403570 0.127000 3.236340
v 1.365532 0.127000 3.244624
v 1.327590 0.127000 3.254100
v 1.302500 0.127000 3.260940
v 1.277530 0.127000 3.268250
v 1.260590 0.127000 3.275960
v 1.235318 0.127000 3.288346
v 1.202932 0.127000 3.306035
v 1.171074 0.127000 3.325483
v 1.140133 0.127000 3.346517
v 1.110678 0.127000 3.368685
v 1.088930 0.127000 3.386610
v 1.068061 0.127000 3.404993
v 1.041139 0.127000 3.430911
v 1.015697 0.127000 3.457905
v 0.997366 0.127000 3.479160
v 0.979774 0.127000 3.500965
v 0.957780 0.127000 3.530833
v 0.942199 0.127000 3.554090
v 0.916537 0.127000 3.580786
v 0.889685 0.127000 3.606990
v 0.862073 0.127000 3.632562
v 0.824669 0.127000 3.664830
v 0.795664 0.127000 3.688130
v 0.775948 0.127000 3.703250
v 0.755944 0.127000 3.717990
v 0.725387 0.127000 3.739461
v 0.694283 0.127000 3.759860
v 0.662690 0.127000 3.779445
v 0.630309 0.127000 3.798110
v 0.608507 0.127000 3.810030
v 0.586479 0.127000 3.821530
v 0.553135 0.127000 3.837991
v 0.519127 0.127000 3.853450
v 0.496280 0.127000 3.863220
v 0.461920 0.127000 3.877013
v 0.426673 0.127000 3.889870
v 0.391381 0.127000 3.901714
v 0.355643 0.127000 3.912460
v 0.319736 0.127000 3.922246
v 0.283429 0.127000 3.930910
v 0.259135 0.127000 3.936130
v 0.234746 0.127000 3.940880
v 0.198023 0.127000 3.947181
v 0.161093 0.127000 3.952310
v 0.136411 0.127000 3.955170
v 0.099517 0.127000 3.958617
v 0.062097 0.127000 3.960910
v 0.024646 0.127000 3.962223
v -0.024646 0.127000 3.962223
v -0.062097 0.127000 3.960910
v -0.099517 0.127000 3.958617
v -0.136411 0.127000 3.955170
v -0.161093 0.127000 3.952310
v -0.198023 0.127000 3.947181
v -0.234746 0.127000 3.940880
v -0.259135 0.127000 3.936130
v -0.283429 0.127000 3.930910
v -0.319736 0.127000 3.922246
v -0.355643 0.127000 3.912460
v -0.391381 0.127000 3.901714
v -0.426673 0.127000 3.889870
v -0.461920 0.127000 3.877013
v -0.496280 0.127000 3.863220
v -0.519127 0.127000 3.853450
v -0.553135 0.127000 3.837991
v -0.586479 0.127000 3.821530
v -0.608507 0.127000 3.810030
v -0.630309 0.127000 3.798110
v -0.662690 0.127000 3.779445
v -0.694283 0.127000 3.759860
v -0.725387 0.127000 3.739461
v -0.755944 0.127000 3.717990
v -0.775948 0.127000 3.703250
v -0.795664 0.127000 3.688130
v -0.824669 0.127000 3.664830
v -0.862073 0.127000 3.632562
v -0.889685 0.127000 3.606990
v -0.916537 0.127000 3.580786
v -0.942199 0.127000 3.554090
v -0.957780 0.127000 3.530833
v -0.979774 0.127000 3.500965
v -0.997366 0.127000 3.479160
v -1.015697 0.127000 3.457905
v -1.041139 0.127000 3.430911
v -1.068061 0.127000 3.404993
v -1.088930 0.127000 3.386610
v -1.110678 0.127000 3.368685
v -1.140133 0.127000 3.346517
v -1.171074 0.127000 3.325483
v -1.202932 0.127000 3.306035
v -1.235318 0.127000 3.288346
v -1.260590 0.127000 3.275960
v -1.277530 0.127000 3.268250
v -1.302500 0.127000 3.260940
v -1.327590 0.127000 3.254100
v -1.365532 0.127000 3.244624
v -1.403570 0.127000 3.236340
v -1.442306 0.127000 3.228908
v -1.493310 0.127000 3.220893
v -1.544759 0.127000 3.214718
v -1.583800 0.127000 3.211360
v -1.622514 0.127000 3.208987
v -1.668575 0.127000 3.207641
v -1.718870 0.127000 3.207540
v -1.718870 0.127000 2.968110
v -2.073940 0.127000 2.968110
v -2.073940 0.127000 2.815710
v -1.718870 0.127000 2.815710
v -1.718870 0.127000 1.066800
v -0.457200 0.127000 1.066800
v 0.456960 0.127000 2.910410
v 0.457200 0.127000 2.895600
v 0.456241 0.127000 2.925190
v 0.455044 0.127000 2.939950
v 0.453369 0.127000 2.954660
v 0.451218 0.127000 2.969310
v 0.448595 0.127000 2.983890
v 0.445500 0.127000 2.998370
v 0.441939 0.127000 3.012740
v 0.437914 0.127000 3.026990
v 0.433430 0.127000 3.041100
v 0.428491 0.127000 3.055060
v 0.423103 0.127000 3.068850
v 0.417270 0.127000 3.082460
v 0.411001 0.127000 3.095880
v 0.404300 0.127000 3.109080
v 0.397175 0.127000 3.122060
v 0.389634 0.127000 3.134800
v 0.381683 0.127000 3.147290
v 0.373333 0.127000 3.159520
v 0.364591 0.127000 3.171470
v 0.355466 0.127000 3.183130
v 0.345969 0.127000 3.194490
v 0.336109 0.127000 3.205540
v 0.325896 0.127000 3.216260
v 0.315342 0.127000 3.226650
v 0.298927 0.127000 3.241613
v 0.281740 0.127000 3.255680
v 0.269932 0.127000 3.264610
v 0.257841 0.127000 3.273160
v 0.245480 0.127000 3.281310
v 0.232861 0.127000 3.289060
v 0.213570 0.127000 3.299917
v 0.193594 0.127000 3.309790
v 0.173337 0.127000 3.318729
v 0.152500 0.127000 3.326620
v 0.131559 0.127000 3.333523
v 0.109968 0.127000 3.339380
v 0.095540 0.127000 3.342710
v 0.073985 0.127000 3.346835
v 0.051716 0.127000 3.349870
v 0.029493 0.127000 3.351906
v 0.007403 0.127000 3.352740
v -0.007403 0.127000 3.352740
v -0.029493 0.127000 3.351906
v -0.051716 0.127000 3.349870
v -0.073985 0.127000 3.346835
v -0.095540 0.127000 3.342710
v -0.109968 0.127000 3.339380
v -0.131559 0.127000 3.333523
v -0.152500 0.127000 3.326620
v -0.173337 0.127000 3.318729
v -0.193594 0.127000 3.309790
v -0.213570 0.127000 3.299917
v -0.232861 0.127000 3.289060
v -0.245480 0.127000 3.281310
v -0.257841 0.127000 3.273160
v -0.269932 0.127000 3.264610
v -0.281740 0.127000 3.255680
v -0.298927 0.127000 3.241613
v -0.315342 0.127000 3.226650
v -0.325896 0.127000 3.216260
v -0.336109 0.127000 3.205540
v -0.345969 0.127000 3.194490
v -0.355466 0.127000 3.183130
v -0.364591 0.127000 3.171470
v -0.373333 0.127000 3.159520
v -0.381683 0.127000 3.147290
v -0.389634 0.127000 3.134800
v -0.397175 0.127000 3.122060
v -0.404300 0.127000 3.109080
v -0.411001 0.127000 3.095880
v -0.417270 0.127000 3.082460
v -0.423103 0.127000 3.068850
v -0.428491 0.127000 3.055060
v -0.433430 0.127000 3.041100
v -0.437914 0.127000 3.026990
v -0.441939 0.127000 3.012740
v -0.445500 0.127000 2.998370
v -0.448595 0.127000 2.983890
v -0.451218 0.127000 2.969310
v -0.453369 0.127000 2.954660
v -0.455044 0.127000 2.939950
v -0.456241 0.127000 2.925190
v -0.456960 0.127000 2.910410
v -0.457200 0.127000 2.895600
v -0.457200 0.127000 2.692400
v -0.787400 0.127000 2.895600
v -0.787400 0.127000 2.692400
v 0.787400 0.127000 2.895600
v 0.787400 0.127000 2.692400
v 0.457200 0.127000 2.692400
v 0.457200 0.127000 1.066800
v 0.457200 -0.127000 1.066800
v 0.457200 -0.139700 2.895600
v 0.457200 -0.127000 2.692400
v 0.457200 0.139700 2.895600
v 0.457200 -0.139700 2.692400
v 0.457200 0.127000 2.692400
v 0.457200 0.139700 2.692400
v 0.787400 0.127000 2.692400
v 0.457200 0.127000 2.692400
v 0.457200 0.139700 2.692400
v 0.787400 0.139700 2.692400
v 0.787400 0.127000 2.895600
v 0.787400 0.127000 2.692400
v 0.787400 0.139700 2.692400
v 0.787400 0.139700 2.895600
v 0.457200 0.127000 2.895600
v 0.787400 0.127000 2.895600
v 0.457200 0.139700 2.895600
v 0.787400 0.139700 2.895600
v 0.457200 0.139700 2.692400
v 0.457200 0.139700 2.895600
v 0.787400 0.139700 2.692400
v 0.787400 0.139700 2.895600
vn 1.0000 -0.0000 -0.0000
vn -0.0000 -0.0000 -1.0000
vn -0.0375 0.0045 -0.9993
vn -0.0330 0.0030 -0.9995
vn -0.0440 -0.0117 -0.9990
vn -0.0897 -0.0369 -0.9953
vn -0.0899 -0.0363 -0.9953
vn -0.1075 -0.0380 -0.9935
vn -0.1522 -0.0505 -0.9871
vn -0.1525 -0.0502 -0.9870
vn -0.1678 -0.0553 -0.9843
vn -0.2361 -0.0446 -0.9707
vn -0.2365 -0.0441 -0.9706
vn -0.2521 -0.0480 -0.9665
vn -0.2589 0.0111 -0.9658
vn -0.2590 0.0101 -0.9658
vn -0.2414 0.0084 -0.9704
vn -0.1860 0.0517 -0.9812
vn -0.1857 0.0513 -0.9813
vn -0.1697 0.0555 -0.9839
vn -0.1221 0.0504 -0.9912
vn -0.1218 0.0501 -0.9913
vn -0.1064 0.0552 -0.9928
vn -0.0375 0.0083 -0.9993
vn -0.0406 0.0096 -0.9991
vn -0.0279 0.0223 -0.9994
vn -0.4445 -0.0128 -0.8957
vn -0.4422 -0.0143 -0.8968
vn -0.4588 -0.0281 -0.8881
vn -0.5089 -0.0012 -0.8608
vn -0.5085 0.0003 -0.8611
vn -0.5287 0.0054 -0.8488
vn -0.5709 -0.0550 -0.8192
vn -0.5710 -0.0548 -0.8191
vn -0.5880 -0.0612 -0.8065
vn -0.6314 -0.0199 -0.7752
vn -0.6308 -0.0206 -0.7757
vn -0.6461 -0.0305 -0.7626
vn -0.6906 -0.0147 -0.7231
vn -0.6886 -0.0163 -0.7249
vn -0.7019 -0.0303 -0.7117
vn -0.7478 -0.0028 -0.6639
vn -0.7476 -0.0013 -0.6642
vn -0.7630 0.0038 -0.6463
vn -0.8015 -0.0142 -0.5978
vn -0.8017 -0.0128 -0.5976
vn -0.8155 -0.0128 -0.5786
vn -0.8183 0.0111 -0.5748
vn -0.8183 0.0095 -0.5747
vn -0.8044 0.0067 -0.5941
vn -0.7648 0.0137 -0.6441
vn -0.7647 0.0124 -0.6443
vn -0.7493 0.0126 -0.6621
vn -0.6888 0.0283 -0.7244
vn -0.6895 0.0289 -0.7238
vn -0.6749 0.0394 -0.7368
vn -0.6225 0.0466 -0.7812
vn -0.6224 0.0465 -0.7813
vn -0.6064 0.0540 -0.7934
vn -0.5355 0.0465 -0.8433
vn -0.5350 0.0457 -0.8436
vn -0.5171 0.0514 -0.8544
vn -0.4452 0.0048 -0.8954
vn -0.4484 0.0066 -0.8938
vn -0.4323 0.0224 -0.9014
vn -0.7106 -0.0152 -0.7034
vn -0.7240 -0.0152 -0.6896
vn -0.7238 -0.0174 -0.6898
vn -0.6637 -0.0578 -0.7457
vn -0.6780 -0.0578 -0.7328
vn -0.6779 -0.0589 -0.7328
vn -0.6142 -0.0695 -0.7861
vn -0.6293 -0.0695 -0.7741
vn -0.6293 -0.0690 -0.7741
vn -0.5555 -0.0441 -0.8303
vn -0.5714 -0.0441 -0.8195
vn -0.5712 -0.0416 -0.8198
vn -0.4871 -0.0519 -0.8718
vn -0.5038 -0.0519 -0.8623
vn -0.5035 -0.0493 -0.8626
vn -0.4070 -0.0484 -0.9121
vn -0.4245 -0.0484 -0.9041
vn -0.4242 -0.0459 -0.9044
vn -0.3358 -0.0054 -0.9419
vn -0.3539 -0.0054 -0.9353
vn -0.3448 0.0041 -0.9387
vn -0.2745 -0.0416 -0.9607
vn -0.2930 -0.0416 -0.9552
vn -0.2927 -0.0438 -0.9552
vn -0.2089 -0.0676 -0.9756
vn -0.2276 -0.0676 -0.9714
vn -0.2276 -0.0672 -0.9714
vn -0.1585 0.0587 -0.9856
vn -0.1775 0.0587 -0.9824
vn -0.1766 0.0546 -0.9828
vn -0.0858 -0.0665 -0.9941
vn -0.1049 -0.0665 -0.9923
vn -0.1047 -0.0685 -0.9921
vn 0.0036 -0.0437 -0.9990
vn -0.0156 -0.0437 -0.9989
vn -0.0154 -0.0458 -0.9988
vn 0.0868 -0.0664 -0.9940
vn 0.0676 -0.0664 -0.9955
vn 0.0678 -0.0684 -0.9953
vn 0.1787 -0.0484 -0.9827
vn 0.1598 -0.0484 -0.9860
vn 0.1600 -0.0506 -0.9858
vn 0.2715 -0.0942 -0.9578
vn 0.2530 -0.0942 -0.9629
vn 0.2531 -0.0958 -0.9627
vn 0.3606 -0.0484 -0.9315
vn 0.3426 -0.0484 -0.9382
vn 0.3429 -0.0459 -0.9382
vn 0.4367 -0.0518 -0.8981
vn 0.4194 -0.0518 -0.9063
vn 0.4198 -0.0492 -0.9063
vn 0.5156 -0.0487 -0.8554
vn 0.4991 -0.0487 -0.8652
vn 0.4994 -0.0462 -0.8651
vn 0.5846 -0.0641 -0.8088
vn 0.5689 -0.0641 -0.8199
vn 0.5689 -0.0635 -0.8199
vn 0.6542 -0.0776 -0.7523
vn 0.6395 -0.0776 -0.7648
vn 0.6395 -0.0785 -0.7647
vn 0.7116 -0.0598 -0.7000
vn 0.6980 -0.0598 -0.7136
vn 0.6980 -0.0610 -0.7135
vn 0.7106 0.0152 -0.7034
vn 0.7240 0.0152 -0.6896
vn 0.7238 0.0174 -0.6898
vn 0.6637 0.0578 -0.7457
vn 0.6780 0.0578 -0.7328
vn 0.6779 0.0589 -0.7328
vn 0.6142 0.0695 -0.7861
vn 0.6293 0.0695 -0.7741
vn 0.6293 0.0690 -0.7741
vn 0.5555 0.0441 -0.8303
vn 0.5714 0.0441 -0.8195
vn 0.5712 0.0416 -0.8198
vn 0.4871 0.0519 -0.8718
vn 0.5038 0.0519 -0.8623
vn 0.5035 0.0493 -0.8626
vn 0.4070 0.0484 -0.9121
vn 0.4245 0.0484 -0.9041
vn 0.4242 0.0459 -0.9044
vn 0.3358 0.0054 -0.9419
vn 0.3539 0.0054 -0.9353
vn 0.3448 -0.0041 -0.9387
vn 0.2745 0.0416 -0.9607
vn 0.2930 0.0416 -0.9552
vn 0.2927 0.0438 -0.9552
vn 0.2088 0.0676 -0.9756
vn 0.2276 0.0676 -0.9714
vn 0.2276 0.0672 -0.9714
vn 0.1585 -0.0587 -0.9856
vn 0.1775 -0.0587 -0.9824
vn 0.1766 -0.0546 -0.9828
vn 0.0858 0.0665 -0.9941
vn 0.1049 0.0665 -0.9923
vn 0.1047 0.0685 -0.9921
vn -0.0036 0.0437 -0.9990
vn 0.0156 0.0437 -0.9989
vn 0.0154 0.0458 -0.9988
vn -0.0868 0.0664 -0.9940
vn -0.0676 0.0664 -0.9955
vn -0.0678 0.0684 -0.9953
vn -0.1787 0.0484 -0.9827
vn -0.1598 0.0484 -0.9860
vn -0.1600 0.0506 -0.9858
vn -0.2715 0.0942 -0.9578
vn -0.2530 0.0942 -0.9629
vn -0.2531 0.0958 -0.9627
vn -0.3606 0.0484 -0.9315
vn -0.3426 0.0484 -0.9382
vn -0.3429 0.0459 -0.9382
vn -0.4368 0.0518 -0.8981
vn -0.4194 0.0518 -0.9063
vn -0.4198 0.0492 -0.9063
vn -0.5156 0.0487 -0.8554
vn -0.4991 0.0487 -0.8652
vn -0.4994 0.0462 -0.8651
vn -0.5846 0.0641 -0.8088
vn -0.5689 0.0641 -0.8199
vn -0.5689 0.0635 -0.8199
vn -0.6542 0.0776 -0.7523
vn -0.6395 0.0776 -0.7648
vn -0.6395 0.0785 -0.7648
vn -0.7116 0.0598 -0.7000
vn -0.6980 0.0598 -0.7136
vn -0.6980 0.0610 -0.7135
vn 0.8183 -0.0111 -0.5748
vn 0.8183 -0.0095 -0.5747
vn 0.8044 -0.0067 -0.5941
vn 0.7648 -0.0137 -0.6441
vn 0.7647 -0.0124 -0.6443
vn 0.7493 -0.0126 -0.6621
vn 0.6888 -0.0283 -0.7244
vn 0.6895 -0.0289 -0.7238
vn 0.6749 -0.0394 -0.7368
vn 0.6225 -0.0466 -0.7812
vn 0.6224 -0.0465 -0.7813
vn 0.6064 -0.0540 -0.7934
vn 0.5355 -0.0465 -0.8433
vn 0.5350 -0.0457 -0.8436
vn 0.5171 -0.0514 -0.8544
vn 0.4452 -0.0048 -0.8954
vn 0.4484 -0.0066 -0.8938
vn 0.4323 -0.0224 -0.9014
vn 0.4445 0.0128 -0.8957
vn 0.4422 0.0143 -0.8968
vn 0.4588 0.0281 -0.8881
vn 0.5089 0.0012 -0.8608
vn 0.5085 -0.0003 -0.8611
vn 0.5287 -0.0054 -0.8488
vn 0.5709 0.0550 -0.8192
vn 0.5710 0.0548 -0.8191
vn 0.5881 0.0612 -0.8065
vn 0.6314 0.0199 -0.7752
vn 0.6307 0.0206 -0.7757
vn 0.6461 0.0305 -0.7626
vn 0.6906 0.0147 -0.7231
vn 0.6886 0.0163 -0.7249
vn 0.7019 0.0303 -0.7116
vn 0.7478 0.0028 -0.6639
vn 0.7476 0.0013 -0.6642
vn 0.7630 -0.0038 -0.6463
vn 0.8015 0.0142 -0.5978
vn 0.8017 0.0128 -0.5976
vn 0.8155 0.0128 -0.5786
vn 0.2589 -0.0111 -0.9658
vn 0.2590 -0.0101 -0.9658
vn 0.2414 -0.0084 -0.9704
vn 0.1860 -0.0517 -0.9812
vn 0.1857 -0.0513 -0.9813
vn 0.1697 -0.0555 -0.9839
vn 0.1221 -0.0504 -0.9912
vn 0.1218 -0.0501 -0.9913
vn 0.1064 -0.0552 -0.9928
vn 0.0375 -0.0083 -0.9993
vn 0.0406 -0.0096 -0.9991
vn 0.0279 -0.0223 -0.9994
vn 0.0375 -0.0045 -0.9993
vn 0.0330 -0.0030 -0.9995
vn 0.0440 0.0117 -0.9990
vn 0.0897 0.0369 -0.9953
vn 0.0899 0.0363 -0.9953
vn 0.1075 0.0380 -0.9935
vn 0.1522 0.0505 -0.9871
vn 0.1525 0.0502 -0.9870
vn 0.1678 0.0553 -0.9843
vn 0.2361 0.0446 -0.9707
vn 0.2365 0.0441 -0.9706
vn 0.2521 0.0480 -0.9665
vn -0.0000 -0.0000 1.0000
vn 0.2412 -0.0024 0.9705
vn 0.2597 -0.0024 0.9657
vn 0.2597 -0.0020 0.9657
vn 0.1579 -0.0034 0.9874
vn 0.1767 -0.0034 0.9843
vn 0.1767 -0.0037 0.9843
vn 0.0820 -0.0025 0.9966
vn 0.1010 -0.0025 0.9949
vn 0.1010 -0.0030 0.9949
vn 0.0208 -0.0011 0.9998
vn 0.0399 -0.0011 0.9992
vn 0.0398 -0.0018 0.9992
vn 0.0336 0.0002 0.9994
vn 0.0145 0.0002 0.9999
vn 0.0146 0.0011 0.9999
vn 0.0804 0.0015 0.9968
vn 0.0614 0.0015 0.9981
vn 0.0614 0.0021 0.9981
vn 0.1465 0.0025 0.9892
vn 0.1276 0.0025 0.9918
vn 0.1276 0.0030 0.9918
vn 0.2091 0.0031 0.9779
vn 0.1904 0.0031 0.9817
vn 0.1904 0.0027 0.9817
vn 0.2717 0.0004 0.9624
vn 0.2533 0.0004 0.9674
vn 0.2533 -0.0007 0.9674
vn 0.8300 -0.0018 0.5577
vn 0.8446 -0.0018 0.5353
vn 0.8446 -0.0026 0.5354
vn 0.7726 -0.0031 0.6349
vn 0.7893 -0.0031 0.6140
vn 0.7893 -0.0038 0.6140
vn 0.6878 -0.0020 0.7259
vn 0.7069 -0.0020 0.7073
vn 0.7069 -0.0011 0.7073
vn 0.6061 -0.0002 0.7954
vn 0.6271 -0.0002 0.7789
vn 0.6271 0.0012 0.7790
vn 0.5294 -0.0018 0.8484
vn 0.5519 -0.0018 0.8339
vn 0.5518 -0.0033 0.8340
vn 0.4347 -0.0013 0.9006
vn 0.4586 -0.0013 0.8887
vn 0.4586 -0.0019 0.8887
vn 0.4505 -0.0000 0.8928
vn 0.4266 -0.0000 0.9045
vn 0.4266 0.0008 0.9045
vn 0.5345 0.0028 0.8452
vn 0.5117 0.0028 0.8591
vn 0.5118 0.0042 0.8591
vn 0.6354 0.0020 0.7722
vn 0.6146 0.0020 0.7888
vn 0.6146 0.0012 0.7888
vn 0.7141 0.0003 0.7000
vn 0.6952 0.0003 0.7188
vn 0.6952 -0.0012 0.7188
vn 0.7710 0.0016 0.6369
vn 0.7537 0.0016 0.6572
vn 0.7537 0.0026 0.6572
vn 0.8249 0.0032 0.5652
vn 0.8096 0.0032 0.5870
vn 0.8096 0.0037 0.5870
vn -0.7315 -0.0003 0.6819
vn -0.7315 -0.0000 0.6819
vn -0.7189 0.0007 0.6951
vn -0.6892 0.0011 0.7246
vn -0.6892 0.0007 0.7245
vn -0.6761 -0.0015 0.7368
vn -0.6466 -0.0005 0.7629
vn -0.6466 -0.0000 0.7629
vn -0.6327 0.0013 0.7744
vn -0.6015 -0.0020 0.7989
vn -0.6015 -0.0017 0.7989
vn -0.5869 -0.0012 0.8096
vn -0.5469 -0.0026 0.8372
vn -0.5469 -0.0025 0.8372
vn -0.5317 -0.0031 0.8469
vn -0.4926 -0.0014 0.8703
vn -0.4767 -0.0023 0.8790
vn -0.4200 -0.0022 0.9075
vn -0.4200 -0.0019 0.9075
vn -0.4036 -0.0014 0.9150
vn -0.3526 -0.0025 0.9358
vn -0.3526 -0.0022 0.9358
vn -0.3356 -0.0017 0.9420
vn -0.2979 -0.0011 0.9546
vn -0.2979 -0.0013 0.9546
vn -0.2806 -0.0027 0.9598
vn -0.2426 0.0002 0.9701
vn -0.2427 0.0009 0.9701
vn -0.2251 0.0030 0.9743
vn -0.1797 0.0020 0.9837
vn -0.1798 0.0015 0.9837
vn -0.1621 -0.0009 0.9868
vn -0.1322 -0.0015 0.9912
vn -0.1322 -0.0012 0.9912
vn -0.1142 -0.0004 0.9935
vn -0.0690 -0.0013 0.9976
vn -0.0690 -0.0010 0.9976
vn -0.0510 -0.0004 0.9987
vn -0.0114 -0.0008 0.9999
vn -0.0114 -0.0005 0.9999
vn 0.0068 0.0004 1.0000
vn 0.0431 -0.0008 0.9991
vn 0.0431 -0.0004 0.9991
vn 0.0612 0.0003 0.9981
vn 0.1006 -0.0020 0.9949
vn 0.1006 -0.0017 0.9949
vn 0.1187 -0.0012 0.9929
vn 0.1670 0.0010 0.9860
vn 0.1669 0.0007 0.9860
vn 0.1847 -0.0015 0.9828
vn 0.2289 -0.0005 0.9734
vn 0.2289 0.0001 0.9735
vn 0.2464 0.0019 0.9692
vn 0.3107 -0.0031 0.9505
vn 0.3107 -0.0029 0.9505
vn 0.3279 -0.0032 0.9447
vn 0.3902 -0.0017 0.9207
vn 0.3902 -0.0013 0.9207
vn 0.4068 -0.0006 0.9135
vn 0.4456 -0.0024 0.8952
vn 0.4456 -0.0023 0.8952
vn 0.4618 -0.0026 0.8870
vn 0.4989 -0.0014 0.8667
vn 0.5145 -0.0023 0.8575
vn 0.5680 -0.0030 0.8230
vn 0.5680 -0.0028 0.8230
vn 0.5828 -0.0028 0.8126
vn 0.6288 -0.0016 0.7775
vn 0.6288 -0.0012 0.7775
vn 0.6428 -0.0004 0.7660
vn 0.6817 0.0010 0.7316
vn 0.6817 0.0007 0.7316
vn 0.6948 -0.0015 0.7192
vn 0.7190 -0.0004 0.6950
vn 0.7190 -0.0001 0.6950
vn 0.7315 0.0008 0.6819
vn 0.7315 0.0003 0.6819
vn 0.7315 -0.0000 0.6819
vn 0.7189 -0.0007 0.6951
vn 0.6892 -0.0011 0.7246
vn 0.6892 -0.0007 0.7245
vn 0.6761 0.0015 0.7368
vn 0.6466 0.0005 0.7629
vn 0.6466 -0.0000 0.7629
vn 0.6327 -0.0013 0.7744
vn 0.6015 0.0020 0.7989
vn 0.6015 0.0017 0.7989
vn 0.5869 0.0012 0.8096
vn 0.5469 0.0026 0.8372
vn 0.5469 0.0025 0.8372
vn 0.5317 0.0031 0.8469
vn 0.4926 0.0014 0.8703
vn 0.4767 0.0023 0.8790
vn 0.4200 0.0022 0.9075
vn 0.4200 0.0019 0.9075
vn 0.4036 0.0014 0.9150
vn 0.3526 0.0025 0.9358
vn 0.3526 0.0022 0.9358
vn 0.3356 0.0017 0.9420
vn 0.2979 0.0011 0.9546
vn 0.2979 0.0013 0.9546
vn 0.2806 0.0027 0.9598
vn 0.2426 -0.0002 0.9701
vn 0.2427 -0.0009 0.9701
vn 0.2251 -0.0030 0.9743
vn 0.1797 -0.0020 0.9837
vn 0.1798 -0.0015 0.9837
vn 0.1621 0.0009 0.9868
vn 0.1322 0.0015 0.9912
vn 0.1322 0.0012 0.9912
vn 0.1142 0.0004 0.9935
vn 0.0690 0.0013 0.9976
vn 0.0690 0.0010 0.9976
vn 0.0510 0.0004 0.9987
vn 0.0114 0.0008 0.9999
vn 0.0114 0.0005 0.9999
vn -0.0068 -0.0004 1.0000
vn -0.0431 0.0008 0.9991
vn -0.0431 0.0004 0.9991
vn -0.0612 -0.0003 0.9981
vn -0.1006 0.0020 0.9949
vn -0.1006 0.0017 0.9949
vn -0.1187 0.0012 0.9929
vn -0.1670 -0.0010 0.9860
vn -0.1669 -0.0007 0.9860
vn -0.1847 0.0015 0.9828
vn -0.2289 0.0005 0.9734
vn -0.2289 -0.0001 0.9735
vn -0.2464 -0.0019 0.9692
vn -0.3107 0.0031 0.9505
vn -0.3107 0.0029 0.9505
vn -0.3279 0.0032 0.9447
vn -0.3902 0.0017 0.9207
vn -0.3902 0.0013 0.9207
vn -0.4068 0.0006 0.9135
vn -0.4456 0.0024 0.8952
vn -0.4456 0.0023 0.8952
vn -0.4618 0.0026 0.8870
vn -0.4989 0.0014 0.8667
vn -0.5145 0.0023 0.8575
vn -0.5680 0.0030 0.8230
vn -0.5680 0.0028 0.8230
vn -0.5828 0.0028 0.8126
vn -0.6288 0.0016 0.7775
vn -0.6288 0.0012 0.7775
vn -0.6428 0.0004 0.7660
vn -0.6817 -0.0010 0.7316
vn -0.6817 -0.0007 0.7316
vn -0.6948 0.0015 0.7192
vn -0.7190 0.0004 0.6950
vn -0.7190 0.0001 0.6950
vn -0.7315 -0.0008 0.6819
vn -0.4505 -0.0000 0.8928
vn -0.4266 -0.0000 0.9045
vn -0.4266 -0.0008 0.9045
vn -0.5345 -0.0028 0.8452
vn -0.5117 -0.0028 0.8591
vn -0.5118 -0.0042 0.8591
vn -0.6354 -0.0020 0.7722
vn -0.6146 -0.0020 0.7888
vn -0.6146 -0.0012 0.7888
vn -0.7141 -0.0003 0.7000
vn -0.6952 -0.0003 0.7188
vn -0.6952 0.0012 0.7188
vn -0.7710 -0.0016 0.6369
vn -0.7537 -0.0016 0.6572
vn -0.7537 -0.0026 0.6572
vn -0.8249 -0.0032 0.5652
vn -0.8096 -0.0032 0.5870
vn -0.8096 -0.0037 0.5870
vn -0.8300 0.0018 0.5577
vn -0.8446 0.0018 0.5353
vn -0.8446 0.0026 0.5354
vn -0.7726 0.0031 0.6349
vn -0.7893 0.0031 0.6140
vn -0.7893 0.0038 0.6140
vn -0.6878 0.0020 0.7259
vn -0.7069 0.0020 0.7073
vn -0.7069 0.0011 0.7073
vn -0.6061 0.0002 0.7954
vn -0.6271 0.0002 0.7789
vn -0.6271 -0.0012 0.7790
vn -0.5294 0.0018 0.8484
vn -0.5519 0.0018 0.8339
vn -0.5518 0.0033 0.8340
vn -0.4347 0.0013 0.9006
vn -0.4586 0.0013 0.8887
vn -0.4586 0.0019 0.8887
vn -0.0336 -0.0002 0.9994
vn -0.0145 -0.0002 0.9999
vn -0.0146 -0.0011 0.9999
vn -0.0804 -0.0015 0.9968
vn -0.0614 -0.0015 0.9981
vn -0.0614 -0.0021 0.9981
vn -0.1465 -0.0025 0.9892
vn -0.1276 -0.0025 0.9918
vn -0.1276 -0.0030 0.9918
vn -0.2091 -0.0031 0.9779
vn -0.1904 -0.0031 0.9817
vn -0.1904 -0.0027 0.9817
vn -0.2717 -0.0004 0.9624
vn -0.2533 -0.0004 0.9674
vn -0.2533 0.0007 0.9674
vn -0.2412 0.0024 0.9705
vn -0.2597 0.0024 0.9657
vn -0.2597 0.0020 0.9657
vn -0.1579 0.0034 0.9874
vn -0.1767 0.0034 0.9843
vn -0.1767 0.0037 0.9843
vn -0.0820 0.0025 0.9966
vn -0.1010 0.0025 0.9949
vn -0.1010 0.0030 0.9949
vn -0.0208 0.0011 0.9998
vn -0.0399 0.0011 0.9992
vn -0.0398 0.0018 0.9992
vn -0.0000 1.0000 -0.0000
vn -1.0000 -0.0000 -0.0000
vn -0.5881 -0.0612 -0.8065
vn -0.6307 -0.0206 -0.7757
vn -0.7019 -0.0303 -0.7116
vn -0.2088 -0.0676 -0.9756
vn 0.4368 -0.0518 -0.8981
vn 0.6395 -0.0785 -0.7648
vn 0.2089 0.0676 -0.9756
vn -0.4367 0.0518 -0.8981
vn -0.6395 0.0785 -0.7647
vn -0.0000 -1.0000 -0.0000
vn 0.5880 0.0612 -0.8065
vn 0.6308 0.0206 -0.7757
vn 0.7019 0.0303 -0.7117
vn -0.6922 -0.0008 -0.7217
vn -0.6923 -0.0006 -0.7216
vn -0.6836 0.0004 -0.7299
vn -0.7511 -0.0000 -0.6602
vn -0.7511 0.0002 -0.6602
vn -0.7364 0.0019 -0.6765
vn -0.8047 -0.0001 -0.5937
vn -0.8047 0.0001 -0.5937
vn -0.7902 0.0017 -0.6128
vn -0.8693 -0.0002 -0.4942
vn -0.8694 -0.0010 -0.4942
vn -0.8556 -0.0031 -0.5176
vn -0.9233 0.0010 -0.3840
vn -0.9233 0.0013 -0.3840
vn -0.9117 0.0031 -0.4109
vn -0.9662 0.0017 -0.2577
vn -0.9577 0.0018 -0.2878
vn -0.9577 0.0020 -0.2878
vn -0.9893 0.0012 -0.1460
vn -0.9893 0.0013 -0.1460
vn -0.9841 0.0021 -0.1773
vn -0.9998 0.0036 -0.0172
vn -0.9988 0.0033 -0.0488
vn -0.9988 0.0035 -0.0488
vn -0.9882 0.0038 0.1531
vn -0.9923 0.0045 0.1239
vn -0.9580 0.0018 0.2866
vn -0.9655 0.0020 0.2605
vn -0.9655 0.0023 0.2605
vn -0.9203 0.0012 0.3913
vn -0.9298 0.0019 0.3680
vn -0.9298 0.0023 0.3680
vn -0.8659 0.0038 0.5002
vn -0.8772 0.0022 0.4800
vn -0.8772 0.0021 0.4800
vn -0.7947 0.0025 0.6069
vn -0.8074 0.0034 0.5900
vn -0.7336 0.0009 0.6796
vn -0.7336 0.0004 0.6796
vn -0.7441 -0.0009 0.6680
vn -0.7092 0.0001 0.7050
vn -0.7073 0.0001 0.7069
vn -0.7563 -0.0009 0.6542
vn -0.7451 -0.0009 0.6670
vn -0.7451 -0.0024 0.6669
vn -0.8113 -0.0008 0.5846
vn -0.7990 -0.0008 0.6013
vn -0.7991 -0.0024 0.6012
vn -0.8756 -0.0011 0.4830
vn -0.8636 -0.0011 0.5042
vn -0.8636 -0.0028 0.5041
vn -0.9149 -0.0004 0.4036
vn -0.9150 -0.0012 0.4035
vn -0.9056 -0.0012 0.4242
vn -0.9452 -0.0036 0.3265
vn -0.9383 -0.0036 0.3458
vn -0.9383 -0.0045 0.3458
vn -0.9710 -0.0023 0.2392
vn -0.9710 -0.0027 0.2392
vn -0.9665 -0.0027 0.2567
vn -0.9858 -0.0041 0.1679
vn -0.9829 -0.0041 0.1842
vn -0.9829 -0.0051 0.1841
vn -0.9955 -0.0022 0.0946
vn -0.9941 -0.0022 0.1085
vn -0.9941 -0.0031 0.1084
vn -0.9994 -0.0020 0.0353
vn -0.9994 -0.0026 0.0353
vn -0.9987 -0.0026 0.0511
vn -0.9999 -0.0011 -0.0122
vn -0.9999 -0.0011 -0.0105
vn -0.9999 -0.0014 -0.0105
vn -0.9999 -0.0000 -0.0128
vn -0.9999 -0.0000 -0.0146
vn -0.9995 0.0024 0.0318
vn -0.9995 0.0028 0.0318
vn -0.9998 0.0028 0.0184
vn -0.9953 0.0017 0.0967
vn -0.9966 0.0017 0.0829
vn -0.9966 0.0027 0.0829
vn -0.9877 0.0039 0.1564
vn -0.9898 0.0039 0.1425
vn -0.9898 0.0048 0.1426
vn -0.9717 0.0026 0.2364
vn -0.9716 0.0029 0.2364
vn -0.9757 0.0029 0.2192
vn -0.9489 0.0035 0.3156
vn -0.9489 0.0039 0.3156
vn -0.9549 0.0039 0.2970
vn -0.9135 0.0022 0.4067
vn -0.9135 0.0025 0.4067
vn -0.9223 0.0025 0.3864
vn -0.8682 0.0013 0.4962
vn -0.8800 0.0013 0.4749
vn -0.8800 0.0029 0.4750
vn -0.8028 0.0011 0.5963
vn -0.8149 0.0011 0.5796
vn -0.8148 0.0029 0.5797
vn -0.7482 0.0007 0.6635
vn -0.7594 0.0007 0.6506
vn -0.7593 0.0024 0.6508
vn -0.7078 0.0006 0.7064
vn -0.7097 0.0006 0.7045
vn -0.7096 0.0015 0.7046
vn -0.7448 -0.0005 0.6673
vn -0.7448 -0.0000 0.6673
vn -0.7343 0.0014 0.6789
vn -0.7931 0.0007 0.6091
vn -0.7931 0.0004 0.6091
vn -0.7802 -0.0014 0.6255
vn -0.8368 -0.0035 0.5475
vn -0.8368 -0.0033 0.5475
vn -0.8246 -0.0035 0.5656
vn -0.8871 -0.0015 0.4617
vn -0.8871 -0.0009 0.4616
vn -0.8759 0.0005 0.4824
vn -0.9230 0.0009 0.3847
vn -0.9230 0.0006 0.3847
vn -0.9132 -0.0015 0.4074
vn -0.9567 -0.0006 0.2910
vn -0.9567 -0.0008 0.2910
vn -0.9486 -0.0021 0.3164
vn -0.9833 -0.0025 0.1817
vn -0.9778 -0.0028 0.2097
vn -0.9778 -0.0030 0.2097
vn -0.9994 -0.0045 0.0334
vn -0.9994 -0.0043 0.0334
vn -0.9979 -0.0049 0.0642
vn -0.9927 -0.0023 -0.1206
vn -0.9927 -0.0022 -0.1206
vn -0.9960 -0.0026 -0.0890
vn -0.9682 -0.0009 -0.2500
vn -0.9682 -0.0010 -0.2500
vn -0.9756 -0.0021 -0.2194
vn -0.9262 -0.0016 -0.3769
vn -0.9262 -0.0018 -0.3769
vn -0.9372 -0.0034 -0.3487
vn -0.8584 -0.0006 -0.5129
vn -0.8584 0.0001 -0.5129
vn -0.8720 0.0021 -0.4895
vn -0.7987 0.0008 -0.6018
vn -0.7986 0.0005 -0.6018
vn -0.8132 -0.0014 -0.5820
vn -0.7468 0.0003 -0.6651
vn -0.7468 -0.0000 -0.6651
vn -0.7616 -0.0016 -0.6480
vn -0.6869 -0.0000 -0.7268
vn -0.6868 -0.0002 -0.7268
vn -0.7008 -0.0017 -0.7134
vn 0.9999 -0.0006 -0.0123
vn 0.9999 -0.0003 -0.0123
vn 0.9999 -0.0003 -0.0141
vn 0.9995 -0.0018 0.0305
vn 0.9995 -0.0007 0.0306
vn 0.9999 -0.0007 0.0171
vn 0.9961 -0.0002 0.0878
vn 0.9961 0.0018 0.0881
vn 0.9973 0.0018 0.0739
vn 0.9904 -0.0031 0.1378
vn 0.9923 -0.0031 0.1242
vn 0.9923 -0.0037 0.1242
vn 0.9811 -0.0032 0.1934
vn 0.9811 -0.0026 0.1935
vn 0.9842 -0.0026 0.1773
vn 0.9615 -0.0049 0.2749
vn 0.9664 -0.0049 0.2570
vn 0.9664 -0.0055 0.2570
vn 0.9224 -0.0051 0.3863
vn 0.9223 -0.0032 0.3865
vn 0.9304 -0.0032 0.3665
vn 0.8716 -0.0034 0.4902
vn 0.8716 -0.0021 0.4902
vn 0.8833 -0.0021 0.4689
vn 0.8227 -0.0016 0.5685
vn 0.8350 -0.0016 0.5502
vn 0.8350 -0.0011 0.5502
vn 0.7760 -0.0010 0.6308
vn 0.7878 -0.0010 0.6159
vn 0.7878 -0.0000 0.6160
vn 0.7370 -0.0007 0.6759
vn 0.7476 -0.0007 0.6642
vn 0.7475 -0.0020 0.6643
vn 0.7078 0.0012 0.7064
vn 0.7097 0.0012 0.7045
vn 0.7639 0.0026 0.6454
vn 0.7520 0.0028 0.6591
vn 0.7520 0.0030 0.6592
vn 0.8253 0.0002 0.5647
vn 0.8128 0.0010 0.5826
vn 0.8128 0.0014 0.5826
vn 0.8689 0.0024 0.4950
vn 0.8573 0.0025 0.5147
vn 0.8573 0.0028 0.5147
vn 0.9192 0.0038 0.3938
vn 0.9091 0.0035 0.4165
vn 0.9091 0.0037 0.4165
vn 0.9655 0.0014 0.2604
vn 0.9655 0.0016 0.2604
vn 0.9581 0.0032 0.2865
vn 0.9952 0.0021 0.0980
vn 0.9952 0.0015 0.0980
vn 0.9918 -0.0000 0.1277
vn 0.9985 0.0020 -0.0556
vn 0.9985 0.0015 -0.0556
vn 0.9997 0.0002 -0.0240
vn 0.9842 -0.0017 -0.1773
vn 0.9893 -0.0001 -0.1459
vn 0.9893 0.0004 -0.1459
vn 0.9573 -0.0007 -0.2891
vn 0.9573 -0.0004 -0.2892
vn 0.9658 0.0016 -0.2591
vn 0.9093 0.0009 -0.4162
vn 0.9093 0.0003 -0.4162
vn 0.9211 -0.0013 -0.3893
vn 0.8520 -0.0014 -0.5235
vn 0.8659 0.0003 -0.5002
vn 0.8659 0.0010 -0.5002
vn 0.7672 0.0024 -0.6414
vn 0.7819 0.0039 -0.6234
vn 0.6891 0.0026 -0.7246
vn 0.6891 0.0021 -0.7246
vn 0.7030 0.0008 -0.7112
vn 0.7172 -0.0035 -0.6969
vn 0.7172 -0.0030 -0.6969
vn 0.7027 -0.0020 -0.7115
vn 0.7720 0.0030 -0.6356
vn 0.7721 0.0024 -0.6355
vn 0.7575 -0.0002 -0.6528
vn 0.8234 -0.0035 -0.5674
vn 0.8088 -0.0026 -0.5881
vn 0.8706 0.0047 -0.4921
vn 0.8569 0.0021 -0.5155
vn 0.8569 0.0014 -0.5155
vn 0.9214 -0.0006 -0.3885
vn 0.9214 -0.0000 -0.3885
vn 0.9096 0.0016 -0.4154
vn 0.9620 0.0010 -0.2731
vn 0.9620 0.0006 -0.2731
vn 0.9531 -0.0015 -0.3027
vn 0.9886 0.0001 -0.1509
vn 0.9833 -0.0009 -0.1822
vn 0.9833 -0.0014 -0.1822
vn 1.0000 -0.0024 -0.0033
vn 0.9994 -0.0004 -0.0346
vn 0.9994 -0.0001 -0.0346
vn 0.9908 -0.0008 0.1352
vn 0.9908 -0.0001 0.1353
vn 0.9944 0.0018 0.1056
vn 0.9642 0.0011 0.2652
vn 0.9642 0.0007 0.2652
vn 0.9711 -0.0016 0.2386
vn 0.9292 -0.0028 0.3695
vn 0.9384 -0.0030 0.3455
vn 0.9384 -0.0033 0.3455
vn 0.8798 -0.0037 0.4753
vn 0.8907 -0.0034 0.4545
vn 0.8908 -0.0036 0.4545
vn 0.8221 -0.0012 0.5694
vn 0.8343 -0.0017 0.5514
vn 0.8343 -0.0020 0.5513
vn 0.7662 -0.0001 0.6426
vn 0.7662 -0.0003 0.6426
vn 0.7796 -0.0022 0.6262
vn 0.7236 -0.0026 0.6903
vn 0.7236 -0.0025 0.6903
vn 0.7332 -0.0029 0.6800
vn 0.7080 0.0006 0.7062
vn 0.7081 -0.0003 0.7061
vn 0.7062 -0.0003 0.7080
vn 0.7425 0.0008 0.6698
vn 0.7425 0.0016 0.6698
vn 0.7327 0.0016 0.6805
vn 0.7956 0.0029 0.6058
vn 0.7956 0.0019 0.6058
vn 0.7834 0.0019 0.6215
vn 0.8449 0.0016 0.5350
vn 0.8325 0.0016 0.5541
vn 0.8325 0.0010 0.5541
vn 0.8937 0.0027 0.4487
vn 0.8828 0.0027 0.4698
vn 0.8828 0.0021 0.4698
vn 0.9339 -0.0000 0.3574
vn 0.9262 -0.0000 0.3770
vn 0.9263 -0.0017 0.3768
vn 0.9571 0.0031 0.2896
vn 0.9513 0.0031 0.3083
vn 0.9513 0.0042 0.3082
vn 0.9756 0.0038 0.2194
vn 0.9756 0.0033 0.2193
vn 0.9716 0.0033 0.2365
vn 0.9885 0.0034 0.1512
vn 0.9859 0.0034 0.1671
vn 0.9859 0.0038 0.1671
vn 0.9971 0.0026 0.0762
vn 0.9971 0.0008 0.0760
vn 0.9959 0.0008 0.0901
vn 0.9999 0.0016 0.0135
vn 0.9999 0.0006 0.0134
vn 0.9996 0.0006 0.0268
vn 0.9999 -0.0000 -0.0148
vn 0.9999 -0.0000 -0.0130
vn -0.9965 -0.0005 -0.0833
vn -0.9987 -0.0005 -0.0510
vn -0.9987 -0.0025 -0.0511
vn -0.9819 -0.0006 -0.1892
vn -0.9876 -0.0006 -0.1573
vn -0.9875 -0.0018 -0.1573
vn -0.9560 -0.0026 -0.2934
vn -0.9650 -0.0026 -0.2623
vn -0.9650 -0.0040 -0.2624
vn -0.9055 -0.0038 -0.4243
vn -0.9188 -0.0038 -0.3948
vn -0.9187 -0.0047 -0.3948
vn -0.8517 -0.0031 -0.5241
vn -0.8682 -0.0031 -0.4962
vn -0.8682 -0.0032 -0.4962
vn -0.7804 -0.0037 -0.6253
vn -0.8002 -0.0037 -0.5997
vn -0.6967 -0.0026 -0.7174
vn -0.7196 -0.0026 -0.6944
vn -0.7196 -0.0027 -0.6944
vn -0.6194 -0.0028 -0.7850
vn -0.6445 -0.0028 -0.7646
vn -0.6445 -0.0021 -0.7646
vn -0.5362 0.0015 -0.8441
vn -0.5633 0.0015 -0.8263
vn -0.5631 -0.0009 -0.8264
vn -0.4322 -0.0009 -0.9018
vn -0.4611 -0.0009 -0.8873
vn -0.4611 -0.0024 -0.8874
vn -0.3374 -0.0033 -0.9414
vn -0.3677 -0.0033 -0.9299
vn -0.3677 -0.0035 -0.9299
vn -0.2395 -0.0020 -0.9709
vn -0.2708 -0.0020 -0.9626
vn -0.2708 -0.0011 -0.9626
vn -0.1121 -0.0032 -0.9937
vn -0.1442 -0.0032 -0.9895
vn -0.1442 -0.0026 -0.9895
vn 0.0383 -0.0043 -0.9993
vn 0.0059 -0.0043 -1.0000
vn 0.0060 -0.0037 -1.0000
vn 0.1729 -0.0022 -0.9849
vn 0.1410 -0.0022 -0.9900
vn 0.1410 -0.0012 -0.9900
vn 0.3036 -0.0035 -0.9528
vn 0.2726 -0.0035 -0.9621
vn 0.2726 -0.0034 -0.9621
vn 0.4433 -0.0029 -0.8964
vn 0.4140 -0.0029 -0.9103
vn 0.4141 -0.0042 -0.9102
vn 0.5646 -0.0011 -0.8254
vn 0.5376 -0.0011 -0.8432
vn 0.5377 -0.0032 -0.8431
vn 0.6787 -0.0032 -0.7344
vn 0.6546 -0.0032 -0.7560
vn 0.7573 -0.0031 -0.6530
vn 0.7358 -0.0031 -0.6772
vn 0.7358 -0.0033 -0.6772
vn 0.8323 -0.0037 -0.5544
vn 0.8139 -0.0037 -0.5810
vn 0.8993 -0.0037 -0.4373
vn 0.8847 -0.0037 -0.4662
vn 0.8847 -0.0045 -0.4662
vn 0.9548 -0.0041 -0.2971
vn 0.9447 -0.0041 -0.3278
vn 0.9447 -0.0054 -0.3278
vn 0.9853 -0.0016 -0.1709
vn 0.9792 -0.0016 -0.2027
vn 0.9793 -0.0026 -0.2026
vn 0.9984 -0.0008 -0.0569
vn 0.9960 -0.0008 -0.0892
vn 0.9960 -0.0028 -0.0891
vn 0.9965 0.0005 -0.0833
vn 0.9987 0.0005 -0.0510
vn 0.9987 0.0025 -0.0511
vn 0.9819 0.0006 -0.1892
vn 0.9876 0.0006 -0.1573
vn 0.9875 0.0018 -0.1573
vn 0.9560 0.0026 -0.2934
vn 0.9650 0.0026 -0.2623
vn 0.9650 0.0040 -0.2624
vn 0.9055 0.0038 -0.4243
vn 0.9188 0.0038 -0.3948
vn 0.9187 0.0047 -0.3948
vn 0.8517 0.0031 -0.5241
vn 0.8682 0.0031 -0.4962
vn 0.8682 0.0032 -0.4962
vn 0.7804 0.0037 -0.6253
vn 0.8002 0.0037 -0.5997
vn 0.6967 0.0026 -0.7174
vn 0.7196 0.0026 -0.6944
vn 0.7196 0.0027 -0.6944
vn 0.6194 0.0028 -0.7850
vn 0.6445 0.0028 -0.7646
vn 0.6445 0.0021 -0.7646
vn 0.5362 -0.0015 -0.8441
vn 0.5633 -0.0015 -0.8263
vn 0.5631 0.0009 -0.8264
vn 0.4322 0.0009 -0.9018
vn 0.4611 0.0009 -0.8873
vn 0.4611 0.0024 -0.8874
vn 0.3374 0.0033 -0.9414
vn 0.3677 0.0033 -0.9299
vn 0.3677 0.0035 -0.9299
vn 0.2395 0.0020 -0.9709
vn 0.2708 0.0020 -0.9626
vn 0.2708 0.0011 -0.9626
vn 0.1121 0.0032 -0.9937
vn 0.1442 0.0032 -0.9895
vn 0.1442 0.0026 -0.9895
vn -0.0383 0.0043 -0.9993
vn -0.0059 0.0043 -1.0000
vn -0.0060 0.0037 -1.0000
vn -0.1729 0.0022 -0.9849
vn -0.1410 0.0022 -0.9900
vn -0.1410 0.0012 -0.9900
vn -0.3036 0.0035 -0.9528
vn -0.2726 0.0035 -0.9621
vn -0.2726 0.0034 -0.9621
vn -0.4433 0.0029 -0.8964
vn -0.4140 0.0029 -0.9103
vn -0.4141 0.0042 -0.9102
vn -0.5646 0.0011 -0.8254
vn -0.5376 0.0011 -0.8432
vn -0.5377 0.0032 -0.8431
vn -0.6787 0.0032 -0.7344
vn -0.6546 0.0032 -0.7560
vn -0.7573 0.0031 -0.6530
vn -0.7358 0.0031 -0.6772
vn -0.7358 0.0033 -0.6772
vn -0.8323 0.0037 -0.5544
vn -0.8139 0.0037 -0.5810
vn -0.8993 0.0037 -0.4373
vn -0.8847 0.0037 -0.4662
vn -0.8847 0.0045 -0.4662
vn -0.9548 0.0041 -0.2971
vn -0.9447 0.0041 -0.3278
vn -0.9447 0.0054 -0.3278
vn -0.9853 0.0016 -0.1709
vn -0.9792 0.0016 -0.2027
vn -0.9793 0.0026 -0.2026
vn -0.9984 0.0008 -0.0569
vn -0.9960 0.0008 -0.0892
vn -0.9960 0.0028 -0.0891
s 0
usemtl 0.647059_0.647059_0.647059_0.000000_0.000000
f 1//1 2//1 3//1
f 3//1 4//1 1//1
f 7//2 6//2 5//2
f 5//2 8//2 7//2
f 11//3 10//4 12//5
f 11//6 12//7 13//8
f 14//9 13//10 15//11
f 16//12 15//13 17//14
f 17//15 18//16 16//17
f 15//18 16//19 14//20
f 13//21 14//22 11//23
f 10//24 11//25 9//26
f 21//27 19//28 22//29
f 21//30 22//31 23//32
f 24//33 23//34 25//35
f 26//36 25//37 27//38
f 28//39 27//40 29//41
f 28//42 29//43 30//44
f 31//45 30//46 32//47
f 32//48 33//49 31//50
f 30//51 31//52 28//53
f 27//54 28//55 26//56
f 25//57 26//58 24//59
f 23//60 24//61 21//62
f 19//63 21//64 20//65
f 36//66 35//67 34//68
f 38//69 36//70 37//71
f 40//72 38//73 39//74
f 41//75 40//76 42//77
f 43//78 41//79 44//80
f 45//81 43//82 46//83
f 47//84 45//85 48//86
f 49//87 47//88 48//89
f 51//90 49//91 50//92
f 52//93 51//94 50//95
f 54//96 52//97 53//98
f 56//99 54//100 55//101
f 58//102 56//103 57//104
f 60//105 58//106 59//107
f 63//108 60//109 62//110
f 65//111 63//112 66//113
f 67//114 65//115 68//116
f 69//117 67//118 70//119
f 71//120 69//121 72//122
f 74//123 71//124 73//125
f 76//126 74//127 75//128
f 75//129 77//130 76//131
f 73//132 75//133 74//134
f 72//135 73//136 71//137
f 70//138 72//139 69//140
f 68//141 70//142 67//143
f 66//144 68//145 65//146
f 64//147 66//148 63//149
f 62//150 64//151 63//152
f 61//153 62//154 60//155
f 59//156 61//157 60//158
f 57//159 59//160 58//161
f 55//162 57//163 56//164
f 53//165 55//166 54//167
f 50//168 53//169 52//170
f 48//171 50//172 49//173
f 46//174 48//175 45//176
f 44//177 46//178 43//179
f 42//180 44//181 41//182
f 39//183 42//184 40//185
f 37//186 39//187 38//188
f 34//189 37//190 36//191
f 78//192 79//193 80//194
f 81//195 80//196 82//197
f 84//198 82//199 85//200
f 86//201 85//202 87//203
f 88//204 87//205 89//206
f 91//207 89//208 92//209
f 89//210 91//211 90//212
f 89//213 90//214 88//215
f 87//216 88//217 86//218
f 85//219 86//220 84//221
f 82//222 84//223 83//224
f 82//225 83//226 81//227
f 80//228 81//229 78//230
f 94//231 93//232 95//233
f 96//234 95//235 97//236
f 98//237 97//238 99//239
f 101//240 99//241 102//242
f 99//243 101//244 100//245
f 99//246 100//247 98//248
f 97//249 98//250 96//251
f 95//252 96//253 94//254
f 104//1 103//1 105//1
f 105//1 106//1 104//1
f 108//255 107//255 109//255
f 109//255 110//255 108//255
f 115//256 113//257 116//258
f 118//259 115//260 117//261
f 120//262 118//263 119//264
f 111//265 120//266 121//267
f 121//268 112//269 111//270
f 119//271 121//272 120//273
f 117//274 119//275 118//276
f 116//277 117//278 115//279
f 114//280 116//281 113//282
f 124//283 125//284 126//285
f 128//286 124//287 127//288
f 130//289 128//290 131//291
f 132//292 130//293 133//294
f 134//295 132//296 133//297
f 122//298 134//299 135//300
f 135//301 123//302 122//303
f 133//304 135//305 134//306
f 131//307 133//308 130//309
f 129//310 131//311 128//312
f 127//313 129//314 128//315
f 126//316 127//317 124//318
f 138//319 139//320 140//321
f 142//322 140//323 143//324
f 142//325 143//326 144//327
f 145//328 144//329 146//330
f 147//331 146//332 148//333
f 149//334 148//334 150//335
f 151//336 150//337 152//338
f 153//339 152//340 154//341
f 155//342 154//343 156//344
f 155//345 156//346 157//347
f 159//348 157//349 160//350
f 159//351 160//352 161//353
f 162//354 161//355 163//356
f 164//357 163//358 165//359
f 166//360 165//361 167//362
f 168//363 167//364 169//365
f 171//366 169//367 172//368
f 171//369 172//370 173//371
f 175//372 173//373 176//374
f 177//375 176//376 178//377
f 179//378 178//379 180//380
f 181//381 180//381 182//382
f 183//383 182//384 184//385
f 185//386 184//387 186//388
f 188//389 186//390 189//391
f 188//392 189//393 137//394
f 137//395 136//396 188//397
f 186//398 188//399 187//400
f 186//401 187//402 185//403
f 184//404 185//405 183//406
f 182//407 183//408 181//409
f 180//410 181//410 179//411
f 178//412 179//413 177//414
f 176//415 177//416 175//417
f 173//418 175//419 174//420
f 173//421 174//422 171//423
f 169//424 171//425 170//426
f 169//427 170//428 168//429
f 167//430 168//431 166//432
f 165//433 166//434 164//435
f 163//436 164//437 162//438
f 161//439 162//440 159//441
f 157//442 159//443 158//444
f 157//445 158//446 155//447
f 154//448 155//449 153//450
f 152//451 153//452 151//453
f 150//454 151//455 149//456
f 148//457 149//457 147//458
f 146//459 147//460 145//461
f 144//462 145//463 142//464
f 140//465 142//466 141//467
f 140//468 141//469 138//470
f 190//2 192//2 193//2
f 192//2 194//2 195//2
f 195//2 193//2 192//2
f 196//2 197//2 195//2
f 195//2 194//2 196//2
f 193//2 191//2 190//2
f 200//471 201//472 202//473
f 204//474 200//475 203//476
f 206//477 204//478 207//479
f 208//480 206//481 209//482
f 210//483 208//484 209//485
f 198//486 210//487 211//488
f 211//489 199//490 198//491
f 209//492 211//493 210//494
f 207//495 209//496 206//497
f 205//498 207//499 204//500
f 203//501 205//502 204//503
f 202//504 203//505 200//506
f 216//507 214//508 215//509
f 218//510 216//511 217//512
f 220//513 218//514 219//515
f 222//516 220//517 221//518
f 212//519 222//520 213//521
f 221//522 213//523 222//524
f 219//525 221//526 220//527
f 217//528 219//529 218//530
f 215//531 217//532 216//533
f 385//534 284//534 285//534
f 383//534 287//534 288//534
f 383//534 286//534 287//534
f 384//534 285//534 286//534
f 285//534 384//534 385//534
f 390//534 391//534 279//534
f 360//534 361//534 307//534
f 369//534 300//534 301//534
f 392//534 278//534 279//534
f 393//534 277//534 278//534
f 401//534 402//534 267//534
f 306//534 307//534 361//534
f 361//534 362//534 306//534
f 365//534 303//534 304//534
f 366//534 302//534 303//534
f 301//534 368//534 369//534
f 370//534 299//534 300//534
f 372//534 298//534 299//534
f 286//534 383//534 384//534
f 385//534 386//534 284//534
f 388//534 389//534 281//534
f 279//534 391//534 392//534
f 278//534 392//534 393//534
f 394//534 276//534 277//534
f 395//534 274//534 275//534
f 396//534 273//534 274//534
f 402//534 403//534 266//534
f 404//534 265//534 266//534
f 311//534 312//534 434//534
f 312//534 313//534 434//534
f 359//534 360//534 308//534
f 363//534 364//534 305//534
f 303//534 365//534 366//534
f 367//534 301//534 302//534
f 300//534 369//534 370//534
f 299//534 371//534 372//534
f 372//534 373//534 297//534
f 375//534 376//534 294//534
f 376//534 377//534 293//534
f 386//534 387//534 283//534
f 389//534 390//534 280//534
f 395//534 275//534 276//534
f 274//534 395//534 396//534
f 397//534 398//534 272//534
f 399//534 400//534 269//534
f 266//534 267//534 402//534
f 410//534 259//534 260//534
f 435//534 310//534 311//534
f 309//534 358//534 359//534
f 307//534 308//534 360//534
f 362//534 363//534 305//534
f 304//534 305//534 364//534
f 302//534 366//534 367//534
f 299//534 370//534 371//534
f 373//534 374//534 296//534
f 374//534 375//534 295//534
f 293//534 294//534 376//534
f 283//534 284//534 386//534
f 387//534 388//534 282//534
f 280//534 281//534 389//534
f 277//534 393//534 394//534
f 398//534 399//534 271//534
f 400//534 401//534 268//534
f 266//534 403//534 404//534
f 409//534 260//534 261//534
f 260//534 409//534 410//534
f 410//534 411//534 258//534
f 411//534 412//534 258//534
f 414//534 415//534 256//534
f 415//534 416//534 255//534
f 434//534 435//534 311//534
f 317//534 318//534 429//534
f 319//534 320//534 426//534
f 326//534 327//534 443//534
f 327//534 328//534 442//534
f 328//534 329//534 441//534
f 301//534 367//534 368//534
f 296//534 297//534 373//534
f 294//534 295//534 375//534
f 377//534 378//534 292//534
f 282//534 283//534 387//534
f 279//534 280//534 390//534
f 273//534 396//534 397//534
f 271//534 272//534 398//534
f 269//534 270//534 399//534
f 267//534 268//534 401//534
f 405//534 264//534 265//534
f 406//534 263//534 264//534
f 407//534 262//534 263//534
f 408//534 261//534 262//534
f 412//534 413//534 257//534
f 413//534 414//534 256//534
f 255//534 256//534 415//534
f 228//534 341//534 342//534
f 241//534 242//534 351//534
f 242//534 243//534 350//534
f 244//534 349//534 350//534
f 244//534 348//534 349//534
f 246//534 347//534 348//534
f 310//534 435//534 436//534
f 433//534 434//534 313//534
f 313//534 314//534 432//534
f 315//534 431//534 432//534
f 318//534 319//534 427//534
f 426//534 427//534 319//534
f 442//534 443//534 327//534
f 440//534 441//534 329//534
f 329//534 330//534 440//534
f 330//534 331//534 439//534
f 331//534 332//534 438//534
f 332//534 333//534 437//534
f 446//534 447//534 437//534
f 305//534 306//534 362//534
f 297//534 298//534 372//534
f 292//534 293//534 377//534
f 378//534 379//534 291//534
f 281//534 282//534 388//534
f 272//534 273//534 397//534
f 268//534 269//534 400//534
f 264//534 405//534 406//534
f 262//534 407//534 408//534
f 261//534 408//534 409//534
f 257//534 258//534 412//534
f 420//534 251//534 252//534
f 229//534 340//534 341//534
f 235//534 236//534 357//534
f 348//534 245//534 246//534
f 436//534 309//534 310//534
f 316//534 430//534 431//534
f 317//534 429//534 430//534
f 428//534 429//534 318//534
f 322//534 425//534 424//534
f 325//534 444//534 445//534
f 444//534 325//534 326//534
f 438//534 439//534 331//534
f 437//534 438//534 332//534
f 437//534 333//534 446//534
f 304//534 364//534 365//534
f 291//534 292//534 378//534
f 380//534 290//534 291//534
f 276//534 394//534 395//534
f 265//534 404//534 405//534
f 256//534 257//534 413//534
f 418//534 252//534 253//534
f 251//534 420//534 421//534
f 421//534 250//534 251//534
f 422//534 249//534 250//534
f 423//534 248//534 249//534
f 226//534 343//534 344//534
f 227//534 342//534 343//534
f 341//534 228//534 229//534
f 230//534 339//534 340//534
f 232//534 233//534 336//534
f 233//534 234//534 337//534
f 337//534 234//534 235//534
f 239//534 354//534 355//534
f 239//534 353//534 354//534
f 353//534 239//534 240//534
f 240//534 241//534 352//534
f 350//534 351//534 242//534
f 348//534 244//534 245//534
f 432//534 314//534 315//534
f 430//534 316//534 317//534
f 427//534 428//534 318//534
f 321//534 424//534 426//534
f 424//534 321//534 322//534
f 441//534 442//534 328//534
f 295//534 296//534 374//534
f 291//534 379//534 380//534
f 381//534 289//534 290//534
f 270//534 271//534 399//534
f 258//534 259//534 410//534
f 416//534 417//534 254//534
f 417//534 418//534 253//534
f 252//534 418//534 419//534
f 249//534 422//534 423//534
f 225//534 344//534 335//534
f 343//534 226//534 227//534
f 342//534 227//534 228//534
f 340//534 229//534 230//534
f 231//534 338//534 339//534
f 337//534 336//534 233//534
f 236//534 237//534 356//534
f 352//534 353//534 240//534
f 350//534 243//534 244//534
f 345//534 347//534 247//534
f 432//534 433//534 313//534
f 426//534 320//534 321//534
f 322//534 323//534 425//534
f 443//534 444//534 326//534
f 290//534 380//534 381//534
f 382//534 288//534 289//534
f 263//534 406//534 407//534
f 253//534 254//534 417//534
f 252//534 419//534 420//534
f 423//534 346//534 248//534
f 339//534 230//534 231//534
f 336//534 338//534 232//534
f 356//534 357//534 236//534
f 238//534 355//534 356//534
f 246//534 247//534 347//534
f 247//534 248//534 345//534
f 431//534 315//534 316//534
f 324//534 445//534 425//534
f 439//534 440//534 330//534
f 254//534 255//534 416//534
f 250//534 421//534 422//534
f 334//534 224//534 223//534
f 344//534 225//534 226//534
f 231//534 232//534 338//534
f 351//534 352//534 241//534
f 248//534 346//534 345//534
f 445//534 324//534 325//534
f 289//534 381//534 382//534
f 356//534 237//534 238//534
f 425//534 323//534 324//534
f 288//534 382//534 383//534
f 335//534 223//534 225//534
f 355//534 238//534 239//534
f 308//534 309//534 359//534
f 357//534 337//534 235//534
f 223//534 335//534 334//534
f 436//534 358//534 309//534
f 449//255 448//255 450//255
f 450//255 451//255 449//255
f 454//535 453//535 452//535
f 452//535 455//535 454//535
f 458//3 456//4 459//5
f 458//6 459//7 460//8
f 461//9 460//10 462//11
f 463//12 462//13 464//14
f 464//15 465//16 463//17
f 462//18 463//19 461//20
f 460//21 461//22 458//23
f 456//24 458//25 457//26
f 468//27 466//28 469//29
f 468//30 469//31 470//32
f 471//33 470//34 472//536
f 473//36 472//537 474//38
f 475//39 474//40 476//538
f 475//42 476//43 477//44
f 478//45 477//46 479//47
f 479//48 480//49 478//50
f 477//51 478//52 475//53
f 474//54 475//55 473//56
f 472//57 473//58 471//59
f 470//60 471//61 468//62
f 466//63 468//64 467//65
f 483//66 482//67 481//68
f 485//69 483//70 484//71
f 487//72 485//73 486//74
f 488//75 487//76 489//77
f 490//78 488//79 491//80
f 492//81 490//82 493//83
f 494//84 492//85 495//86
f 496//87 494//88 495//89
f 498//539 496//91 497//92
f 499//93 498//94 497//95
f 501//96 499//97 500//98
f 503//99 501//100 502//101
f 505//102 503//103 504//104
f 507//105 505//106 506//107
f 510//108 507//109 509//110
f 512//111 510//112 513//113
f 514//540 512//115 515//116
f 516//117 514//118 517//119
f 518//120 516//121 519//122
f 521//123 518//124 520//541
f 523//126 521//127 522//128
f 522//129 524//130 523//131
f 520//132 522//133 521//134
f 519//135 520//136 518//137
f 517//138 519//139 516//140
f 515//141 517//142 514//143
f 513//144 515//145 512//146
f 511//147 513//148 510//149
f 509//150 511//151 510//152
f 508//542 509//154 507//155
f 506//156 508//157 507//158
f 504//159 506//160 505//161
f 502//162 504//163 503//164
f 500//165 502//166 501//167
f 497//168 500//169 499//170
f 495//171 497//172 496//173
f 493//174 495//175 492//176
f 491//543 493//178 490//179
f 489//180 491//181 488//182
f 486//183 489//184 487//185
f 484//186 486//187 485//544
f 481//189 484//190 483//191
f 578//545 577//545 700//545
f 585//545 584//545 693//545
f 577//545 576//545 701//545
f 576//545 575//545 703//545
f 593//545 683//545 682//545
f 584//545 583//545 694//545
f 582//545 695//545 694//545
f 701//545 700//545 577//545
f 703//545 702//545 576//545
f 562//545 561//545 716//545
f 561//545 560//545 716//545
f 596//545 595//545 681//545
f 594//545 682//545 681//545
f 682//545 594//545 593//545
f 589//545 688//545 687//545
f 586//545 585//545 692//545
f 694//545 693//545 584//545
f 694//545 583//545 582//545
f 580//545 697//545 696//545
f 702//545 701//545 576//545
f 565//545 564//545 714//545
f 564//545 563//545 714//545
f 563//545 562//545 715//545
f 559//545 558//545 718//545
f 558//545 557//545 719//545
f 602//545 601//545 675//545
f 681//545 680//545 596//545
f 591//545 685//545 684//545
f 590//545 687//545 686//545
f 687//545 590//545 589//545
f 588//545 587//545 689//545
f 692//545 691//545 586//545
f 581//545 696//545 695//545
f 696//545 581//545 580//545
f 579//545 699//545 698//545
f 700//545 699//545 578//545
f 565//545 713//545 712//545
f 716//545 715//545 562//545
f 560//545 559//545 717//545
f 719//545 718//545 558//545
f 661//545 660//545 541//545
f 660//545 659//545 541//545
f 659//545 658//545 543//545
f 657//545 544//545 543//545
f 656//545 545//545 544//545
f 607//545 671//545 670//545
f 602//545 674//545 673//545
f 601//545 600//545 676//545
f 681//545 595//545 594//545
f 592//545 684//545 683//545
f 684//545 592//545 591//545
f 591//545 686//545 685//545
f 589//545 588//545 688//545
f 690//545 689//545 587//545
f 587//545 586//545 691//545
f 693//545 692//545 585//545
f 580//545 698//545 697//545
f 699//545 579//545 578//545
f 569//545 709//545 708//545
f 568//545 710//545 709//545
f 566//545 712//545 711//545
f 712//545 566//545 565//545
f 715//545 714//545 563//545
f 718//545 717//545 559//545
f 557//545 720//545 719//545
f 554//545 722//545 721//545
f 553//545 723//545 722//545
f 552//545 724//545 723//545
f 543//545 542//545 659//545
f 543//545 658//545 657//545
f 544//545 657//545 656//545
f 655//545 654//545 546//545
f 643//545 642//545 535//545
f 671//545 607//545 606//545
f 605//545 672//545 671//545
f 604//545 673//545 672//545
f 673//545 603//545 602//545
f 676//545 675//545 601//545
f 600//545 599//545 677//545
f 599//545 598//545 678//545
f 598//545 597//545 679//545
f 597//545 596//545 680//545
f 683//545 593//545 592//545
f 691//545 690//545 587//545
f 695//545 582//545 581//545
f 698//545 580//545 579//545
f 709//545 569//545 568//545
f 717//545 716//545 560//545
f 720//545 557//545 556//545
f 555//545 721//545 720//545
f 722//545 554//545 553//545
f 726//545 627//545 626//545
f 662//545 540//545 539//545
f 540//545 662//545 661//545
f 542//545 541//545 659//545
f 655//545 546//545 545//545
f 654//545 653//545 548//545
f 644//545 643//545 534//545
f 613//545 612//545 666//545
f 612//545 611//545 667//545
f 671//545 606//545 605//545
f 673//545 604//545 603//545
f 677//545 676//545 600//545
f 678//545 677//545 599//545
f 680//545 679//545 597//545
f 689//545 688//545 588//545
f 571//545 707//545 706//545
f 570//545 708//545 707//545
f 710//545 568//545 567//545
f 714//545 713//545 565//545
f 720//545 556//545 555//545
f 552//545 551//545 724//545
f 626//545 725//545 726//545
f 548//545 547//545 654//545
f 651//545 550//545 549//545
f 645//545 644//545 533//545
f 535//545 534//545 643//545
f 642//545 641//545 536//545
f 641//545 640//545 537//545
f 640//545 526//545 528//545
f 525//545 527//545 528//545
f 667//545 666//545 612//545
f 611//545 610//545 667//545
f 672//545 605//545 604//545
f 574//545 573//545 705//545
f 573//545 572//545 706//545
f 708//545 570//545 569//545
f 567//545 711//545 710//545
f 723//545 553//545 552//545
f 727//545 633//545 632//545
f 728//545 634//545 633//545
f 729//545 635//545 634//545
f 730//545 636//545 635//545
f 731//545 619//545 618//545
f 733//545 626//545 625//545
f 726//545 734//545 627//545
f 541//545 540//545 661//545
f 547//545 546//545 654//545
f 653//545 652//545 549//545
f 647//545 531//545 530//545
f 531//545 647//545 646//545
f 646//545 645//545 532//545
f 536//545 535//545 642//545
f 537//545 536//545 641//545
f 528//545 537//545 640//545
f 528//545 526//545 525//545
f 615//545 614//545 664//545
f 614//545 613//545 665//545
f 668//545 667//545 610//545
f 609//545 669//545 668//545
f 608//545 670//545 669//545
f 675//545 674//545 602//545
f 686//545 591//545 590//545
f 706//545 572//545 571//545
f 721//545 555//545 554//545
f 735//545 631//545 630//545
f 633//545 727//545 728//545
f 635//545 729//545 730//545
f 737//545 738//545 637//545
f 738//545 739//545 616//545
f 740//545 620//545 619//545
f 740//545 621//545 620//545
f 621//545 740//545 732//545
f 741//545 742//545 624//545
f 733//545 625//545 624//545
f 626//545 733//545 725//545
f 734//545 724//545 628//545
f 539//545 663//545 662//545
f 545//545 656//545 655//545
f 549//545 548//545 653//545
f 549//545 652//545 651//545
f 533//545 532//545 645//545
f 665//545 664//545 614//545
f 669//545 609//545 608//545
f 679//545 678//545 598//545
f 575//545 574//545 704//545
f 706//545 705//545 573//545
f 711//545 567//545 566//545
f 743//545 630//545 629//545
f 631//545 735//545 736//545
f 736//545 632//545 631//545
f 634//545 728//545 729//545
f 616//545 637//545 738//545
f 744//545 745//545 617//545
f 619//545 731//545 740//545
f 732//545 746//545 622//545
f 746//545 741//545 623//545
f 624//545 623//545 741//545
f 624//545 742//545 733//545
f 628//545 627//545 734//545
f 724//545 551//545 628//545
f 650//545 529//545 550//545
f 532//545 531//545 646//545
f 666//545 665//545 613//545
f 670//545 608//545 607//545
f 704//545 703//545 575//545
f 707//545 571//545 570//545
f 637//545 636//545 737//545
f 616//545 739//545 744//545
f 745//545 747//545 618//545
f 623//545 622//545 746//545
f 550//545 651//545 650//545
f 648//545 530//545 529//545
f 534//545 533//545 644//545
f 668//545 610//545 609//545
f 705//545 704//545 574//545
f 638//545 639//545 748//545
f 630//545 743//545 735//545
f 730//545 737//545 636//545
f 622//545 621//545 732//545
f 650//545 649//545 529//545
f 530//545 648//545 647//545
f 663//545 538//545 615//545
f 632//545 736//545 727//545
f 618//545 617//545 745//545
f 529//545 649//545 648//545
f 629//545 748//545 743//545
f 618//545 747//545 731//545
f 664//545 663//545 615//545
f 617//545 616//545 744//545
f 748//545 629//545 638//545
f 539//545 538//545 663//545
f 754//231 752//232 750//233
f 755//234 750//235 749//236
f 756//237 749//238 751//239
f 758//240 751//241 753//242
f 751//243 758//244 757//245
f 751//246 757//247 756//248
f 749//249 756//250 755//251
f 750//252 755//253 754//254
f 759//1 761//1 762//1
f 762//1 760//1 759//1
f 763//192 764//193 765//194
f 772//195 765//196 769//197
f 774//198 769//199 768//200
f 775//201 768//202 766//203
f 776//204 766//205 770//206
f 771//207 770//208 767//209
f 770//210 771//211 777//212
f 770//213 777//214 776//215
f 766//216 776//217 775//546
f 768//219 775//547 774//221
f 769//222 774//223 773//548
f 769//225 773//226 772//227
f 765//228 772//229 763//230
f 782//2 781//2 784//2
f 781//2 780//2 785//2
f 785//2 784//2 781//2
f 779//2 778//2 785//2
f 785//2 780//2 779//2
f 784//2 783//2 782//2
f 787//535 788//535 789//535
f 789//535 786//535 787//535
f 791//255 790//255 792//255
f 792//255 793//255 791//255
f 795//535 794//535 796//535
f 796//535 797//535 795//535
f 800//2 799//2 801//2
f 798//2 802//2 801//2
f 801//2 799//2 798//2
f 803//2 804//2 802//2
f 802//2 798//2 803//2
f 801//2 805//2 800//2
f 806//535 808//535 809//535
f 809//535 807//535 806//535
f 812//2 813//2 811//2
f 811//2 810//2 812//2
f 814//535 815//535 816//535
f 816//535 817//535 814//535
f 820//2 819//2 818//2
f 818//2 821//2 820//2
f 824//2 825//2 823//2
f 823//2 822//2 824//2
f 828//549 829//550 830//551
f 831//552 832//553 829//554
f 833//555 834//556 832//557
f 837//558 836//559 834//560
f 837//561 838//562 836//563
f 840//564 838//565 839//566
f 841//567 842//568 840//569
f 843//570 842//571 844//572
f 845//573 846//573 843//574
f 848//575 846//576 847//577
f 850//578 848//579 849//580
f 852//581 850//582 853//583
f 854//584 855//584 852//585
f 857//586 858//587 855//588
f 859//589 858//590 857//590
f 861//591 859//592 860//593
f 863//594 861//595 862//596
f 865//597 863//598 864//599
f 866//600 867//601 865//602
f 869//603 867//604 868//605
f 870//606 871//607 869//608
f 873//609 871//610 872//611
f 875//612 873//613 874//614
f 876//615 877//616 875//617
f 827//618 877//619 878//620
f 878//621 826//622 827//622
f 877//623 876//624 878//625
f 874//626 876//627 875//628
f 872//629 874//630 873//631
f 871//632 870//633 872//634
f 869//635 868//636 870//637
f 867//638 866//639 868//640
f 864//641 866//642 865//643
f 862//644 864//645 863//646
f 860//647 862//648 861//649
f 857//650 860//651 859//652
f 855//653 856//654 857//655
f 855//656 854//657 856//658
f 852//659 853//660 854//661
f 850//662 851//663 853//664
f 850//665 849//666 851//667
f 848//668 847//669 849//670
f 845//671 847//672 846//673
f 843//674 844//675 845//676
f 842//677 841//678 844//679
f 840//680 839//681 841//682
f 838//683 837//684 839//685
f 834//686 835//687 837//688
f 834//689 833//690 835//691
f 832//692 831//693 833//694
f 829//695 828//696 831//697
f 881//255 882//255 880//255
f 880//255 879//255 881//255
f 884//1 883//1 885//1
f 885//1 886//1 884//1
f 889//2 888//2 887//2
f 887//2 890//2 889//2
f 894//534 891//534 892//534
f 892//534 893//534 894//534
f 896//1 897//1 898//1
f 898//1 895//1 896//1
f 901//2 902//2 900//2
f 900//2 899//2 901//2
f 905//545 904//545 903//545
f 903//545 906//545 905//545
f 913//1 914//1 909//1
f 915//1 907//1 909//1
f 909//1 914//1 915//1
f 915//1 916//1 908//1
f 908//1 907//1 915//1
f 916//1 917//1 911//1
f 911//1 908//1 916//1
f 918//1 912//1 911//1
f 911//1 917//1 918//1
f 909//1 910//1 913//1
f 919//545 921//545 922//545
f 922//545 920//545 919//545
f 924//1 923//1 925//1
f 925//1 926//1 924//1
f 927//535 929//535 930//535
f 930//535 928//535 927//535
f 931//534 934//534 933//534
f 933//534 932//534 931//534
f 982//545 984//545 983//545
f 1022//545 1021//545 1023//545
f 1021//545 1024//545 1023//545
f 981//545 985//545 984//545
f 982//545 981//545 984//545
f 1021//545 1020//545 1024//545
f 1020//545 1071//545 1024//545
f 1000//545 986//545 985//545
f 1019//545 1025//545 1071//545
f 981//545 1000//545 985//545
f 1020//545 1019//545 1071//545
f 1000//545 980//545 986//545
f 980//545 999//545 986//545
f 1018//545 1026//545 1025//545
f 1019//545 1018//545 1025//545
f 979//545 987//545 999//545
f 980//545 979//545 999//545
f 1018//545 1017//545 1026//545
f 1017//545 1027//545 1026//545
f 978//545 988//545 987//545
f 1016//545 1028//545 1027//545
f 979//545 978//545 987//545
f 1017//545 1016//545 1027//545
f 977//545 989//545 988//545
f 978//545 977//545 988//545
f 1016//545 1015//545 1028//545
f 1015//545 1029//545 1028//545
f 976//545 990//545 989//545
f 977//545 976//545 989//545
f 1015//545 1014//545 1029//545
f 1014//545 1030//545 1029//545
f 976//545 975//545 990//545
f 975//545 991//545 990//545
f 1013//545 1031//545 1030//545
f 1014//545 1013//545 1030//545
f 974//545 992//545 991//545
f 975//545 974//545 991//545
f 1012//545 1032//545 1031//545
f 1013//545 1012//545 1031//545
f 1012//545 1033//545 1032//545
f 974//545 973//545 992//545
f 972//545 998//545 992//545
f 973//545 972//545 992//545
f 1072//545 1034//545 1033//545
f 1012//545 1072//545 1033//545
f 971//545 993//545 998//545
f 972//545 971//545 998//545
f 1072//545 1011//545 1034//545
f 1011//545 1035//545 1034//545
f 971//545 970//545 993//545
f 970//545 997//545 993//545
f 1010//545 1070//545 1035//545
f 1010//545 1036//545 1070//545
f 970//545 1001//545 997//545
f 1011//545 1010//545 1035//545
f 969//545 994//545 997//545
f 1001//545 969//545 997//545
f 1009//545 1037//545 1036//545
f 1009//545 1069//545 1037//545
f 969//545 968//545 994//545
f 1010//545 1009//545 1036//545
f 1002//545 995//545 994//545
f 1008//545 1038//545 1069//545
f 1005//545 1060//545 1059//545
f 968//545 1002//545 994//545
f 1009//545 1008//545 1069//545
f 1005//545 1061//545 1060//545
f 1005//545 1004//545 1064//545
f 943//545 942//545 936//545
f 967//545 996//545 995//545
f 936//545 939//545 938//545
f 936//545 944//545 943//545
f 1002//545 967//545 995//545
f 1007//545 1039//545 1038//545
f 1064//545 1063//545 1005//545
f 942//545 941//545 936//545
f 966//545 937//545 996//545
f 1008//545 1007//545 1038//545
f 1059//545 1058//545 1005//545
f 936//545 940//545 939//545
f 1006//545 1040//545 1039//545
f 1005//545 1065//545 1061//545
f 1063//545 1062//545 1005//545
f 967//545 966//545 996//545
f 936//545 1003//545 940//545
f 936//545 945//545 944//545
f 966//545 965//545 937//545
f 1006//545 1041//545 1040//545
f 1062//545 1065//545 1005//545
f 941//545 1003//545 936//545
f 1058//545 1057//545 1005//545
f 965//545 964//545 937//545
f 1006//545 1068//545 1041//545
f 936//545 946//545 945//545
f 936//545 937//545 946//545
f 1006//545 1042//545 1068//545
f 1057//545 1056//545 1005//545
f 964//545 963//545 937//545
f 1056//545 1006//545 1005//545
f 937//545 947//545 946//545
f 963//545 962//545 937//545
f 1006//545 1043//545 1042//545
f 1056//545 1055//545 1006//545
f 937//545 948//545 947//545
f 1006//545 1044//545 1043//545
f 1055//545 1054//545 1006//545
f 962//545 961//545 937//545
f 937//545 949//545 948//545
f 961//545 960//545 937//545
f 1006//545 1045//545 1044//545
f 1054//545 1053//545 1006//545
f 937//545 950//545 949//545
f 960//545 959//545 937//545
f 1006//545 1046//545 1045//545
f 1053//545 1066//545 1006//545
f 937//545 951//545 950//545
f 1066//545 1052//545 1006//545
f 959//545 958//545 937//545
f 1006//545 1067//545 1046//545
f 937//545 952//545 951//545
f 1006//545 1047//545 1067//545
f 1052//545 1051//545 1006//545
f 958//545 957//545 937//545
f 937//545 953//545 952//545
f 957//545 956//545 937//545
f 1006//545 1048//545 1047//545
f 1051//545 1050//545 1006//545
f 937//545 954//545 953//545
f 956//545 955//545 937//545
f 1006//545 1049//545 1048//545
f 1050//545 1049//545 1006//545
f 1076//545 937//545 1006//545
f 1076//545 1077//545 937//545
f 955//545 954//545 937//545
f 1007//545 1006//545 1039//545
f 1076//545 1078//545 1077//545
f 937//545 1077//545 996//545
f 1006//545 1073//545 1076//545
f 1075//545 1076//545 1073//545
f 1007//545 1073//545 1006//545
f 938//545 935//545 936//545
f 1073//545 1074//545 1075//545
f 1079//255 1081//255 1082//255
f 1082//255 1080//255 1079//255
f 1085//535 1083//535 1084//535
f 1084//535 1086//535 1085//535
f 1090//2 1089//2 1087//2
f 1087//2 1088//2 1090//2
f 1092//545 1093//545 1094//545
f 1094//545 1091//545 1092//545
f 1184//534 1182//534 1183//534
f 1147//534 1148//534 1146//534
f 1148//534 1145//534 1146//534
f 1185//534 1181//534 1182//534
f 1148//534 1149//534 1145//534
f 1184//534 1185//534 1182//534
f 1149//534 1144//534 1145//534
f 1150//534 1143//534 1144//534
f 1186//534 1180//534 1181//534
f 1149//534 1150//534 1144//534
f 1185//534 1186//534 1181//534
f 1186//534 1187//534 1180//534
f 1151//534 1142//534 1143//534
f 1187//534 1179//534 1180//534
f 1150//534 1151//534 1143//534
f 1188//534 1178//534 1179//534
f 1151//534 1152//534 1142//534
f 1187//534 1188//534 1179//534
f 1152//534 1141//534 1142//534
f 1153//534 1140//534 1141//534
f 1189//534 1177//534 1178//534
f 1152//534 1153//534 1141//534
f 1188//534 1189//534 1178//534
f 1190//534 1176//534 1177//534
f 1153//534 1154//534 1140//534
f 1189//534 1190//534 1177//534
f 1154//534 1139//534 1140//534
f 1191//534 1175//534 1176//534
f 1154//534 1155//534 1139//534
f 1190//534 1191//534 1176//534
f 1155//534 1138//534 1139//534
f 1191//534 1192//534 1175//534
f 1156//534 1137//534 1138//534
f 1192//534 1174//534 1175//534
f 1155//534 1156//534 1138//534
f 1193//534 1173//534 1174//534
f 1157//534 1136//534 1137//534
f 1192//534 1193//534 1174//534
f 1156//534 1157//534 1137//534
f 1157//534 1135//534 1136//534
f 1193//534 1194//534 1173//534
f 1195//534 1172//534 1173//534
f 1158//534 1134//534 1135//534
f 1194//534 1195//534 1173//534
f 1157//534 1158//534 1135//534
f 1196//534 1171//534 1172//534
f 1158//534 1159//534 1134//534
f 1195//534 1196//534 1172//534
f 1159//534 1133//534 1134//534
f 1196//534 1197//534 1171//534
f 1160//534 1132//534 1133//534
f 1197//534 1170//534 1171//534
f 1160//534 1131//534 1132//534
f 1159//534 1160//534 1133//534
f 1197//534 1198//534 1170//534
f 1199//534 1169//534 1170//534
f 1161//534 1130//534 1131//534
f 1161//534 1129//534 1130//534
f 1198//534 1199//534 1170//534
f 1160//534 1161//534 1131//534
f 1199//534 1200//534 1169//534
f 1162//534 1128//534 1129//534
f 1095//534 1103//534 1104//534
f 1201//534 1168//534 1169//534
f 1161//534 1162//534 1129//534
f 1095//534 1102//534 1103//534
f 1095//534 1097//534 1098//534
f 1200//534 1201//534 1169//534
f 1226//534 1227//534 1165//534
f 1202//534 1167//534 1168//534
f 1163//534 1127//534 1128//534
f 1098//534 1099//534 1095//534
f 1165//534 1231//534 1232//534
f 1165//534 1225//534 1226//534
f 1201//534 1202//534 1168//534
f 1162//534 1163//534 1128//534
f 1104//534 1105//534 1095//534
f 1227//534 1228//534 1165//534
f 1203//534 1166//534 1167//534
f 1096//534 1126//534 1127//534
f 1095//534 1101//534 1102//534
f 1099//534 1100//534 1095//534
f 1165//534 1230//534 1231//534
f 1202//534 1203//534 1167//534
f 1096//534 1125//534 1126//534
f 1100//534 1101//534 1095//534
f 1165//534 1229//534 1230//534
f 1165//534 1224//534 1225//534
f 1203//534 1204//534 1166//534
f 1105//534 1106//534 1095//534
f 1228//534 1229//534 1165//534
f 1096//534 1124//534 1125//534
f 1204//534 1205//534 1166//534
f 1096//534 1123//534 1124//534
f 1106//534 1107//534 1095//534
f 1165//534 1223//534 1224//534
f 1165//534 1166//534 1223//534
f 1107//534 1096//534 1095//534
f 1205//534 1206//534 1166//534
f 1096//534 1122//534 1123//534
f 1107//534 1108//534 1096//534
f 1166//534 1222//534 1223//534
f 1206//534 1207//534 1166//534
f 1096//534 1121//534 1122//534
f 1108//534 1109//534 1096//534
f 1166//534 1221//534 1222//534
f 1207//534 1208//534 1166//534
f 1096//534 1120//534 1121//534
f 1109//534 1110//534 1096//534
f 1166//534 1220//534 1221//534
f 1208//534 1209//534 1166//534
f 1096//534 1119//534 1120//534
f 1110//534 1111//534 1096//534
f 1166//534 1219//534 1220//534
f 1209//534 1210//534 1166//534
f 1111//534 1112//534 1096//534
f 1166//534 1218//534 1219//534
f 1096//534 1118//534 1119//534
f 1210//534 1211//534 1166//534
f 1096//534 1117//534 1118//534
f 1112//534 1113//534 1096//534
f 1166//534 1217//534 1218//534
f 1211//534 1212//534 1166//534
f 1096//534 1116//534 1117//534
f 1113//534 1114//534 1096//534
f 1166//534 1216//534 1217//534
f 1212//534 1213//534 1166//534
f 1096//534 1115//534 1116//534
f 1114//534 1115//534 1096//534
f 1166//534 1215//534 1216//534
f 1213//534 1214//534 1166//534
f 1236//534 1235//534 1166//534
f 1236//534 1096//534 1237//534
f 1163//534 1096//534 1127//534
f 1214//534 1215//534 1166//534
f 1163//534 1237//534 1096//534
f 1166//534 1233//534 1167//534
f 1235//534 1234//534 1233//534
f 1166//534 1096//534 1236//534
f 1233//534 1166//534 1235//534
f 1232//534 1164//534 1165//534
f 1237//534 1238//534 1236//534
f 1241//255 1242//255 1240//255
f 1240//255 1239//255 1241//255
f 1245//535 1246//535 1244//535
f 1244//535 1243//535 1245//535
f 1248//255 1247//255 1249//255
f 1249//255 1250//255 1248//255
f 1254//2 1252//2 1251//2
f 1251//2 1253//2 1254//2
f 1256//534 1255//534 1258//534
f 1258//534 1257//534 1256//534
f 1267//535 1262//535 1261//535
f 1267//535 1268//535 1265//535
f 1265//535 1262//535 1267//535
f 1268//535 1269//535 1266//535
f 1266//535 1265//535 1268//535
f 1263//535 1264//535 1266//535
f 1259//535 1270//535 1261//535
f 1266//535 1269//535 1263//535
f 1261//535 1270//535 1267//535
f 1261//535 1260//535 1259//535
f 1277//2 1274//2 1271//2
f 1276//2 1272//2 1271//2
f 1275//2 1276//2 1274//2
f 1271//2 1274//2 1276//2
f 1271//2 1278//2 1277//2
f 1281//2 1280//2 1277//2
f 1282//2 1281//2 1278//2
f 1277//2 1278//2 1281//2
f 1274//2 1273//2 1275//2
f 1278//2 1279//2 1282//2
f 1283//1 1284//1 1285//1
f 1285//1 1286//1 1283//1
f 1290//545 1287//545 1288//545
f 1288//545 1289//545 1290//545
f 1294//534 1293//534 1292//534
f 1292//534 1291//534 1294//534
f 1299//2 1295//2 1298//2
f 1299//2 1300//2 1296//2
f 1296//2 1295//2 1299//2
f 1300//2 1301//2 1297//2
f 1297//2 1296//2 1300//2
f 1302//2 1298//2 1297//2
f 1297//2 1301//2 1302//2
f 1298//2 1302//2 1299//2
f 1304//1 1303//1 1305//1
f 1305//1 1306//1 1304//1
f 1308//255 1307//255 1309//255
f 1309//255 1310//255 1308//255
f 1313//1 1314//1 1312//1
f 1312//1 1311//1 1313//1
f 1318//535 1317//535 1316//535
f 1316//535 1315//535 1318//535
f 1322//545 1320//545 1319//545
f 1319//545 1321//545 1322//545
f 1325//534 1323//534 1324//534
f 1324//534 1326//534 1325//534
f 1331//2 1332//2 1330//2
f 1333//2 1327//2 1330//2
f 1330//2 1332//2 1333//2
f 1334//2 1328//2 1327//2
f 1334//2 1331//2 1329//2
f 1327//2 1333//2 1334//2
f 1330//2 1329//2 1331//2
f 1329//2 1328//2 1334//2
f 1336//1 1335//1 1337//1
f 1337//1 1338//1 1336//1
f 1340//255 1339//255 1341//255
f 1341//255 1342//255 1340//255
f 1346//535 1345//535 1344//535
f 1344//535 1343//535 1346//535
f 1350//545 1348//545 1347//545
f 1347//545 1349//545 1350//545
f 1353//534 1351//534 1352//534
f 1352//534 1354//534 1353//534
f 1375//545 1479//545 1480//545
f 1482//545 1483//545 1484//545
f 1480//545 1485//545 1375//545
f 1481//545 1375//545 1376//545
f 1356//545 1370//545 1371//545
f 1484//545 1486//545 1487//545
f 1484//545 1375//545 1482//545
f 1375//545 1488//545 1479//545
f 1376//545 1489//545 1481//545
f 1493//545 1383//545 1384//545
f 1494//545 1384//545 1385//545
f 1495//545 1496//545 1385//545
f 1497//545 1398//545 1399//545
f 1498//545 1400//545 1401//545
f 1413//545 1414//545 1501//545
f 1504//545 1505//545 1442//545
f 1506//545 1507//545 1446//545
f 1508//545 1509//545 1510//545
f 1356//545 1369//545 1370//545
f 1356//545 1368//545 1369//545
f 1365//545 1366//545 1356//545
f 1483//545 1486//545 1484//545
f 1481//545 1488//545 1375//545
f 1489//545 1376//545 1377//545
f 1511//545 1378//545 1379//545
f 1511//545 1377//545 1378//545
f 1490//545 1379//545 1380//545
f 1491//545 1380//545 1381//545
f 1492//545 1381//545 1382//545
f 1493//545 1382//545 1383//545
f 1512//545 1390//545 1391//545
f 1513//545 1396//545 1397//545
f 1497//545 1397//545 1398//545
f 1499//545 1401//545 1402//545
f 1499//545 1402//545 1403//545
f 1514//545 1403//545 1404//545
f 1515//545 1410//545 1411//545
f 1500//545 1411//545 1412//545
f 1500//545 1412//545 1413//545
f 1502//545 1414//545 1415//545
f 1502//545 1415//545 1416//545
f 1416//545 1417//545 1516//545
f 1417//545 1517//545 1516//545
f 1418//545 1419//545 1517//545
f 1419//545 1518//545 1517//545
f 1420//545 1519//545 1518//545
f 1521//545 1522//545 1427//545
f 1523//545 1524//545 1434//545
f 1525//545 1523//545 1436//545
f 1526//545 1525//545 1437//545
f 1442//545 1443//545 1504//545
f 1527//545 1504//545 1443//545
f 1528//545 1527//545 1444//545
f 1507//545 1528//545 1445//545
f 1529//545 1530//545 1459//545
f 1531//545 1529//545 1460//545
f 1532//545 1533//545 1467//545
f 1534//545 1532//545 1468//545
f 1469//545 1535//545 1536//545
f 1535//545 1469//545 1508//545
f 1508//545 1537//545 1509//545
f 1356//545 1363//545 1364//545
f 1362//545 1356//545 1360//545
f 1487//545 1538//545 1484//545
f 1377//545 1511//545 1489//545
f 1381//545 1492//545 1491//545
f 1384//545 1494//545 1493//545
f 1385//545 1386//545 1495//545
f 1495//545 1386//545 1387//545
f 1539//545 1387//545 1388//545
f 1540//545 1391//545 1392//545
f 1541//545 1393//545 1394//545
f 1399//545 1542//545 1497//545
f 1542//545 1399//545 1400//545
f 1404//545 1543//545 1514//545
f 1543//545 1405//545 1406//545
f 1544//545 1407//545 1408//545
f 1502//545 1501//545 1414//545
f 1516//545 1503//545 1416//545
f 1518//545 1419//545 1420//545
f 1422//545 1545//545 1519//545
f 1520//545 1546//545 1424//545
f 1425//545 1426//545 1520//545
f 1522//545 1520//545 1426//545
f 1427//545 1428//545 1521//545
f 1434//545 1435//545 1523//545
f 1547//545 1526//545 1437//545
f 1548//545 1547//545 1439//545
f 1505//545 1548//545 1441//545
f 1443//545 1444//545 1527//545
f 1446//545 1447//545 1506//545
f 1506//545 1447//545 1459//545
f 1459//545 1460//545 1529//545
f 1460//545 1461//545 1531//545
f 1549//545 1531//545 1462//545
f 1550//545 1549//545 1463//545
f 1533//545 1551//545 1465//545
f 1469//545 1552//545 1553//545
f 1508//545 1554//545 1535//545
f 1508//545 1555//545 1537//545
f 1367//545 1368//545 1356//545
f 1364//545 1365//545 1356//545
f 1356//545 1362//545 1363//545
f 1360//545 1361//545 1362//545
f 1485//545 1482//545 1375//545
f 1380//545 1491//545 1490//545
f 1385//545 1496//545 1494//545
f 1388//545 1556//545 1539//545
f 1392//545 1541//545 1540//545
f 1541//545 1392//545 1393//545
f 1557//545 1395//545 1396//545
f 1400//545 1498//545 1542//545
f 1403//545 1514//545 1499//545
f 1543//545 1404//545 1405//545
f 1558//545 1406//545 1407//545
f 1544//545 1408//545 1409//545
f 1559//545 1409//545 1410//545
f 1501//545 1500//545 1413//545
f 1417//545 1418//545 1517//545
f 1420//545 1421//545 1519//545
f 1546//545 1545//545 1423//545
f 1560//545 1561//545 1430//545
f 1436//545 1437//545 1525//545
f 1437//545 1438//545 1547//545
f 1439//545 1440//545 1548//545
f 1445//545 1446//545 1507//545
f 1459//545 1530//545 1506//545
f 1461//545 1462//545 1531//545
f 1551//545 1550//545 1464//545
f 1465//545 1466//545 1533//545
f 1468//545 1469//545 1534//545
f 1553//545 1562//545 1469//545
f 1510//545 1554//545 1508//545
f 1473//545 1563//545 1454//545
f 1366//545 1367//545 1356//545
f 1564//545 1357//545 1356//545
f 1379//545 1490//545 1511//545
f 1387//545 1539//545 1495//545
f 1556//545 1388//545 1389//545
f 1565//545 1389//545 1390//545
f 1394//545 1557//545 1541//545
f 1557//545 1394//545 1395//545
f 1401//545 1499//545 1498//545
f 1406//545 1558//545 1543//545
f 1410//545 1515//545 1559//545
f 1503//545 1502//545 1416//545
f 1421//545 1422//545 1519//545
f 1423//545 1424//545 1546//545
f 1426//545 1427//545 1522//545
f 1561//545 1521//545 1429//545
f 1567//545 1560//545 1432//545
f 1438//545 1439//545 1547//545
f 1440//545 1441//545 1548//545
f 1444//545 1445//545 1528//545
f 1463//545 1464//545 1550//545
f 1467//545 1468//545 1532//545
f 1536//545 1552//545 1469//545
f 1563//545 1449//545 1450//545
f 1356//545 1373//545 1564//545
f 1382//545 1493//545 1492//545
f 1390//545 1512//545 1565//545
f 1396//545 1513//545 1566//545
f 1409//545 1559//545 1544//545
f 1424//545 1425//545 1520//545
f 1429//545 1430//545 1561//545
f 1431//545 1432//545 1560//545
f 1432//545 1433//545 1567//545
f 1524//545 1567//545 1433//545
f 1464//545 1465//545 1551//545
f 1562//545 1534//545 1469//545
f 1453//545 1454//545 1563//545
f 1563//545 1451//545 1452//545
f 1450//545 1451//545 1563//545
f 1469//545 1563//545 1508//545
f 1371//545 1372//545 1356//545
f 1359//545 1360//545 1356//545
f 1373//545 1374//545 1564//545
f 1389//545 1565//545 1556//545
f 1396//545 1566//545 1557//545
f 1407//545 1544//545 1558//545
f 1422//545 1423//545 1545//545
f 1430//545 1431//545 1560//545
f 1433//545 1434//545 1524//545
f 1441//545 1442//545 1505//545
f 1466//545 1467//545 1533//545
f 1457//545 1458//545 1473//545
f 1455//545 1456//545 1473//545
f 1452//545 1453//545 1563//545
f 1563//545 1448//545 1449//545
f 1356//545 1355//545 1359//545
f 1374//545 1375//545 1564//545
f 1391//545 1540//545 1512//545
f 1500//545 1515//545 1411//545
f 1462//545 1463//545 1549//545
f 1456//545 1457//545 1473//545
f 1469//545 1470//545 1563//545
f 1358//545 1357//545 1564//545
f 1484//545 1564//545 1375//545
f 1397//545 1497//545 1513//545
f 1435//545 1436//545 1523//545
f 1563//545 1473//545 1476//545
f 1475//545 1476//545 1473//545
f 1454//545 1455//545 1473//545
f 1470//545 1471//545 1563//545
f 1372//545 1373//545 1356//545
f 1428//545 1429//545 1521//545
f 1473//545 1474//545 1475//545
f 1471//545 1448//545 1563//545
f 1538//545 1568//545 1484//545
f 1458//545 1472//545 1473//545
f 1476//545 1477//545 1563//545
f 1478//545 1569//545 1563//545
f 1563//545 1477//545 1478//545
f 1564//545 1570//545 1358//545
f 1573//698 1574//699 1571//700
f 1575//701 1576//702 1574//703
f 1577//704 1578//705 1576//706
f 1579//707 1578//708 1577//709
f 1580//710 1581//711 1579//712
f 1583//713 1581//714 1582//715
f 1585//716 1586//717 1583//718
f 1587//719 1588//720 1586//721
f 1589//722 1588//723 1590//724
f 1592//725 1589//726 1591//727
f 1593//728 1592//729 1591//730
f 1596//731 1595//731 1593//732
f 1598//733 1595//734 1597//735
f 1600//736 1598//737 1599//738
f 1602//739 1600//740 1601//741
f 1604//742 1602//743 1603//744
f 1605//745 1606//746 1604//747
f 1608//748 1609//749 1606//750
f 1610//751 1611//752 1609//753
f 1612//754 1611//755 1610//756
f 1613//757 1614//758 1612//759
f 1616//760 1617//761 1614//762
f 1618//763 1617//764 1616//765
f 1620//766 1621//766 1618//767
f 1623//768 1624//769 1621//770
f 1621//771 1622//772 1623//773
f 1621//774 1620//775 1622//776
f 1619//777 1620//778 1618//778
f 1616//779 1619//780 1618//781
f 1614//782 1615//783 1616//784
f 1614//785 1613//786 1615//787
f 1610//788 1613//789 1612//790
f 1608//791 1610//792 1609//793
f 1606//794 1607//795 1608//796
f 1606//797 1605//798 1607//799
f 1603//800 1605//801 1604//802
f 1601//803 1603//804 1602//805
f 1599//806 1601//807 1600//808
f 1598//809 1597//810 1599//811
f 1595//812 1596//813 1597//814
f 1593//815 1594//816 1596//817
f 1593//818 1591//819 1594//820
f 1589//821 1590//822 1591//823
f 1587//824 1590//825 1588//826
f 1585//827 1587//828 1586//829
f 1584//830 1585//831 1583//832
f 1582//833 1584//834 1583//835
f 1581//836 1580//837 1582//838
f 1577//839 1580//840 1579//841
f 1576//842 1575//843 1577//844
f 1574//845 1573//846 1575//847
f 1571//848 1572//848 1573//849
f 1652//850 1651//851 1628//852
f 1653//853 1652//854 1627//855
f 1654//856 1653//857 1625//858
f 1655//859 1654//860 1626//861
f 1656//862 1655//863 1629//864
f 1657//865 1656//866 1630//866
f 1658//867 1657//868 1640//869
f 1659//870 1658//871 1631//872
f 1660//873 1659//874 1631//875
f 1661//876 1660//877 1632//878
f 1662//879 1661//880 1641//881
f 1663//882 1662//883 1633//884
f 1664//885 1663//886 1634//887
f 1665//888 1664//889 1635//890
f 1666//891 1665//892 1647//893
f 1667//894 1666//895 1642//896
f 1668//897 1667//898 1650//899
f 1669//900 1668//901 1649//902
f 1670//903 1669//904 1648//904
f 1671//905 1670//906 1636//907
f 1672//908 1671//909 1637//909
f 1673//910 1672//911 1644//912
f 1674//913 1673//914 1645//915
f 1675//916 1674//917 1646//918
f 1676//919 1675//920 1639//921
f 1639//922 1638//923 1676//924
f 1646//925 1639//926 1675//927
f 1645//928 1646//929 1674//930
f 1644//931 1645//932 1673//933
f 1637//934 1644//935 1672//936
f 1636//937 1637//938 1671//938
f 1648//939 1636//940 1670//941
f 1643//942 1648//943 1669//944
f 1649//945 1643//946 1669//947
f 1650//948 1649//949 1668//950
f 1642//951 1650//952 1667//953
f 1647//954 1642//955 1666//956
f 1635//957 1647//958 1665//959
f 1634//960 1635//961 1664//962
f 1633//963 1634//964 1663//965
f 1641//966 1633//967 1662//968
f 1632//969 1641//970 1661//971
f 1631//972 1632//973 1660//974
f 1640//975 1631//976 1658//976
f 1630//977 1640//978 1657//979
f 1629//980 1630//981 1656//981
f 1626//982 1629//983 1655//984
f 1625//985 1626//986 1654//987
f 1627//988 1625//989 1653//990
f 1628//991 1627//992 1652//993
f 1679//255 1680//255 1678//255
f 1678//255 1677//255 1679//255
f 1683//535 1681//535 1682//535
f 1682//535 1684//535 1683//535
f 1687//2 1685//2 1686//2
f 1686//2 1688//2 1687//2
f 1691//545 1692//545 1690//545
f 1690//545 1689//545 1691//545
f 1695//2 1696//2 1694//2
f 1694//2 1693//2 1695//2
f 1700//1 1699//1 1698//1
f 1698//1 1697//1 1700//1
f 1703//255 1701//255 1702//255
f 1702//255 1704//255 1703//255
f 1708//545 1706//545 1705//545
f 1705//545 1707//545 1708//545
f 1715//1 1712//1 1710//1
f 1710//1 1709//1 1715//1
f 1715//1 1711//1 1712//1
f 1714//1 1712//1 1711//1
f 1715//1 1716//1 1713//1
f 1713//1 1711//1 1715//1
f 1719//2 1720//2 1717//2
f 1720//2 1721//2 1718//2
f 1718//2 1717//2 1720//2
f 1722//2 1723//2 1718//2
f 1718//2 1721//2 1722//2
f 1717//2 1724//2 1719//2
f 1727//255 1728//255 1725//255
f 1725//255 1726//255 1727//255
f 1729//535 1731//535 1732//535
f 1732//535 1730//535 1729//535
f 1735//2 1734//2 1733//2
f 1733//2 1736//2 1735//2
f 1739//534 1737//534 1738//534
f 1738//534 1740//534 1739//534
f 1875//534 1876//534 1762//534
f 1952//534 1946//534 1947//534
f 1806//534 1805//534 1910//534
f 1761//534 1874//534 1875//534
f 1761//534 1871//534 1872//534
f 1870//534 1761//534 1954//534
f 1947//534 1948//534 1952//534
f 1945//534 1946//534 1952//534
f 1844//534 1943//534 1944//534
f 1927//534 1829//534 1828//534
f 1911//534 1807//534 1806//534
f 1897//534 1898//534 1789//534
f 1896//534 1897//534 1787//534
f 1894//534 1895//534 1785//534
f 1884//534 1772//534 1771//534
f 1882//534 1883//534 1771//534
f 1881//534 1882//534 1770//534
f 1880//534 1881//534 1768//534
f 1879//534 1880//534 1767//534
f 1878//534 1879//534 1766//534
f 1876//534 1877//534 1763//534
f 1761//534 1873//534 1874//534
f 1761//534 1870//534 1871//534
f 1954//534 1868//534 1869//534
f 1954//534 1865//534 1867//534
f 1948//534 1949//534 1952//534
f 1944//534 1945//534 1844//534
f 1844//534 1941//534 1942//534
f 1940//534 1844//534 1843//534
f 1939//534 1843//534 1842//534
f 1938//534 1841//534 1840//534
f 1938//534 1842//534 1841//534
f 1934//534 1836//534 1835//534
f 1933//534 1835//534 1834//534
f 1931//534 1833//534 1832//534
f 1930//534 1832//534 1831//534
f 1928//534 1830//534 1829//534
f 1916//534 1814//534 1813//534
f 1914//534 1812//534 1811//534
f 1909//534 1910//534 1805//534
f 1909//534 1804//534 1803//534
f 1802//534 1907//534 1908//534
f 1802//534 1906//534 1907//534
f 1801//534 1800//534 1906//534
f 1800//534 1905//534 1906//534
f 1799//534 1904//534 1905//534
f 1797//534 1903//534 1904//534
f 1898//534 1899//534 1790//534
f 1787//534 1786//534 1896//534
f 1785//534 1784//534 1894//534
f 1893//534 1894//534 1783//534
f 1888//534 1889//534 1777//534
f 1884//534 1885//534 1773//534
f 1771//534 1883//534 1884//534
f 1771//534 1770//534 1882//534
f 1770//534 1769//534 1881//534
f 1877//534 1878//534 1765//534
f 1872//534 1873//534 1761//534
f 1867//534 1868//534 1954//534
f 1952//534 1844//534 1945//534
f 1844//534 1940//534 1941//534
f 1842//534 1938//534 1939//534
f 1936//534 1839//534 1838//534
f 1935//534 1838//534 1837//534
f 1934//534 1837//534 1836//534
f 1931//534 1932//534 1834//534
f 1831//534 1929//534 1930//534
f 1929//534 1831//534 1830//534
f 1828//534 1926//534 1927//534
f 1926//534 1828//534 1827//534
f 1922//534 1823//534 1822//534
f 1921//534 1821//534 1820//534
f 1915//534 1813//534 1812//534
f 1914//534 1811//534 1810//534
f 1911//534 1808//534 1807//534
f 1909//534 1805//534 1804//534
f 1908//534 1803//534 1802//534
f 1905//534 1800//534 1799//534
f 1899//534 1900//534 1792//534
f 1789//534 1788//534 1897//534
f 1895//534 1896//534 1786//534
f 1783//534 1782//534 1893//534
f 1890//534 1891//534 1780//534
f 1889//534 1890//534 1778//534
f 1777//534 1776//534 1888//534
f 1885//534 1886//534 1774//534
f 1768//534 1767//534 1880//534
f 1766//534 1765//534 1878//534
f 1765//534 1764//534 1877//534
f 1762//534 1761//534 1875//534
f 1954//534 1866//534 1865//534
f 1942//534 1943//534 1844//534
f 1840//534 1937//534 1938//534
f 1937//534 1840//534 1839//534
f 1837//534 1934//534 1935//534
f 1834//534 1932//534 1933//534
f 1830//534 1928//534 1929//534
f 1827//534 1925//534 1926//534
f 1925//534 1826//534 1825//534
f 1924//534 1824//534 1823//534
f 1822//534 1921//534 1922//534
f 1921//534 1822//534 1821//534
f 1812//534 1914//534 1915//534
f 1810//534 1913//534 1914//534
f 1913//534 1810//534 1809//534
f 1912//534 1809//534 1808//534
f 1910//534 1911//534 1806//534
f 1802//534 1801//534 1906//534
f 1799//534 1798//534 1904//534
f 1797//534 1796//534 1903//534
f 1902//534 1903//534 1796//534
f 1901//534 1902//534 1795//534
f 1794//534 1793//534 1901//534
f 1900//534 1901//534 1793//534
f 1792//534 1791//534 1899//534
f 1788//534 1787//534 1897//534
f 1784//534 1783//534 1894//534
f 1891//534 1892//534 1782//534
f 1780//534 1779//534 1890//534
f 1886//534 1887//534 1775//534
f 1773//534 1772//534 1884//534
f 1769//534 1768//534 1881//534
f 1764//534 1763//534 1877//534
f 1954//534 1869//534 1870//534
f 1746//534 1955//534 1752//534
f 1843//534 1939//534 1940//534
f 1838//534 1935//534 1936//534
f 1834//534 1833//534 1931//534
f 1829//534 1927//534 1928//534
f 1925//534 1827//534 1826//534
f 1924//534 1825//534 1824//534
f 1820//534 1920//534 1921//534
f 1919//534 1819//534 1818//534
f 1918//534 1818//534 1817//534
f 1918//534 1817//534 1816//534
f 1917//534 1816//534 1815//534
f 1916//534 1815//534 1814//534
f 1911//534 1912//534 1808//534
f 1908//534 1909//534 1803//534
f 1798//534 1797//534 1904//534
f 1795//534 1794//534 1901//534
f 1793//534 1792//534 1900//534
f 1791//534 1790//534 1899//534
f 1786//534 1785//534 1895//534
f 1892//534 1893//534 1782//534
f 1782//534 1781//534 1891//534
f 1778//534 1777//534 1889//534
f 1887//534 1888//534 1776//534
f 1763//534 1762//534 1876//534
f 1752//534 1751//534 1746//534
f 1955//534 1757//534 1756//534
f 1953//534 1863//534 1862//534
f 1839//534 1936//534 1937//534
f 1832//534 1930//534 1931//534
f 1823//534 1922//534 1923//534
f 1920//534 1820//534 1819//534
f 1816//534 1917//534 1918//534
f 1809//534 1912//534 1913//534
f 1790//534 1789//534 1898//534
f 1781//534 1780//534 1891//534
f 1779//534 1778//534 1890//534
f 1775//534 1774//534 1886//534
f 1767//534 1766//534 1879//534
f 1955//534 1758//534 1757//534
f 1862//534 1849//534 1848//534
f 1862//534 1853//534 1852//534
f 1862//534 1854//534 1853//534
f 1857//534 1862//534 1859//534
f 1862//534 1846//534 1953//534
f 1835//534 1933//534 1934//534
f 1823//534 1923//534 1924//534
f 1818//534 1918//534 1919//534
f 1815//534 1916//534 1917//534
f 1774//534 1773//534 1885//534
f 1746//534 1751//534 1750//534
f 1955//534 1753//534 1752//534
f 1955//534 1754//534 1753//534
f 1756//534 1755//534 1955//534
f 1955//534 1761//534 1760//534
f 1862//534 1850//534 1849//534
f 1862//534 1852//534 1851//534
f 1862//534 1855//534 1854//534
f 1862//534 1857//534 1856//534
f 1859//534 1858//534 1857//534
f 1953//534 1845//534 1844//534
f 1846//534 1845//534 1953//534
f 1825//534 1924//534 1925//534
f 1796//534 1795//534 1902//534
f 1776//534 1775//534 1887//534
f 1755//534 1754//534 1955//534
f 1761//534 1955//534 1954//534
f 1862//534 1856//534 1855//534
f 1742//534 1743//534 1955//534
f 1864//534 1863//534 1953//534
f 1819//534 1919//534 1920//534
f 1749//534 1748//534 1746//534
f 1851//534 1850//534 1862//534
f 1955//534 1746//534 1741//534
f 1952//534 1953//534 1844//534
f 1813//534 1915//534 1916//534
f 1750//534 1749//534 1746//534
f 1760//534 1759//534 1955//534
f 1743//534 1956//534 1955//534
f 1744//534 1741//534 1746//534
f 1949//534 1950//534 1952//534
f 1759//534 1758//534 1955//534
f 1848//534 1847//534 1862//534
f 1860//534 1859//534 1862//534
f 1746//534 1745//534 1744//534
f 1748//534 1747//534 1746//534
f 1862//534 1861//534 1860//534
f 1953//534 1951//534 1864//534
f 1955//534 1741//534 1742//534
f 1847//534 1846//534 1862//534
f 1960//535 1963//535 1957//535
f 1957//535 1958//535 1960//535
f 1960//535 1961//535 1963//535
f 1964//535 1963//535 1961//535
f 1960//535 1962//535 1959//535
f 1959//535 1961//535 1960//535
f 1968//2 1965//2 1966//2
f 1966//2 1967//2 1968//2
f 1972//1 1969//1 1970//1
f 1970//1 1971//1 1972//1
f 1976//255 1975//255 1973//255
f 1973//255 1974//255 1976//255
f 1980//534 1979//534 1977//534
f 1977//534 1978//534 1980//534
